,index,NAME,TIME W/ CUTS,CUTS OFF_FIRST ROUND,NODES W/ CUTS,NODES W/O CUTS,PLabel NN,PLabel ET,PLabel RF,Time Label,Minimum Time,Minimum Nodes,PTime RF,PTime NN,PTime ET,PNodes RF,PNodes NN,PNodes ET
0,0,neos-5140963-mincio.mps.gz,16296.812995999997,17910.8458014,5624805.0,5527433.2,1,1,1,1,16296.812995999997,5527433.2,16296.812995999997,16296.812995999997,16296.812995999997,5624805.0,5624805.0,5624805.0
1,1,neos8.mps.gz,16.7803234,72.8905102,1.0,1.0,1,1,1,1,16.7803234,1.0,16.7803234,16.7803234,16.7803234,1.0,1.0,1.0
2,2,neos-4391920-timok.mps.gz,299.3841612,847.0663754000001,1.0,1.0,1,1,1,1,299.3841612,1.0,299.3841612,299.3841612,299.3841612,1.0,1.0,1.0
3,3,30_70_45_095_98.mps.gz,76.55775359999998,40.224768399999995,1.0,1.0,0,1,1,0,40.224768399999995,1.0,76.55775359999998,40.224768399999995,76.55775359999998,1.0,1.0,1.0
4,4,wachplan.mps.gz,1434.6054081999998,1779.1561254,67520.0,98056.0,1,1,1,1,1434.6054081999998,67520.0,1434.6054081999998,1434.6054081999998,1434.6054081999998,67520.0,67520.0,67520.0
5,5,neos-3004026-krka.mps.gz,403.68241539999997,60.1668774,13955.0,5663.0,0,1,1,0,60.1668774,5663.0,403.68241539999997,60.1668774,403.68241539999997,13955.0,5663.0,13955.0
6,6,swath2.mps.gz,61.110012000000005,55.2684358,1926.0,1333.0,0,1,1,0,55.2684358,1333.0,61.110012000000005,55.2684358,61.110012000000005,1926.0,1333.0,1926.0
7,7,CMS750_4.mps.gz,18000.492353999998,15887.4238206,1.0,155687.0,0,1,1,0,15887.4238206,1.0,18000.492353999998,15887.4238206,18000.492353999998,1.0,155687.0,1.0
8,8,neos-3226448-wkra.mps.gz,18000.002084,6639.9670562,188.0,44.0,0,1,0,0,6639.9670562,44.0,6639.9670562,6639.9670562,18000.002084,44.0,44.0,188.0
9,9,aligninq.mps.gz,42.60985,19.9275484,979.0,343.0,0,1,1,0,19.9275484,343.0,42.60985,19.9275484,42.60985,979.0,343.0,979.0
10,10,danoint.mps.gz,6039.8008036,4703.361701399999,1239048.0,1591551.0,0,1,0,0,4703.361701399999,1239048.0,4703.361701399999,4703.361701399999,6039.8008036,1591551.0,1591551.0,1239048.0
11,11,neos6.mps.gz,382.54915739999996,807.97261,3667.0,9640.0,1,1,1,1,382.54915739999996,3667.0,382.54915739999996,382.54915739999996,382.54915739999996,3667.0,3667.0,3667.0
12,12,air04.mps.gz,67.32292199999999,95.7741518,134.0,499.0,1,1,1,1,67.32292199999999,134.0,67.32292199999999,67.32292199999999,67.32292199999999,134.0,134.0,134.0
13,13,map16715-04.mps.gz,1890.8414367999999,1634.9709292000002,1657.0,2000.0,1,1,0,0,1634.9709292000002,1657.0,1634.9709292000002,1890.8414367999999,1890.8414367999999,2000.0,1657.0,1657.0
14,14,neos-633273.mps.gz,0.7283503999999998,0.7563008,1.0,1.0,1,1,1,1,0.7283503999999998,1.0,0.7283503999999998,0.7283503999999998,0.7283503999999998,1.0,1.0,1.0
15,15,acc-tight2.mps.gz,15.5857404,14.378535600000001,7.0,80.0,0,1,0,0,14.378535600000001,7.0,14.378535600000001,14.378535600000001,15.5857404,80.0,80.0,7.0
16,16,pw-myciel4.mps.gz,705.3985839999999,1369.3663069999998,46551.0,128785.0,1,1,1,1,705.3985839999999,46551.0,705.3985839999999,705.3985839999999,705.3985839999999,46551.0,46551.0,46551.0
17,17,prod1.mps.gz,28.2855542,47.74903140000001,23996.0,84130.0,1,1,1,1,28.2855542,23996.0,28.2855542,28.2855542,28.2855542,23996.0,23996.0,23996.0
18,18,neos-3755335-nizao.mps.gz,16.354954000000003,16.8462054,1.0,1.0,1,1,1,1,16.354954000000003,1.0,16.354954000000003,16.354954000000003,16.354954000000003,1.0,1.0,1.0
19,19,neos-807639.mps.gz,18.8961038,8.6638636,2243.0,1797.0,1,1,1,0,8.6638636,1797.0,18.8961038,18.8961038,18.8961038,2243.0,2243.0,2243.0
20,20,mcsched.mps.gz,236.5687694,207.99019779999998,4272.0,20843.0,1,1,1,0,207.99019779999998,4272.0,236.5687694,236.5687694,236.5687694,4272.0,4272.0,4272.0
21,21,drayage-25-23.mps.gz,16.5980348,104.86062240000001,266.0,17749.0,1,1,1,1,16.5980348,266.0,16.5980348,16.5980348,16.5980348,266.0,266.0,266.0
22,22,csched010.mps.gz,2597.4028008,4024.0798906000005,98303.0,1030671.0,1,1,1,1,2597.4028008,98303.0,2597.4028008,2597.4028008,2597.4028008,98303.0,98303.0,98303.0
23,23,chromaticindex512-7.mps.gz,4801.0580138,1108.1014036000001,36950.0,375.0,0,1,0,0,1108.1014036000001,375.0,1108.1014036000001,1108.1014036000001,4801.0580138,375.0,375.0,36950.0
24,24,eilC76-2.mps.gz,2466.7006738,6142.230986199999,7851.0,40399.0,1,1,1,1,2466.7006738,7851.0,2466.7006738,2466.7006738,2466.7006738,7851.0,7851.0,7851.0
25,25,ran12x21.mps.gz,75.6680996,374.68957080000007,2246.0,588324.0,1,1,1,1,75.6680996,2246.0,75.6680996,75.6680996,75.6680996,2246.0,2246.0,2246.0
26,26,shipschedule8shipsmixuci.mps.gz,87.8743046,97.5598272,1822.0,1222.0,1,1,1,1,87.8743046,1222.0,87.8743046,87.8743046,87.8743046,1822.0,1822.0,1822.0
27,27,sorrell3.mps.gz,17136.851638,18015.731236000003,33190.0,813520.8,1,1,1,1,17136.851638,33190.0,17136.851638,17136.851638,17136.851638,33190.0,33190.0,33190.0
28,28,decomp2.mps.gz,82.51137999999999,11.115301800000001,6.0,336.0,0,1,1,0,11.115301800000001,6.0,82.51137999999999,11.115301800000001,82.51137999999999,6.0,336.0,6.0
29,29,supportcase17.mps.gz,22.9367318,10.7275716,264.0,2388.0,1,1,1,0,10.7275716,264.0,22.9367318,22.9367318,22.9367318,264.0,264.0,264.0
30,30,neos-850681.mps.gz,11.967252400000001,18000.820916000004,1.0,880228.4,1,1,1,1,11.967252400000001,1.0,11.967252400000001,11.967252400000001,11.967252400000001,1.0,1.0,1.0
31,31,neos-827015.mps.gz,1043.9401911999998,692.5334836,296.0,151.0,0,1,0,0,692.5334836,151.0,692.5334836,692.5334836,1043.9401911999998,151.0,151.0,296.0
32,32,supportcase40.mps.gz,1214.6557948,1256.4229197999998,8835.0,70894.0,1,1,1,1,1214.6557948,8835.0,1214.6557948,1214.6557948,1214.6557948,8835.0,8835.0,8835.0
33,33,neos-956971.mps.gz,1231.7403266000001,18057.1650726,61.0,7509.8,1,1,1,1,1231.7403266000001,61.0,1231.7403266000001,1231.7403266000001,1231.7403266000001,61.0,61.0,61.0
34,34,umts.mps.gz,1079.8409916,11605.7451444,144227.0,3106370.0,0,1,1,1,1079.8409916,144227.0,1079.8409916,11605.7451444,1079.8409916,144227.0,3106370.0,144227.0
35,35,mspsphard01i.mps.gz,10493.451548000001,3456.3760672000003,323371.0,152457.0,0,1,1,0,3456.3760672000003,152457.0,10493.451548000001,3456.3760672000003,10493.451548000001,323371.0,152457.0,323371.0
36,36,ci-s4.mps.gz,101.8296238,32.1247382,81683.0,36900.0,0,0,0,0,32.1247382,36900.0,32.1247382,32.1247382,32.1247382,36900.0,36900.0,36900.0
37,37,Test3.mps.gz,7.7357428,21.759134,1.0,426.0,0,1,1,1,7.7357428,1.0,7.7357428,21.759134,7.7357428,1.0,426.0,1.0
38,38,neos-4722843-widden.mps.gz,1266.7531482,2230.9398754000003,1048.0,18827.0,1,1,1,1,1266.7531482,1048.0,1266.7531482,1266.7531482,1266.7531482,1048.0,1048.0,1048.0
39,39,n3div36.mps.gz,14963.406998,18020.7328356,306128.0,198119.8,1,1,1,1,14963.406998,198119.8,14963.406998,14963.406998,14963.406998,306128.0,306128.0,306128.0
40,40,map06.mps.gz,922.9703234000001,748.2965506,738.0,756.0,1,1,0,0,748.2965506,738.0,748.2965506,922.9703234000001,922.9703234000001,756.0,738.0,738.0
41,41,neos-4738912-atrato.mps.gz,2764.0768872,67.2240664,278355.0,4714.0,1,0,0,0,67.2240664,4714.0,67.2240664,2764.0768872,67.2240664,4714.0,278355.0,4714.0
42,42,neos-4971100-bodrog.mps.gz,2.8589262000000004,2.8768458000000003,1.0,1.0,0,1,1,1,2.8589262000000004,1.0,2.8589262000000004,2.8768458000000003,2.8589262000000004,1.0,1.0,1.0
43,43,neos-827175.mps.gz,9.162978999999998,9.131001000000001,1.0,1.0,0,1,0,0,9.131001000000001,1.0,9.131001000000001,9.131001000000001,9.162978999999998,1.0,1.0,1.0
44,44,gfd-schedulen55f2d50m30k3i.mps.gz,15849.550538000001,18076.5694624,5998.0,17451.8,1,1,1,1,15849.550538000001,5998.0,15849.550538000001,15849.550538000001,15849.550538000001,5998.0,5998.0,5998.0
45,45,neos-826224.mps.gz,26.7366056,32.979137599999994,1.0,1.0,0,1,1,1,26.7366056,1.0,26.7366056,32.979137599999994,26.7366056,1.0,1.0,1.0
46,46,csched008.mps.gz,914.4706658000001,1132.242039,56979.0,177227.0,1,1,1,1,914.4706658000001,56979.0,914.4706658000001,914.4706658000001,914.4706658000001,56979.0,56979.0,56979.0
47,47,neos-932721.mps.gz,8.2064298,10.788575,1.0,1.0,1,1,1,1,8.2064298,1.0,8.2064298,8.2064298,8.2064298,1.0,1.0,1.0
48,48,railway_8_1_0.mps.gz,191.2536998,182.73100040000003,516.0,7467.0,0,1,1,0,182.73100040000003,516.0,191.2536998,182.73100040000003,191.2536998,516.0,7467.0,516.0
49,49,rmatr100-p5.mps.gz,604.5766104,495.803906,405.0,395.0,0,1,0,0,495.803906,395.0,495.803906,495.803906,604.5766104,395.0,395.0,405.0
50,50,roll3000.mps.gz,71.6744988,18000.637399,2830.0,6158300.8,1,1,1,1,71.6744988,2830.0,71.6744988,71.6744988,71.6744988,2830.0,2830.0,2830.0
51,51,fast0507.mps.gz,254.52336720000002,367.1417536,708.0,1014.0,1,1,1,1,254.52336720000002,708.0,254.52336720000002,254.52336720000002,254.52336720000002,708.0,708.0,708.0
52,52,neos-5075914-elvire.mps.gz,18000.018050000002,2058.7460942,894869.0,231220.0,0,1,1,0,2058.7460942,231220.0,18000.018050000002,2058.7460942,18000.018050000002,894869.0,231220.0,894869.0
53,53,ns1208400.mps.gz,232.81875400000004,107.5382334,567.0,136.0,0,1,1,0,107.5382334,136.0,232.81875400000004,107.5382334,232.81875400000004,567.0,136.0,567.0
54,54,neos-555001.mps.gz,1.7564322,2001.5178371999998,1.0,693016.0,1,1,1,1,1.7564322,1.0,1.7564322,1.7564322,1.7564322,1.0,1.0,1.0
55,55,neos5.mps.gz,1984.8260904000003,595.2314183999999,4441157.0,1533055.0,0,0,0,0,595.2314183999999,1533055.0,595.2314183999999,595.2314183999999,595.2314183999999,1533055.0,1533055.0,1533055.0
56,56,fhnw-binpack4-48.mps.gz,62.761985800000005,66.9985272,24649.0,40138.0,0,1,1,1,62.761985800000005,24649.0,62.761985800000005,66.9985272,62.761985800000005,24649.0,40138.0,24649.0
57,57,neos-5115478-kaveri.mps.gz,18000.004478,12457.988381,3459077.4,2615641.0,0,1,0,0,12457.988381,2615641.0,12457.988381,12457.988381,18000.004478,2615641.0,2615641.0,3459077.4
58,58,neos-4760493-puerua.mps.gz,18000.038254000003,5111.1738602,1.2,15407.0,0,1,0,0,5111.1738602,1.2,5111.1738602,5111.1738602,18000.038254000003,15407.0,15407.0,1.2
59,59,nh97_potential.mps.gz,228.65820779999999,33.9144108,39116.0,32984.0,1,1,1,0,33.9144108,32984.0,228.65820779999999,228.65820779999999,228.65820779999999,39116.0,39116.0,39116.0
60,60,supportcase21i.mps.gz,94.7674504,15.872799200000003,2539.0,2633.0,0,0,0,0,15.872799200000003,2539.0,15.872799200000003,15.872799200000003,15.872799200000003,2633.0,2633.0,2633.0
61,61,neos-3699377-maori.mps.gz,723.5093305999999,354.307857,22984.0,14774.0,0,1,0,0,354.307857,14774.0,354.307857,354.307857,723.5093305999999,14774.0,14774.0,22984.0
62,62,dano3_3.mps.gz,113.670987,160.5244908,16.0,20.0,1,1,1,1,113.670987,16.0,113.670987,113.670987,113.670987,16.0,16.0,16.0
63,63,neos-555343.mps.gz,18000.012024000003,7573.911750999998,515209.2,1209040.0,1,1,1,0,7573.911750999998,515209.2,18000.012024000003,18000.012024000003,18000.012024000003,515209.2,515209.2,515209.2
64,64,s55.mps.gz,26.9296534,26.761979399999994,1.0,1.0,1,1,0,0,26.761979399999994,1.0,26.761979399999994,26.9296534,26.9296534,1.0,1.0,1.0
65,65,mas74.mps.gz,2466.4945708,1305.3372261999998,7103212.0,5967997.0,0,0,0,0,1305.3372261999998,5967997.0,1305.3372261999998,1305.3372261999998,1305.3372261999998,5967997.0,5967997.0,5967997.0
66,66,gen-ip002.mps.gz,1482.1814974,1182.1685315999998,5859548.0,5112787.0,0,0,0,0,1182.1685315999998,5112787.0,1182.1685315999998,1182.1685315999998,1182.1685315999998,5112787.0,5112787.0,5112787.0
67,67,p200x1188c.mps.gz,4.148588999999999,2955.7398736,1.0,1044095.0,1,1,1,1,4.148588999999999,1.0,4.148588999999999,4.148588999999999,4.148588999999999,1.0,1.0,1.0
68,68,neos-4984115-canche.mps.gz,25.1498052,44.0817196,1.0,1.0,1,1,1,1,25.1498052,1.0,25.1498052,25.1498052,25.1498052,1.0,1.0,1.0
69,69,piperout-03.mps.gz,21.2119048,57.6274494,402.0,2130.0,1,1,1,1,21.2119048,402.0,21.2119048,21.2119048,21.2119048,402.0,402.0,402.0
70,70,aflow30a.mps.gz,29.557138999999996,45.8218434,1923.0,42445.0,1,1,1,1,29.557138999999996,1923.0,29.557138999999996,29.557138999999996,29.557138999999996,1923.0,1923.0,1923.0
71,71,mik-250-20-75-4.mps.gz,39.9440292,346.513175,7906.0,1372077.0,1,1,1,1,39.9440292,7906.0,39.9440292,39.9440292,39.9440292,7906.0,7906.0,7906.0
72,72,neos-3610051-istra.mps.gz,1.8706398,10.4847018,192.0,5098.0,1,1,1,1,1.8706398,192.0,1.8706398,1.8706398,1.8706398,192.0,192.0,192.0
73,73,neos-5100895-inster.mps.gz,2499.5548956000002,1761.0287036000002,10140.0,58065.0,0,1,1,0,1761.0287036000002,10140.0,2499.5548956000002,1761.0287036000002,2499.5548956000002,10140.0,58065.0,10140.0
74,74,australia-abs-cta.mps.gz,330.550416,1553.7949222,1849.0,95605.0,1,1,1,1,330.550416,1849.0,330.550416,330.550416,330.550416,1849.0,1849.0,1849.0
75,75,gus-sch.mps.gz,5.988762400000001,12.194546800000001,136.0,2150.0,1,1,1,1,5.988762400000001,136.0,5.988762400000001,5.988762400000001,5.988762400000001,136.0,136.0,136.0
76,76,neos-1330346.mps.gz,5602.5208216,3548.7359578000005,363848.0,292491.0,0,1,1,0,3548.7359578000005,292491.0,5602.5208216,3548.7359578000005,5602.5208216,363848.0,292491.0,363848.0
77,77,gen-ip036.mps.gz,662.2517475999999,603.1600382,2144143.0,2023646.0,0,0,0,0,603.1600382,2023646.0,603.1600382,603.1600382,603.1600382,2023646.0,2023646.0,2023646.0
78,78,neos-3592146-hawea.mps.gz,18000.018858,3612.4616951999997,849258.2,378205.0,0,0,0,0,3612.4616951999997,378205.0,3612.4616951999997,3612.4616951999997,3612.4616951999997,378205.0,378205.0,378205.0
79,79,seymour.mps.gz,17978.000971999998,18001.236322200002,453967.8,848507.8,0,1,1,1,17978.000971999998,453967.8,17978.000971999998,18001.236322200002,17978.000971999998,453967.8,848507.8,453967.8
80,80,neos-1445765.mps.gz,47.4345008,44.3645636,263.0,612.0,1,1,1,0,44.3645636,263.0,47.4345008,47.4345008,47.4345008,263.0,263.0,263.0
81,81,hypothyroid-k1.mps.gz,14.262865600000001,23.912434,1.0,1.0,0,1,1,1,14.262865600000001,1.0,14.262865600000001,23.912434,14.262865600000001,1.0,1.0,1.0
82,82,neos-1171448.mps.gz,6.012442,32.7535108,1.0,8.0,1,1,1,1,6.012442,1.0,6.012442,6.012442,6.012442,1.0,1.0,1.0
83,83,piperout-d27.mps.gz,82.9857524,67.3652664,902.0,152.0,0,1,1,0,67.3652664,152.0,82.9857524,67.3652664,82.9857524,902.0,152.0,902.0
84,84,iis-hc-cov.mps.gz,2461.912088,1760.5956242000004,69969.0,76535.0,0,1,0,0,1760.5956242000004,69969.0,1760.5956242000004,1760.5956242000004,2461.912088,76535.0,76535.0,69969.0
85,85,neos-3581454-haast.mps.gz,517.4409788,5506.752321,11475.0,202155.0,0,1,1,1,517.4409788,11475.0,517.4409788,5506.752321,517.4409788,11475.0,202155.0,11475.0
86,86,graphdraw-gemcutter.mps.gz,68.650244,216.1586348,175780.0,885799.0,1,1,1,1,68.650244,175780.0,68.650244,68.650244,68.650244,175780.0,175780.0,175780.0
87,87,neos-503737.mps.gz,302.1724520000001,188.75970139999998,2729.0,5196.0,1,1,1,0,188.75970139999998,2729.0,302.1724520000001,302.1724520000001,302.1724520000001,2729.0,2729.0,2729.0
88,88,map18.mps.gz,308.4507002,358.9330178,306.0,799.0,1,1,1,1,308.4507002,306.0,308.4507002,308.4507002,308.4507002,306.0,306.0,306.0
89,89,neos-935769.mps.gz,18000.015492,12737.916449599998,1442.6,552.0,1,1,1,0,12737.916449599998,552.0,18000.015492,18000.015492,18000.015492,1442.6,1442.6,1442.6
90,90,lectsched-1.mps.gz,655.0781196,206.460354,5518.0,1410.0,0,1,0,0,206.460354,1410.0,206.460354,206.460354,655.0781196,1410.0,1410.0,5518.0
91,91,qnet1.mps.gz,2.6027611999999998,2.4524672,3.0,102.0,1,1,1,0,2.4524672,3.0,2.6027611999999998,2.6027611999999998,2.6027611999999998,3.0,3.0,3.0
92,92,qiu.mps.gz,68.29324,42.959413600000005,10652.0,9207.0,1,1,1,0,42.959413600000005,9207.0,68.29324,68.29324,68.29324,10652.0,10652.0,10652.0
93,93,neos-957143.mps.gz,859.6462137999999,1071.9072638000002,48.0,70.0,1,1,1,1,859.6462137999999,48.0,859.6462137999999,859.6462137999999,859.6462137999999,48.0,48.0,48.0
94,94,map10.mps.gz,656.117494,749.9886572,732.0,2333.0,1,1,1,1,656.117494,732.0,656.117494,656.117494,656.117494,732.0,732.0,732.0
95,95,bc1.mps.gz,144.3613042,520.3905532000001,1691.0,17530.0,1,1,1,1,144.3613042,1691.0,144.3613042,144.3613042,144.3613042,1691.0,1691.0,1691.0
96,96,supportcase37.mps.gz,161.70820880000002,260.273785,23.0,1140.0,1,1,1,1,161.70820880000002,23.0,161.70820880000002,161.70820880000002,161.70820880000002,23.0,23.0,23.0
97,97,n2seq36f.mps.gz,18.5768498,14.9265304,1580.0,3982.0,1,1,1,0,14.9265304,1580.0,18.5768498,18.5768498,18.5768498,1580.0,1580.0,1580.0
98,98,beasleyC1.mps.gz,5.589071,10.5704296,1.0,1752.0,0,1,1,1,5.589071,1.0,5.589071,10.5704296,5.589071,1.0,1752.0,1.0
99,99,tbfp-network.mps.gz,745.6603434000001,1299.4035988,34.0,419.0,1,1,1,1,745.6603434000001,34.0,745.6603434000001,745.6603434000001,745.6603434000001,34.0,34.0,34.0
100,100,gasprod1-2.mps.gz,61.304367400000004,348.40641020000004,612.0,34724.0,1,1,1,1,61.304367400000004,612.0,61.304367400000004,61.304367400000004,61.304367400000004,612.0,612.0,612.0
101,101,f2gap201600.mps.gz,0.588332,817.9110674000001,1.0,621511.0,1,1,1,1,0.588332,1.0,0.588332,0.588332,0.588332,1.0,1.0,1.0
102,102,core2536-691.mps.gz,336.477674,1062.7563298,893.0,1199.0,0,1,1,1,336.477674,893.0,336.477674,1062.7563298,336.477674,893.0,1199.0,893.0
103,103,neos-1122047.mps.gz,12.740823800000001,12.588596200000001,1.0,1.0,0,1,0,0,12.588596200000001,1.0,12.588596200000001,12.588596200000001,12.740823800000001,1.0,1.0,1.0
104,104,neos-1367061.mps.gz,54.63412679999999,158.23956160000003,1.0,1.0,1,1,1,1,54.63412679999999,1.0,54.63412679999999,54.63412679999999,54.63412679999999,1.0,1.0,1.0
105,105,neos-5195221-niemur.mps.gz,1871.3841361999998,2325.3588024,44657.0,117919.0,1,1,1,1,1871.3841361999998,44657.0,1871.3841361999998,1871.3841361999998,1871.3841361999998,44657.0,44657.0,44657.0
106,106,swath1.mps.gz,21.5661812,73.81194239999999,370.0,2697.0,1,1,1,1,21.5661812,370.0,21.5661812,21.5661812,21.5661812,370.0,370.0,370.0
107,107,toll-like.mps.gz,16718.294914,18000.4081046,360893.0,3529829.2,0,1,1,1,16718.294914,360893.0,16718.294914,18000.4081046,16718.294914,360893.0,3529829.2,360893.0
108,108,qnet1_o.mps.gz,2.321989,1.407797,1.0,237.0,1,1,1,0,1.407797,1.0,2.321989,2.321989,2.321989,1.0,1.0,1.0
109,109,neos-4805882-barwon.mps.gz,507.1547892,740.4000188,14721.0,36738.0,1,1,1,1,507.1547892,14721.0,507.1547892,507.1547892,507.1547892,14721.0,14721.0,14721.0
110,110,glass4.mps.gz,779.9078751999999,984.2574695999999,652204.0,2576934.0,1,1,1,1,779.9078751999999,652204.0,779.9078751999999,779.9078751999999,779.9078751999999,652204.0,652204.0,652204.0
111,111,ns2071214.mps.gz,2777.2518310000005,1531.1837194,209906.0,171030.0,0,1,0,0,1531.1837194,171030.0,1531.1837194,1531.1837194,2777.2518310000005,171030.0,171030.0,209906.0
112,112,bppc4-08.mps.gz,16293.387203999999,14502.4933432,1283811.0,3490784.0,1,1,0,0,14502.4933432,1283811.0,14502.4933432,16293.387203999999,16293.387203999999,3490784.0,1283811.0,1283811.0
113,113,p500x2988d.mps.gz,2.9572903999999993,218.62180559999996,1.0,17714.0,1,1,1,1,2.9572903999999993,1.0,2.9572903999999993,2.9572903999999993,2.9572903999999993,1.0,1.0,1.0
114,114,neos-3660371-kurow.mps.gz,452.3229868,351.7932532000001,95347.0,67129.0,1,1,1,0,351.7932532000001,67129.0,452.3229868,452.3229868,452.3229868,95347.0,95347.0,95347.0
115,115,neos-5129192-manaia.mps.gz,84.2043392,88.20768400000001,1.0,1.0,1,1,1,1,84.2043392,1.0,84.2043392,84.2043392,84.2043392,1.0,1.0,1.0
116,116,drayage-100-12.mps.gz,36.2607592,1346.6613282,1373.0,217992.0,1,1,1,1,36.2607592,1373.0,36.2607592,36.2607592,36.2607592,1373.0,1373.0,1373.0
117,117,mappingmesh3x3mpeg2i.mps.gz,193.5809948,234.9275018,3368.0,1045.0,0,1,1,1,193.5809948,1045.0,193.5809948,234.9275018,193.5809948,3368.0,1045.0,3368.0
118,118,supportcase43.mps.gz,22.4406422,21.794142,1.0,1.0,1,1,0,0,21.794142,1.0,21.794142,22.4406422,22.4406422,1.0,1.0,1.0
119,119,neos-4724674-aorere.mps.gz,953.2490216,1153.004652,3221.0,6920.0,1,1,1,1,953.2490216,3221.0,953.2490216,953.2490216,953.2490216,3221.0,3221.0,3221.0
120,120,neos-4966258-blicks.mps.gz,5389.981384000001,2243.7357784000005,2560.0,2888.0,0,1,1,0,2243.7357784000005,2560.0,5389.981384000001,2243.7357784000005,5389.981384000001,2560.0,2888.0,2560.0
121,121,atlanta-ip.mps.gz,15300.894714,17989.413269599998,55649.0,126363.8,1,1,1,1,15300.894714,55649.0,15300.894714,15300.894714,15300.894714,55649.0,55649.0,55649.0
122,122,neos-1516309.mps.gz,0.5649013999999999,0.9321170000000001,1.0,5.0,0,1,1,1,0.5649013999999999,1.0,0.5649013999999999,0.9321170000000001,0.5649013999999999,1.0,5.0,1.0
123,123,neos4.mps.gz,1.0703592,1.0680724000000001,1.0,1.0,1,1,0,0,1.0680724000000001,1.0,1.0680724000000001,1.0703592,1.0703592,1.0,1.0,1.0
124,124,ns2034125.mps.gz,11615.20821,16754.099043399998,12420.0,175089.0,1,1,1,1,11615.20821,12420.0,11615.20821,11615.20821,11615.20821,12420.0,12420.0,12420.0
125,125,cbs-cta.mps.gz,34.438032199999995,54.026487800000005,1.0,58.0,1,1,1,1,34.438032199999995,1.0,34.438032199999995,34.438032199999995,34.438032199999995,1.0,1.0,1.0
126,126,piperout-27.mps.gz,32.4456376,67.63731700000001,102.0,758.0,1,1,1,1,32.4456376,102.0,32.4456376,32.4456376,32.4456376,102.0,102.0,102.0
127,127,rococoC10-001000.mps.gz,1160.157203,2195.3033578000004,50312.0,571173.0,1,1,1,1,1160.157203,50312.0,1160.157203,1160.157203,1160.157203,50312.0,50312.0,50312.0
128,128,timtab1CUTS.mps.gz,167.29317300000002,113.16513,45864.0,147008.0,1,1,1,0,113.16513,45864.0,167.29317300000002,167.29317300000002,167.29317300000002,45864.0,45864.0,45864.0
129,129,app3.mps.gz,5.1533608,1.7686632,3.0,98.0,0,1,0,0,1.7686632,3.0,1.7686632,1.7686632,5.1533608,98.0,98.0,3.0
130,130,23588.mps.gz,5.5273702,2.540436,576.0,981.0,0,1,1,0,2.540436,576.0,5.5273702,2.540436,5.5273702,576.0,981.0,576.0
131,131,neos-5079731-flyers.mps.gz,2115.353479600001,18014.435973800002,7457.0,258721.2,0,1,1,1,2115.353479600001,7457.0,2115.353479600001,18014.435973800002,2115.353479600001,7457.0,258721.2,7457.0
132,132,msc98-ip.mps.gz,13513.64007,18011.5586712,27544.0,3483.0,1,1,1,1,13513.64007,3483.0,13513.64007,13513.64007,13513.64007,27544.0,27544.0,27544.0
133,133,neos-4976951-bunnoo.mps.gz,17813.652290000005,19472.8583536,92.8,71.2,1,1,1,1,17813.652290000005,71.2,17813.652290000005,17813.652290000005,17813.652290000005,92.8,92.8,92.8
134,134,supportcase33.mps.gz,385.3984704,322.5658198,4878.0,17526.0,0,1,1,0,322.5658198,4878.0,385.3984704,322.5658198,385.3984704,4878.0,17526.0,4878.0
135,135,neos-914441.mps.gz,12.7548694,16.128371999999995,1.0,1.0,1,1,1,1,12.7548694,1.0,12.7548694,12.7548694,12.7548694,1.0,1.0,1.0
136,136,mario-t-hard5i.mps.gz,58.7126876,917.2062534,1.0,614.0,1,1,1,1,58.7126876,1.0,58.7126876,58.7126876,58.7126876,1.0,1.0,1.0
137,137,neos-3636886-kereu.mps.gz,583.6971166,18015.477644000002,14209.0,722590.8,1,1,1,1,583.6971166,14209.0,583.6971166,583.6971166,583.6971166,14209.0,14209.0,14209.0
138,138,gen-ip054.mps.gz,1274.0568372,982.7040056,5682228.0,4609954.0,1,0,0,0,982.7040056,4609954.0,982.7040056,1274.0568372,982.7040056,4609954.0,5682228.0,4609954.0
139,139,neos-5093327-huahum.mps.gz,5543.2890742,15782.258390600002,33313.0,582167.0,0,1,1,1,5543.2890742,33313.0,5543.2890742,15782.258390600002,5543.2890742,33313.0,582167.0,33313.0
140,140,neos-933966.mps.gz,6150.7958074,1373.5207658,734.0,87.0,0,1,1,0,1373.5207658,87.0,6150.7958074,1373.5207658,6150.7958074,734.0,87.0,734.0
141,141,neos-953928.mps.gz,610.7902168,18051.6903964,114.0,5162.6,1,1,1,1,610.7902168,114.0,610.7902168,610.7902168,610.7902168,114.0,114.0,114.0
142,142,neos-3665875-lesum.mps.gz,11028.592358,18000.6297812,339994.0,1440576.2,0,1,1,1,11028.592358,339994.0,11028.592358,18000.6297812,11028.592358,339994.0,1440576.2,339994.0
143,143,nu120-pr12.mps.gz,3.102721,7.5362814,49.0,1073.0,1,1,1,1,3.102721,49.0,3.102721,3.102721,3.102721,49.0,49.0,49.0
144,144,neos-3024952-loue.mps.gz,4260.9255554,18001.8046644,91480.0,2925120.8,1,1,1,1,4260.9255554,91480.0,4260.9255554,4260.9255554,4260.9255554,91480.0,91480.0,91480.0
145,145,neos-3661949-lesse.mps.gz,0.1758312,0.1760872,1.0,1.0,1,1,1,1,0.1758312,1.0,0.1758312,0.1758312,0.1758312,1.0,1.0,1.0
146,146,beavma.mps.gz,1.3358472000000001,7.724781,1.0,5697.0,1,1,1,1,1.3358472000000001,1.0,1.3358472000000001,1.3358472000000001,1.3358472000000001,1.0,1.0,1.0
147,147,neos-4413714-turia.mps.gz,416.01690440000004,671.3258172000001,63.0,890.0,1,1,1,1,416.01690440000004,63.0,416.01690440000004,416.01690440000004,416.01690440000004,63.0,63.0,63.0
148,148,neos-3572885-glina.mps.gz,28.743449599999998,28.656882200000002,1.0,1.0,0,1,0,0,28.656882200000002,1.0,28.656882200000002,28.656882200000002,28.743449599999998,1.0,1.0,1.0
149,149,neos-4754521-awarau.mps.gz,122.2024702,102.93162299999999,1.0,1.0,1,1,0,0,102.93162299999999,1.0,102.93162299999999,122.2024702,122.2024702,1.0,1.0,1.0
150,150,neos-829552.mps.gz,529.0160063999999,351.1642186000001,213.0,123.0,0,1,0,0,351.1642186000001,123.0,351.1642186000001,351.1642186000001,529.0160063999999,123.0,123.0,213.0
151,151,neos-3611447-jijia.mps.gz,1.1303822000000001,7.410853,143.0,9767.0,1,1,1,1,1.1303822000000001,143.0,1.1303822000000001,1.1303822000000001,1.1303822000000001,143.0,143.0,143.0
152,152,dano3_5.mps.gz,429.3067306,375.4870648,229.0,138.0,1,1,1,0,375.4870648,138.0,429.3067306,429.3067306,429.3067306,229.0,229.0,229.0
153,153,app1-2.mps.gz,1089.4512156,355.9930326,40804.0,11191.0,0,1,0,0,355.9930326,11191.0,355.9930326,355.9930326,1089.4512156,11191.0,11191.0,40804.0
154,154,seymour1.mps.gz,80.38961439999999,177.597931,972.0,2878.0,1,1,1,1,80.38961439999999,972.0,80.38961439999999,80.38961439999999,80.38961439999999,972.0,972.0,972.0
155,155,neos-3696678-lyvia.mps.gz,0.1850156,0.1811794,1.0,1.0,1,1,0,0,0.1811794,1.0,0.1811794,0.1850156,0.1850156,1.0,1.0,1.0
156,156,bmocbd2.mps.gz,43.93352539999999,42.527814,1.0,1.0,0,0,0,0,42.527814,1.0,42.527814,42.527814,42.527814,1.0,1.0,1.0
157,157,icir97_tension.mps.gz,3779.6746648,15415.049223400001,1112767.0,12716437.0,1,1,1,1,3779.6746648,1112767.0,3779.6746648,3779.6746648,3779.6746648,1112767.0,1112767.0,1112767.0
158,158,neos-4260495-otere.mps.gz,1061.9540464000002,212.57003400000002,155.0,86.0,0,1,1,0,212.57003400000002,86.0,1061.9540464000002,212.57003400000002,1061.9540464000002,155.0,86.0,155.0
159,159,lectsched-4-obj.mps.gz,5.9749798,19.3594234,5.0,1395.0,1,1,1,1,5.9749798,5.0,5.9749798,5.9749798,5.9749798,5.0,5.0,5.0
160,160,fiball.mps.gz,1015.0612097999998,253.15857840000004,3495.0,5442.0,0,1,1,0,253.15857840000004,3495.0,1015.0612097999998,253.15857840000004,1015.0612097999998,3495.0,5442.0,3495.0
161,161,graphdraw-domain.mps.gz,1545.6676489999998,15826.402284200001,2008061.0,24553839.0,1,1,1,1,1545.6676489999998,2008061.0,1545.6676489999998,1545.6676489999998,1545.6676489999998,2008061.0,2008061.0,2008061.0
162,162,neos-1061020.mps.gz,587.135897,238.54174600000002,1442.0,480.0,1,1,0,0,238.54174600000002,480.0,238.54174600000002,587.135897,587.135897,480.0,1442.0,1442.0
163,163,neos-950242.mps.gz,242.80962979999998,52.0575604,100.0,46.0,1,1,1,0,52.0575604,46.0,242.80962979999998,242.80962979999998,242.80962979999998,100.0,100.0,100.0
164,164,supportcase34.mps.gz,1013.883826,12292.313635999999,5869.0,96735.0,0,1,1,1,1013.883826,5869.0,1013.883826,12292.313635999999,1013.883826,5869.0,96735.0,5869.0
165,165,neos-933638.mps.gz,14587.569504,1330.7157556,983.0,64.0,0,1,1,0,1330.7157556,64.0,14587.569504,1330.7157556,14587.569504,983.0,64.0,983.0
166,166,blend2.mps.gz,2.3689878,1.2592257999999998,854.0,1041.0,1,1,1,0,1.2592257999999998,854.0,2.3689878,2.3689878,2.3689878,854.0,854.0,854.0
167,167,aflow40b.mps.gz,817.3055668000001,11032.9889074,34552.0,5221215.0,1,1,1,1,817.3055668000001,34552.0,817.3055668000001,817.3055668000001,817.3055668000001,34552.0,34552.0,34552.0
168,168,neos17.mps.gz,7.8058304,12.6398094,2965.0,6293.0,1,1,1,1,7.8058304,2965.0,7.8058304,7.8058304,7.8058304,2965.0,2965.0,2965.0
169,169,eil33-2.mps.gz,83.3946848,73.1067942,777.0,565.0,0,0,0,0,73.1067942,565.0,73.1067942,73.1067942,73.1067942,565.0,565.0,565.0
170,170,neos-578379.mps.gz,534.4017044,1644.7542254,2269.0,7086.0,1,1,1,1,534.4017044,2269.0,534.4017044,534.4017044,534.4017044,2269.0,2269.0,2269.0
171,171,neos-799711.mps.gz,5958.7626928,4226.4242392,622.0,179.0,0,1,0,0,4226.4242392,179.0,4226.4242392,4226.4242392,5958.7626928,179.0,179.0,622.0
172,172,ab72-40-100.mps.gz,604.7663736000001,614.0146391999999,152.0,152.0,1,1,1,1,604.7663736000001,152.0,604.7663736000001,604.7663736000001,604.7663736000001,152.0,152.0,152.0
173,173,piperout-08.mps.gz,29.729939,59.66192040000001,135.0,1377.0,1,1,1,1,29.729939,135.0,29.729939,29.729939,29.729939,135.0,135.0,135.0
174,174,triptim1.mps.gz,2446.3826584,917.1749914,78.0,11.0,0,1,1,0,917.1749914,11.0,2446.3826584,917.1749914,2446.3826584,78.0,11.0,78.0
175,175,neos-4359986-taipa.mps.gz,18000.006355999998,3460.9899352,1.0,544.0,0,1,1,0,3460.9899352,1.0,18000.006355999998,3460.9899352,18000.006355999998,1.0,544.0,1.0
176,176,n13-3.mps.gz,7.424550600000001,104.0793174,185.0,24332.0,1,1,1,1,7.424550600000001,185.0,7.424550600000001,7.424550600000001,7.424550600000001,185.0,185.0,185.0
177,177,enlight8.mps.gz,0.0083472,0.0123294,1.0,1.0,1,1,1,1,0.0083472,1.0,0.0083472,0.0083472,0.0083472,1.0,1.0,1.0
178,178,unitcal_7.mps.gz,940.7999258,10628.6869224,705.0,196989.0,1,1,1,1,940.7999258,705.0,940.7999258,940.7999258,940.7999258,705.0,705.0,705.0
179,179,supportcase27i.mps.gz,36.7637754,37.1439258,3221.0,5720.0,1,1,1,1,36.7637754,3221.0,36.7637754,36.7637754,36.7637754,3221.0,3221.0,3221.0
180,180,graph20-20-1rand.mps.gz,14.9157914,7.104125000000001,629.0,1111.0,0,1,1,0,7.104125000000001,629.0,14.9157914,7.104125000000001,14.9157914,629.0,1111.0,629.0
181,181,mine-90-10.mps.gz,380.2144736000001,114.38697959999999,27540.0,31964.0,0,1,0,0,114.38697959999999,27540.0,114.38697959999999,114.38697959999999,380.2144736000001,31964.0,31964.0,27540.0
182,182,mkc1.mps.gz,3654.860618,18000.3601638,701606.0,7052650.8,1,1,1,1,3654.860618,701606.0,3654.860618,3654.860618,3654.860618,701606.0,701606.0,701606.0
183,183,acc-tight5.mps.gz,277.7351116,72.398134,733.0,713.0,1,1,1,0,72.398134,713.0,277.7351116,277.7351116,277.7351116,733.0,733.0,733.0
184,184,rmatr100-p10.mps.gz,222.17047200000002,189.28590960000002,739.0,797.0,0,1,0,0,189.28590960000002,739.0,189.28590960000002,189.28590960000002,222.17047200000002,797.0,797.0,739.0
185,185,gr4x6.mps.gz,0.0120334,0.037746999999999996,1.0,24.0,1,1,1,1,0.0120334,1.0,0.0120334,0.0120334,0.0120334,1.0,1.0,1.0
186,186,neos-954925.mps.gz,14493.477158000003,18106.564546200003,2258.0,1384.4,1,1,1,1,14493.477158000003,1384.4,14493.477158000003,14493.477158000003,14493.477158000003,2258.0,2258.0,2258.0
187,187,markshare_4_0.mps.gz,195.5425088,173.07144420000003,2188801.0,2130216.0,0,0,0,0,173.07144420000003,2130216.0,173.07144420000003,173.07144420000003,173.07144420000003,2130216.0,2130216.0,2130216.0
188,188,neos-480878.mps.gz,19.7946826,10.753511800000002,1347.0,4246.0,0,1,1,0,10.753511800000002,1347.0,19.7946826,10.753511800000002,19.7946826,1347.0,4246.0,1347.0
189,189,neos-5193246-nerang.mps.gz,1171.8131899999998,1544.7466746,7082.0,17117.0,1,1,1,1,1171.8131899999998,7082.0,1171.8131899999998,1171.8131899999998,1171.8131899999998,7082.0,7082.0,7082.0
190,190,neos18.mps.gz,16.1190822,32.542113,1144.0,6376.0,1,1,1,1,16.1190822,1144.0,16.1190822,16.1190822,16.1190822,1144.0,1144.0,1144.0
191,191,p500x2988c.mps.gz,2.8025618000000003,1.2363652,1.0,27.0,1,1,1,0,1.2363652,1.0,2.8025618000000003,2.8025618000000003,2.8025618000000003,1.0,1.0,1.0
192,192,neos-5083528-gimone.mps.gz,41.0202774,66.00652219999999,4.0,21.0,1,1,1,1,41.0202774,4.0,41.0202774,41.0202774,41.0202774,4.0,4.0,4.0
193,193,nu120-pr9.mps.gz,17063.06433,18001.280843599998,315913.0,1402573.8,1,1,1,1,17063.06433,315913.0,17063.06433,17063.06433,17063.06433,315913.0,315913.0,315913.0
194,194,air03.mps.gz,2.5151131999999996,3.1831533999999997,1.0,1.0,1,1,1,1,2.5151131999999996,1.0,2.5151131999999996,2.5151131999999996,2.5151131999999996,1.0,1.0,1.0
195,195,neos-585192.mps.gz,25.876691800000003,15.5272614,621.0,599.0,0,1,0,0,15.5272614,599.0,15.5272614,15.5272614,25.876691800000003,599.0,599.0,621.0
196,196,neos-4333596-skien.mps.gz,132.1096942,484.35698679999996,91755.0,472118.0,1,1,1,1,132.1096942,91755.0,132.1096942,132.1096942,132.1096942,91755.0,91755.0,91755.0
197,197,nsa.mps.gz,2.3615494000000004,3.5290524,219.0,230.0,1,1,1,1,2.3615494000000004,219.0,2.3615494000000004,2.3615494000000004,2.3615494000000004,219.0,219.0,219.0
198,198,30_70_45_05_100.mps.gz,282.653795,258.6474692,46.0,201.0,1,1,1,0,258.6474692,46.0,282.653795,282.653795,282.653795,46.0,46.0,46.0
199,199,neos-941313.mps.gz,2074.7791808,18286.2452624,7.0,631.6,1,1,1,1,2074.7791808,7.0,2074.7791808,2074.7791808,2074.7791808,7.0,7.0,7.0
200,200,l2p12.mps.gz,91.19140780000001,745.561118,650.0,99012.0,1,1,1,1,91.19140780000001,650.0,91.19140780000001,91.19140780000001,91.19140780000001,650.0,650.0,650.0
201,201,neos-824661.mps.gz,1373.5413261999997,354.95032380000004,36.0,8.0,0,1,1,0,354.95032380000004,8.0,1373.5413261999997,354.95032380000004,1373.5413261999997,36.0,8.0,36.0
202,202,neos-848589.mps.gz,15642.312333999998,18085.907951399997,989.0,11516.6,1,1,1,1,15642.312333999998,989.0,15642.312333999998,15642.312333999998,15642.312333999998,989.0,989.0,989.0
203,203,drayage-25-32.mps.gz,303.6984012000001,1008.8890668,11988.0,136931.0,1,1,1,1,303.6984012000001,11988.0,303.6984012000001,303.6984012000001,303.6984012000001,11988.0,11988.0,11988.0
204,204,neos-1601936.mps.gz,11527.267045999999,14964.550486799999,14529.0,1.0,1,1,1,1,11527.267045999999,1.0,11527.267045999999,11527.267045999999,11527.267045999999,14529.0,14529.0,14529.0
205,205,uct-subprob.mps.gz,3212.4141156,18000.3704344,75300.0,2159025.8,1,1,1,1,3212.4141156,75300.0,3212.4141156,3212.4141156,3212.4141156,75300.0,75300.0,75300.0
206,206,supportcase4.mps.gz,3.8060838000000006,113.72958560000002,1.0,160.0,1,1,1,1,3.8060838000000006,1.0,3.8060838000000006,3.8060838000000006,3.8060838000000006,1.0,1.0,1.0
207,207,neos-787933.mps.gz,2.9341156,2.8857912,1.0,1.0,0,1,0,0,2.8857912,1.0,2.8857912,2.8857912,2.9341156,1.0,1.0,1.0
208,208,rocI-4-11.mps.gz,133.4769376,73.905205,14096.0,23652.0,0,1,1,0,73.905205,14096.0,133.4769376,73.905205,133.4769376,14096.0,23652.0,14096.0
209,209,neos-1582420.mps.gz,46.9103396,159.45813579999998,6.0,18818.0,1,1,1,1,46.9103396,6.0,46.9103396,46.9103396,46.9103396,6.0,6.0,6.0
210,210,rpp22falsei.mps.gz,132.0929596,106.5568814,1111.0,254.0,0,1,0,0,106.5568814,254.0,106.5568814,106.5568814,132.0929596,254.0,254.0,1111.0
211,211,eilA101-2.mps.gz,12999.970379999999,18086.1362616,35255.0,29911.4,1,1,1,1,12999.970379999999,29911.4,12999.970379999999,12999.970379999999,12999.970379999999,35255.0,35255.0,35255.0
212,212,neos-5188808-nattai.mps.gz,1334.3900994,1087.2395942,11023.0,11213.0,0,1,1,0,1087.2395942,11023.0,1334.3900994,1087.2395942,1334.3900994,11023.0,11213.0,11023.0
213,213,ab69-40-100.mps.gz,376.76605600000005,422.5175934,89.0,109.0,1,1,1,1,376.76605600000005,89.0,376.76605600000005,376.76605600000005,376.76605600000005,89.0,89.0,89.0
214,214,noswot.mps.gz,16.768346,55.211269200000004,54539.0,325750.0,1,1,1,1,16.768346,54539.0,16.768346,16.768346,16.768346,54539.0,54539.0,54539.0
215,215,f2gap401600.mps.gz,0.45783679999999993,373.2417406,1.0,198577.0,1,1,1,1,0.45783679999999993,1.0,0.45783679999999993,0.45783679999999993,0.45783679999999993,1.0,1.0,1.0
216,216,neos-555884.mps.gz,142.275584,18000.984385,6120.0,3826958.2,1,1,1,1,142.275584,6120.0,142.275584,142.275584,142.275584,6120.0,6120.0,6120.0
217,217,biella1.mps.gz,976.6691972000001,1986.3780772000002,199.0,10432.0,1,1,1,1,976.6691972000001,199.0,976.6691972000001,976.6691972000001,976.6691972000001,199.0,199.0,199.0
218,218,supportcase7.mps.gz,225.47336479999998,155.9437714,24.0,3061.0,0,1,1,0,155.9437714,24.0,225.47336479999998,155.9437714,225.47336479999998,24.0,3061.0,24.0
219,219,co-100.mps.gz,4487.4388496,18035.290137199998,6091.0,621503.4,1,1,1,1,4487.4388496,6091.0,4487.4388496,4487.4388496,4487.4388496,6091.0,6091.0,6091.0
220,220,bley_xl1.mps.gz,25.4114786,61.54614819999999,8.0,150.0,1,1,1,1,25.4114786,8.0,25.4114786,25.4114786,25.4114786,8.0,8.0,8.0
221,221,neos-585467.mps.gz,13.356762,5.7489344000000004,124.0,122.0,0,1,0,0,5.7489344000000004,122.0,5.7489344000000004,5.7489344000000004,13.356762,122.0,122.0,124.0
222,222,cap6000.mps.gz,4.146768799999999,2.160351,2009.0,1906.0,1,1,1,0,2.160351,1906.0,4.146768799999999,4.146768799999999,4.146768799999999,2009.0,2009.0,2009.0
223,223,neos-3610173-itata.mps.gz,1.8979388,13.4621162,1.0,6854.0,1,1,1,1,1.8979388,1.0,1.8979388,1.8979388,1.8979388,1.0,1.0,1.0
224,224,osorio-cta.mps.gz,1.9010566,2.6912624,127.0,187.0,1,1,1,1,1.9010566,127.0,1.9010566,1.9010566,1.9010566,127.0,127.0,127.0
225,225,opm2-z8-s0.mps.gz,1561.3238669999996,1935.066277,3495.0,6931.0,1,1,1,1,1561.3238669999996,3495.0,1561.3238669999996,1561.3238669999996,1561.3238669999996,3495.0,3495.0,3495.0
226,226,pk1.mps.gz,129.7002432,100.3139742,325579.0,372837.0,0,0,0,0,100.3139742,325579.0,100.3139742,100.3139742,100.3139742,372837.0,372837.0,372837.0
227,227,k1mushroom.mps.gz,1712.3987461999998,3846.2113870000003,1.0,9.0,1,1,1,1,1712.3987461999998,1.0,1712.3987461999998,1712.3987461999998,1712.3987461999998,1.0,1.0,1.0
228,228,neos-3761878-oglio.mps.gz,100.8022536,55.05661,1210.0,1475.0,0,1,1,0,55.05661,1210.0,100.8022536,55.05661,100.8022536,1210.0,1475.0,1210.0
229,229,csched007.mps.gz,2023.0807725999998,18000.377958,123917.0,3958925.8,1,1,1,1,2023.0807725999998,123917.0,2023.0807725999998,2023.0807725999998,2023.0807725999998,123917.0,123917.0,123917.0
230,230,pigeon-10.mps.gz,19.795212000000003,143.06929740000004,36051.0,436711.0,1,1,1,1,19.795212000000003,36051.0,19.795212000000003,19.795212000000003,19.795212000000003,36051.0,36051.0,36051.0
231,231,loopha13.mps.gz,18000.00151,9493.8309202,1712951.6,1570481.0,0,1,1,0,9493.8309202,1570481.0,18000.00151,9493.8309202,18000.00151,1712951.6,1570481.0,1712951.6
232,232,neos-2987310-joes.mps.gz,29.4417078,29.3270748,1.0,1.0,1,1,0,0,29.3270748,1.0,29.3270748,29.4417078,29.4417078,1.0,1.0,1.0
233,233,app1-1.mps.gz,7.716334400000001,1.1772746,12.0,4.0,0,1,1,0,1.1772746,4.0,7.716334400000001,1.1772746,7.716334400000001,12.0,4.0,12.0
234,234,bmocbd.mps.gz,49.7951904,47.2024152,1.0,1.0,0,0,0,0,47.2024152,1.0,47.2024152,47.2024152,47.2024152,1.0,1.0,1.0
235,235,10teams.mps.gz,10.997772000000001,13.7368384,30.0,276.0,1,1,1,1,10.997772000000001,30.0,10.997772000000001,10.997772000000001,10.997772000000001,30.0,30.0,30.0
236,236,neos-3354841-apure.mps.gz,235.4587436,521.5884056,1.0,1.0,1,1,1,1,235.4587436,1.0,235.4587436,235.4587436,235.4587436,1.0,1.0,1.0
237,237,rail507.mps.gz,183.7363448,213.91619100000003,836.0,1010.0,1,1,1,1,183.7363448,836.0,183.7363448,183.7363448,183.7363448,836.0,836.0,836.0
238,238,gasprod1-3.mps.gz,33.38834000000001,213.770273,378.0,28980.0,1,1,1,1,33.38834000000001,378.0,33.38834000000001,33.38834000000001,33.38834000000001,378.0,378.0,378.0
239,239,neos-957323.mps.gz,205.1495622,419.1059378,19.0,10.0,1,1,1,1,205.1495622,10.0,205.1495622,205.1495622,205.1495622,19.0,19.0,19.0
240,240,tanglegram6.mps.gz,16.654663399999997,11.3672696,7.0,7.0,1,1,0,0,11.3672696,7.0,11.3672696,16.654663399999997,16.654663399999997,7.0,7.0,7.0
241,241,neos-1445743.mps.gz,35.453486399999996,36.351231,69.0,182.0,1,1,1,1,35.453486399999996,69.0,35.453486399999996,35.453486399999996,35.453486399999996,69.0,69.0,69.0
242,242,neos-5149806-wieprz.mps.gz,5288.9435004,1444.9728924,13350.0,276.0,0,1,1,0,1444.9728924,276.0,5288.9435004,1444.9728924,5288.9435004,13350.0,276.0,13350.0
243,243,fiber.mps.gz,1.4795255999999999,12.911616800000001,1.0,2602.0,1,1,1,1,1.4795255999999999,1.0,1.4795255999999999,1.4795255999999999,1.4795255999999999,1.0,1.0,1.0
244,244,square23.mps.gz,193.44608399999998,180.8193812,178.0,178.0,1,1,1,0,180.8193812,178.0,193.44608399999998,193.44608399999998,193.44608399999998,178.0,178.0,178.0
245,245,fjspeasy01i.mps.gz,284.8054326,483.3154716,31.0,47.0,1,1,1,1,284.8054326,31.0,284.8054326,284.8054326,284.8054326,31.0,31.0,31.0
246,246,rocII-5-11.mps.gz,17912.615364,16643.409983600002,1289949.6,1681072.4,1,1,1,0,16643.409983600002,1289949.6,17912.615364,17912.615364,17912.615364,1289949.6,1289949.6,1289949.6
247,247,neos-1223462.mps.gz,6.6338308,12.8918712,1.0,1.0,1,1,1,1,6.6338308,1.0,6.6338308,6.6338308,6.6338308,1.0,1.0,1.0
248,248,dcmulti.mps.gz,1.9788972,1.0551169999999999,90.0,1425.0,1,1,1,0,1.0551169999999999,90.0,1.9788972,1.9788972,1.9788972,90.0,90.0,90.0
249,249,neos-960392.mps.gz,1027.753535,1098.1345946000001,43.0,131.0,1,1,1,1,1027.753535,43.0,1027.753535,1027.753535,1027.753535,43.0,43.0,43.0
250,250,brazil3.mps.gz,15227.835190000002,18023.7908714,4669.0,11584.8,1,1,1,1,15227.835190000002,4669.0,15227.835190000002,15227.835190000002,15227.835190000002,4669.0,4669.0,4669.0
251,251,neos-3610040-iskar.mps.gz,2.7643043999999994,8.7596884,197.0,8620.0,1,1,1,1,2.7643043999999994,197.0,2.7643043999999994,2.7643043999999994,2.7643043999999994,197.0,197.0,197.0
252,252,neos-820879.mps.gz,66.1362364,132.617192,123.0,3015.0,1,1,1,1,66.1362364,123.0,66.1362364,66.1362364,66.1362364,123.0,123.0,123.0
253,253,neos-4338804-snowy.mps.gz,6097.433702200001,18000.160160800002,4344551.0,23368235.6,1,1,1,1,6097.433702200001,4344551.0,6097.433702200001,6097.433702200001,6097.433702200001,4344551.0,4344551.0,4344551.0
254,254,mine-166-5.mps.gz,45.3627316,13.2209984,2681.0,1228.0,1,1,0,0,13.2209984,1228.0,13.2209984,45.3627316,45.3627316,1228.0,2681.0,2681.0
255,255,mik-250-20-75-1.mps.gz,11.567879399999999,24.549082,993.0,94342.0,1,1,1,1,11.567879399999999,993.0,11.567879399999999,11.567879399999999,11.567879399999999,993.0,993.0,993.0
256,256,nursesched-sprint-late03.mps.gz,171.63675160000003,18004.2915732,423.0,217057.6,1,1,1,1,171.63675160000003,423.0,171.63675160000003,171.63675160000003,171.63675160000003,423.0,423.0,423.0
257,257,neos-1456979.mps.gz,4261.218316799999,18001.3391966,37883.0,171574.2,1,1,1,1,4261.218316799999,37883.0,4261.218316799999,4261.218316799999,4261.218316799999,37883.0,37883.0,37883.0
258,258,manna81.mps.gz,0.49036359999999996,18000.3729206,1.0,3218728.8,1,1,1,1,0.49036359999999996,1.0,0.49036359999999996,0.49036359999999996,0.49036359999999996,1.0,1.0,1.0
259,259,s250r10.mps.gz,2530.889602,4880.5717954,8846.0,42176.0,1,1,1,1,2530.889602,8846.0,2530.889602,2530.889602,2530.889602,8846.0,8846.0,8846.0
260,260,var-smallemery-m6j6.mps.gz,7171.0383596,10325.7846054,685889.0,836578.0,1,1,1,1,7171.0383596,685889.0,7171.0383596,7171.0383596,7171.0383596,685889.0,685889.0,685889.0
261,261,neos-525149.mps.gz,7.968122200000001,9.809002799999998,1.0,1.0,1,1,1,1,7.968122200000001,1.0,7.968122200000001,7.968122200000001,7.968122200000001,1.0,1.0,1.0
262,262,ns1760995.mps.gz,13449.73626,18348.369558800005,1.0,1.0,1,1,1,1,13449.73626,1.0,13449.73626,13449.73626,13449.73626,1.0,1.0,1.0
263,263,neos-3437289-erdre.mps.gz,0.14009739999999998,0.1452674,1.0,1.0,1,1,1,1,0.14009739999999998,1.0,0.14009739999999998,0.14009739999999998,0.14009739999999998,1.0,1.0,1.0
264,264,enlight_hard.mps.gz,0.009587,0.010307599999999998,1.0,1.0,1,1,1,1,0.009587,1.0,0.009587,0.009587,0.009587,1.0,1.0,1.0
265,265,irp.mps.gz,14.9046502,18.7388282,1.0,10.0,1,1,1,1,14.9046502,1.0,14.9046502,14.9046502,14.9046502,1.0,1.0,1.0
266,266,reblock166.mps.gz,2260.9258848000004,10567.4927852,194918.0,3126462.0,1,1,1,1,2260.9258848000004,194918.0,2260.9258848000004,2260.9258848000004,2260.9258848000004,194918.0,194918.0,194918.0
267,267,sp98ic.mps.gz,8603.4186402,13271.468536800001,141964.0,432282.0,1,1,1,1,8603.4186402,141964.0,8603.4186402,8603.4186402,8603.4186402,141964.0,141964.0,141964.0
268,268,fastxgemm-n2r7s4t1.mps.gz,1239.0311922,12714.040727599999,187498.0,1794161.0,1,1,1,1,1239.0311922,187498.0,1239.0311922,1239.0311922,1239.0311922,187498.0,187498.0,187498.0
269,269,ej.mps.gz,322.04046800000003,18000.714081399998,123786.0,39078443.4,0,1,1,1,322.04046800000003,123786.0,322.04046800000003,18000.714081399998,322.04046800000003,123786.0,39078443.4,123786.0
270,270,neos-565672.mps.gz,11136.328182000001,18396.5021208,1.0,6719.4,1,1,1,1,11136.328182000001,1.0,11136.328182000001,11136.328182000001,11136.328182000001,1.0,1.0,1.0
271,271,iis-glass-cov.mps.gz,638.9593811999999,451.91633199999995,24361.0,25501.0,0,1,0,0,451.91633199999995,24361.0,451.91633199999995,451.91633199999995,638.9593811999999,25501.0,25501.0,24361.0
272,272,neos-911970.mps.gz,71.95028319999999,18000.2218942,14550.0,25645727.4,1,1,1,1,71.95028319999999,14550.0,71.95028319999999,71.95028319999999,71.95028319999999,14550.0,14550.0,14550.0
273,273,cmflsp50-24-8-8.mps.gz,11752.662314000001,18007.7835756,184502.0,4355.4,1,1,1,1,11752.662314000001,4355.4,11752.662314000001,11752.662314000001,11752.662314000001,184502.0,184502.0,184502.0
274,274,npmv07.mps.gz,106.17089200000001,166.2366058,3.0,16.0,1,1,1,1,106.17089200000001,3.0,106.17089200000001,106.17089200000001,106.17089200000001,3.0,3.0,3.0
275,275,neos-5178119-nalagi.mps.gz,1259.1900025999998,341.7653706,18327.0,36256.0,0,1,1,0,341.7653706,18327.0,1259.1900025999998,341.7653706,1259.1900025999998,18327.0,36256.0,18327.0
276,276,rout.mps.gz,20.939395400000002,22.103534399999997,1366.0,10946.0,1,1,1,1,20.939395400000002,1366.0,20.939395400000002,20.939395400000002,20.939395400000002,1366.0,1366.0,1366.0
277,277,blp-ir98.mps.gz,120.183113,1395.0127532,2945.0,247091.0,1,1,1,1,120.183113,2945.0,120.183113,120.183113,120.183113,2945.0,2945.0,2945.0
278,278,gen.mps.gz,0.037547,0.1191498,1.0,5.0,1,1,1,1,0.037547,1.0,0.037547,0.037547,0.037547,1.0,1.0,1.0
279,279,splice1k1.mps.gz,6177.4253854,3204.9602154,592.0,546.0,0,1,1,0,3204.9602154,546.0,6177.4253854,3204.9602154,6177.4253854,592.0,546.0,592.0
280,280,neos-686190.mps.gz,164.4598102,156.9029812,4101.0,5778.0,0,1,1,0,156.9029812,4101.0,164.4598102,156.9029812,164.4598102,4101.0,5778.0,4101.0
281,281,roi2alpha3n4.mps.gz,1749.2685446,18113.977738,14515.0,444740.6,1,1,1,1,1749.2685446,14515.0,1749.2685446,1749.2685446,1749.2685446,14515.0,14515.0,14515.0
282,282,bienst2.mps.gz,728.1121043999999,250.8511014,80837.0,102409.0,1,1,1,0,250.8511014,80837.0,728.1121043999999,728.1121043999999,728.1121043999999,80837.0,80837.0,80837.0
283,283,chromaticindex256-8.mps.gz,240.9173346,1931.4790686000001,863.0,20756.0,1,1,1,1,240.9173346,863.0,240.9173346,240.9173346,240.9173346,863.0,863.0,863.0
284,284,rlp1.mps.gz,0.21183559999999999,0.2644432,51.0,225.0,1,1,1,1,0.21183559999999999,51.0,0.21183559999999999,0.21183559999999999,0.21183559999999999,51.0,51.0,51.0
285,285,lectsched-3.mps.gz,352.77449240000004,315.8459874,1652.0,678.0,0,1,0,0,315.8459874,678.0,315.8459874,315.8459874,352.77449240000004,678.0,678.0,1652.0
286,286,neos-885524.mps.gz,522.417669,18005.944616999997,176.0,329556.6,1,1,1,1,522.417669,176.0,522.417669,522.417669,522.417669,176.0,176.0,176.0
287,287,arki001.mps.gz,18000.962310000003,3197.85564,2268924.0,1761208.0,0,1,1,0,3197.85564,1761208.0,18000.962310000003,3197.85564,18000.962310000003,2268924.0,1761208.0,2268924.0
288,288,neos-1599274.mps.gz,2.8716172,3.7898616000000005,1.0,1.0,1,1,1,1,2.8716172,1.0,2.8716172,2.8716172,2.8716172,1.0,1.0,1.0
289,289,rentacar.mps.gz,1.553789,3.2962596,8.0,10.0,1,1,1,1,1.553789,8.0,1.553789,1.553789,1.553789,8.0,8.0,8.0
290,290,n2seq36q.mps.gz,223.1076674,814.3922412,934.0,43811.0,1,1,1,1,223.1076674,934.0,223.1076674,223.1076674,223.1076674,934.0,934.0,934.0
291,291,mitre.mps.gz,7.0639488,13.6778044,1.0,18.0,1,1,1,1,7.0639488,1.0,7.0639488,7.0639488,7.0639488,1.0,1.0,1.0
292,292,neos-5018451-chiese.mps.gz,881.0184241999999,2397.512918,3511.0,4543.0,1,1,1,1,881.0184241999999,3511.0,881.0184241999999,881.0184241999999,881.0184241999999,3511.0,3511.0,3511.0
293,293,neos-3402294-bobin.mps.gz,228.1273628,18010.890349,621.0,1921895.6,1,1,1,1,228.1273628,621.0,228.1273628,228.1273628,228.1273628,621.0,621.0,621.0
294,294,bab5.mps.gz,13413.205184,18017.127226799996,204088.0,381053.0,1,1,1,1,13413.205184,204088.0,13413.205184,13413.205184,13413.205184,204088.0,204088.0,204088.0
295,295,bc.mps.gz,414.88762280000003,13390.528179,2375.0,523884.0,1,1,1,1,414.88762280000003,2375.0,414.88762280000003,414.88762280000003,414.88762280000003,2375.0,2375.0,2375.0
296,296,lectsched-2.mps.gz,10.8451562,13.4347184,15.0,101.0,1,1,1,1,10.8451562,15.0,10.8451562,10.8451562,10.8451562,15.0,15.0,15.0
297,297,neos-2328163-agri.mps.gz,4123.608445,18003.4573324,139404.0,1351677.8,1,1,1,1,4123.608445,139404.0,4123.608445,4123.608445,4123.608445,139404.0,139404.0,139404.0
298,298,supportcase16.mps.gz,0.114897,0.1597916,1.0,1.0,1,1,1,1,0.114897,1.0,0.114897,0.114897,0.114897,1.0,1.0,1.0
299,299,neos-860300.mps.gz,37.6803022,36.331841600000004,1.0,5.0,0,0,0,0,36.331841600000004,1.0,36.331841600000004,36.331841600000004,36.331841600000004,5.0,5.0,5.0
300,300,shipschedule6shipsmixi.mps.gz,19.078245,44.26409019999999,10.0,170.0,1,1,1,1,19.078245,10.0,19.078245,19.078245,19.078245,10.0,10.0,10.0
301,301,mik-250-20-75-5.mps.gz,11.8418406,29.017841600000004,1409.0,91136.0,1,1,1,1,11.8418406,1409.0,11.8418406,11.8418406,11.8418406,1409.0,1409.0,1409.0
302,302,neos-831188.mps.gz,456.8004432000001,314.8422476,2993.0,3542.0,1,1,1,0,314.8422476,2993.0,456.8004432000001,456.8004432000001,456.8004432000001,2993.0,2993.0,2993.0
303,303,square31.mps.gz,9628.709957399999,10304.391069199999,1367.0,1367.0,1,1,1,1,9628.709957399999,1367.0,9628.709957399999,9628.709957399999,9628.709957399999,1367.0,1367.0,1367.0
304,304,neos-1445738.mps.gz,27.0168008,31.9057282,349.0,583.0,1,1,1,1,27.0168008,349.0,27.0168008,27.0168008,27.0168008,349.0,349.0,349.0
305,305,gasprod2-1.mps.gz,2875.7895562000003,14584.907605999999,3032.0,9609.0,1,1,1,1,2875.7895562000003,3032.0,2875.7895562000003,2875.7895562000003,2875.7895562000003,3032.0,3032.0,3032.0
306,306,opm2-z7-s8.mps.gz,237.84860840000002,275.3465582,2835.0,2984.0,1,1,1,1,237.84860840000002,2835.0,237.84860840000002,237.84860840000002,237.84860840000002,2835.0,2835.0,2835.0
307,307,nursesched-sprint02.mps.gz,48.81737700000001,436.00898880000005,5.0,2272.0,1,1,1,1,48.81737700000001,5.0,48.81737700000001,48.81737700000001,48.81737700000001,5.0,5.0,5.0
308,308,neos-3148108-pahi.mps.gz,3.7202436,3.7259912,1.0,1.0,1,1,1,1,3.7202436,1.0,3.7202436,3.7202436,3.7202436,1.0,1.0,1.0
309,309,neos-5013590-toitoi.mps.gz,18000.00697,11210.5324268,1.0,31417.0,0,1,0,0,11210.5324268,1.0,11210.5324268,11210.5324268,18000.00697,31417.0,31417.0,1.0
310,310,h80x6320.mps.gz,1.7519993999999997,1.7528374,1.0,1.0,1,1,1,1,1.7519993999999997,1.0,1.7519993999999997,1.7519993999999997,1.7519993999999997,1.0,1.0,1.0
311,311,neos-555424.mps.gz,226.2933654,3744.2831154,21771.0,826575.0,1,1,1,1,226.2933654,21771.0,226.2933654,226.2933654,226.2933654,21771.0,21771.0,21771.0
312,312,disctom.mps.gz,7.411784600000002,7.273273400000001,1.0,1.0,1,1,0,0,7.273273400000001,1.0,7.273273400000001,7.411784600000002,7.411784600000002,1.0,1.0,1.0
313,313,nursesched-sprint-hidden09.mps.gz,121.88040140000001,18004.5150286,66.0,257897.6,1,1,1,1,121.88040140000001,66.0,121.88040140000001,121.88040140000001,121.88040140000001,66.0,66.0,66.0
314,314,app2-1.mps.gz,0.40761339999999996,0.4068104,1.0,1.0,0,1,1,0,0.4068104,1.0,0.40761339999999996,0.4068104,0.40761339999999996,1.0,1.0,1.0
315,315,n7-3.mps.gz,61.729373599999995,2043.371039,437.0,132731.0,1,1,1,1,61.729373599999995,437.0,61.729373599999995,61.729373599999995,61.729373599999995,437.0,437.0,437.0
316,316,opm2-z6-s1.mps.gz,131.24460240000002,113.03773980000001,2164.0,2214.0,1,1,1,0,113.03773980000001,2164.0,131.24460240000002,131.24460240000002,131.24460240000002,2164.0,2164.0,2164.0
317,317,swath3.mps.gz,142.51782859999997,113.4175254,26005.0,15491.0,1,1,1,0,113.4175254,15491.0,142.51782859999997,142.51782859999997,142.51782859999997,26005.0,26005.0,26005.0
318,318,neos-1396125.mps.gz,125.91601,124.12561000000001,18493.0,31852.0,1,1,1,0,124.12561000000001,18493.0,125.91601,125.91601,125.91601,18493.0,18493.0,18493.0
319,319,tanglegram4.mps.gz,2464.6168336,2191.4972812000005,67.0,111.0,0,1,0,0,2191.4972812000005,67.0,2191.4972812000005,2191.4972812000005,2464.6168336,111.0,111.0,67.0
320,320,binkar10_1.mps.gz,47.362161,4907.8492204,2269.0,4442017.0,1,1,1,1,47.362161,2269.0,47.362161,47.362161,47.362161,2269.0,2269.0,2269.0
321,321,neos-3083784-nive.mps.gz,0.040240599999999994,0.039737400000000006,1.0,1.0,0,1,0,0,0.039737400000000006,1.0,0.039737400000000006,0.039737400000000006,0.040240599999999994,1.0,1.0,1.0
322,322,neos9.mps.gz,2449.9254286000005,18095.6142514,1296.0,32637.2,1,1,1,1,2449.9254286000005,1296.0,2449.9254286000005,2449.9254286000005,2449.9254286000005,1296.0,1296.0,1296.0
323,323,supportcase14.mps.gz,0.1246148,0.0470246,1.0,1.0,0,1,1,0,0.0470246,1.0,0.1246148,0.0470246,0.1246148,1.0,1.0,1.0
324,324,f2gap801600.mps.gz,0.8591074000000001,450.31139679999995,1.0,176006.0,1,1,1,1,0.8591074000000001,1.0,0.8591074000000001,0.8591074000000001,0.8591074000000001,1.0,1.0,1.0
325,325,decomp1.mps.gz,4.1423248,16.2842664,1.0,1334.0,0,1,1,1,4.1423248,1.0,4.1423248,16.2842664,4.1423248,1.0,1334.0,1.0
326,326,f2gap40400.mps.gz,0.07553800000000001,0.024463,1.0,1.0,0,1,0,0,0.024463,1.0,0.024463,0.024463,0.07553800000000001,1.0,1.0,1.0
327,327,neos-913984.mps.gz,155.6718616,2277.7532208000002,23.0,12540.0,1,1,1,1,155.6718616,23.0,155.6718616,155.6718616,155.6718616,23.0,23.0,23.0
328,328,neos-498623.mps.gz,28.294960600000003,18002.804590599997,13.0,490002.6,1,1,1,1,28.294960600000003,13.0,28.294960600000003,28.294960600000003,28.294960600000003,13.0,13.0,13.0
329,329,neos-799716.mps.gz,12.678453600000001,15.602929799999998,1.0,1.0,1,1,1,1,12.678453600000001,1.0,12.678453600000001,12.678453600000001,12.678453600000001,1.0,1.0,1.0
330,330,neos-3611689-kaihu.mps.gz,1.9274896,18.061061799999997,21.0,29199.0,1,1,1,1,1.9274896,21.0,1.9274896,1.9274896,1.9274896,21.0,21.0,21.0
331,331,ab51-40-100.mps.gz,717.3649144,1387.3407058,1316.0,1000.0,1,1,1,1,717.3649144,1000.0,717.3649144,717.3649144,717.3649144,1316.0,1316.0,1316.0
332,332,qap10.mps.gz,26.4399738,26.2597118,1.0,1.0,0,1,1,0,26.2597118,1.0,26.4399738,26.2597118,26.4399738,1.0,1.0,1.0
333,333,neos-3116779-oban.mps.gz,0.025118599999999998,0.023967400000000003,1.0,1.0,0,1,1,0,0.023967400000000003,1.0,0.025118599999999998,0.023967400000000003,0.025118599999999998,1.0,1.0,1.0
334,334,neos-5106984-jizera.mps.gz,12238.856126000002,19391.656313599997,28.0,84.8,1,1,1,1,12238.856126000002,28.0,12238.856126000002,12238.856126000002,12238.856126000002,28.0,28.0,28.0
335,335,ns1644855.mps.gz,860.9878818000001,853.9740448,1.0,1.0,0,1,0,0,853.9740448,1.0,853.9740448,853.9740448,860.9878818000001,1.0,1.0,1.0
336,336,neos-3065804-namu.mps.gz,11.837613600000001,11.855550599999999,1.0,1.0,1,1,1,1,11.837613600000001,1.0,11.837613600000001,11.837613600000001,11.837613600000001,1.0,1.0,1.0
337,337,ic97_tension.mps.gz,20.023838599999998,32.066947600000006,22278.0,83938.0,1,1,1,1,20.023838599999998,22278.0,20.023838599999998,20.023838599999998,20.023838599999998,22278.0,22278.0,22278.0
338,338,bppc8-02.mps.gz,0.6778200000000001,0.16987619999999998,125.0,177.0,0,0,0,0,0.16987619999999998,125.0,0.16987619999999998,0.16987619999999998,0.16987619999999998,177.0,177.0,177.0
339,339,neos-1337307.mps.gz,245.9451242,18002.1227758,2479.0,3039680.4,1,1,1,1,245.9451242,2479.0,245.9451242,245.9451242,245.9451242,2479.0,2479.0,2479.0
340,0,neos-780889.mps.gz,176.675456,449.0535742,1.0,1.0,1,1,1,1,176.675456,1.0,176.675456,176.675456,176.675456,1.0,1.0,1.0
341,1,mzzv11.mps.gz,422.3402776,1525.3227992,1356.0,8880.0,1,1,1,1,422.3402776,1356.0,422.3402776,422.3402776,422.3402776,1356.0,1356.0,1356.0
342,2,chromaticindex32-8.mps.gz,1.02522,3.4027948,1.0,249.0,1,1,1,1,1.02522,1.0,1.02522,1.02522,1.02522,1.0,1.0,1.0
343,3,neos22.mps.gz,1.4523808,18000.395746000002,1.0,4782054.0,1,1,1,1,1.4523808,1.0,1.4523808,1.4523808,1.4523808,1.0,1.0,1.0
344,4,ab67-40-100.mps.gz,300.2086406,331.2493098,73.0,75.0,1,1,1,1,300.2086406,73.0,300.2086406,300.2086406,300.2086406,73.0,73.0,73.0
345,5,ran13x13.mps.gz,41.043055200000005,139.92510120000003,2468.0,250267.0,1,1,1,1,41.043055200000005,2468.0,41.043055200000005,41.043055200000005,41.043055200000005,2468.0,2468.0,2468.0
346,6,neos-1430701.mps.gz,15.872394400000001,5.3183278000000005,4417.0,4846.0,1,1,1,0,5.3183278000000005,4417.0,15.872394400000001,15.872394400000001,15.872394400000001,4417.0,4417.0,4417.0
347,7,ns4-pr6.mps.gz,2.3660904,53.0520632,62.0,12362.0,0,1,1,1,2.3660904,62.0,2.3660904,53.0520632,2.3660904,62.0,12362.0,62.0
348,8,neos-5192052-neckar.mps.gz,0.049713400000000005,0.05097940000000001,1.0,1.0,1,1,1,1,0.049713400000000005,1.0,0.049713400000000005,0.049713400000000005,0.049713400000000005,1.0,1.0,1.0
349,9,neos-3045796-mogo.mps.gz,2.9773970000000003,3.6956795999999996,1.0,1.0,1,1,1,1,2.9773970000000003,1.0,2.9773970000000003,2.9773970000000003,2.9773970000000003,1.0,1.0,1.0
350,10,air05.mps.gz,53.397517400000005,56.2624012,523.0,722.0,1,1,1,1,53.397517400000005,523.0,53.397517400000005,53.397517400000005,53.397517400000005,523.0,523.0,523.0
351,11,net12.mps.gz,628.2099776,784.2393823999998,1147.0,2375.0,0,1,1,1,628.2099776,1147.0,628.2099776,784.2393823999998,628.2099776,1147.0,2375.0,1147.0
352,12,istanbul-no-cutoff.mps.gz,117.407838,203.507926,301.0,1207.0,1,1,1,1,117.407838,301.0,117.407838,117.407838,117.407838,301.0,301.0,301.0
353,13,transportmoment.mps.gz,3028.4081653999997,1463.004354,10643.0,75129.0,0,1,0,0,1463.004354,10643.0,1463.004354,1463.004354,3028.4081653999997,75129.0,75129.0,10643.0
354,14,neos-3759587-noosa.mps.gz,15.1979572,14.158542800000001,1.0,1.0,1,1,1,0,14.158542800000001,1.0,15.1979572,15.1979572,15.1979572,1.0,1.0,1.0
355,15,neos-5107597-kakapo.mps.gz,11824.926570000001,1856.6662056,2636428.0,519969.0,0,1,0,0,1856.6662056,519969.0,1856.6662056,1856.6662056,11824.926570000001,519969.0,519969.0,2636428.0
356,16,piperout-d20.mps.gz,49.2665382,81.8890504,506.0,208.0,0,1,1,1,49.2665382,208.0,49.2665382,81.8890504,49.2665382,506.0,208.0,506.0
357,17,neos-3734794-moppy.mps.gz,8058.490840800002,18000.855096200004,1209474.0,2267971.4,1,1,1,1,8058.490840800002,1209474.0,8058.490840800002,8058.490840800002,8058.490840800002,1209474.0,1209474.0,1209474.0
358,18,newdano.mps.gz,4074.9645969999997,2374.4649672,885909.0,2751921.0,0,1,1,0,2374.4649672,885909.0,4074.9645969999997,2374.4649672,4074.9645969999997,885909.0,2751921.0,885909.0
359,19,nu25-pr12.mps.gz,5.0608752,147.339196,11.0,9816.0,1,1,1,1,5.0608752,11.0,5.0608752,5.0608752,5.0608752,11.0,11.0,11.0
360,20,peg-solitaire-a3.mps.gz,18000.000708000003,2993.3517944000005,4205.8,2298.0,1,1,1,0,2993.3517944000005,2298.0,18000.000708000003,18000.000708000003,18000.000708000003,4205.8,4205.8,4205.8
361,21,neos-3048764-nadi.mps.gz,0.3138586,0.30924380000000007,1.0,1.0,0,1,0,0,0.30924380000000007,1.0,0.30924380000000007,0.30924380000000007,0.3138586,1.0,1.0,1.0
362,22,pigeon-13.mps.gz,5130.5574748,18000.1256756,11370579.0,12211423.4,1,1,1,1,5130.5574748,11370579.0,5130.5574748,5130.5574748,5130.5574748,11370579.0,11370579.0,11370579.0
363,23,22433.mps.gz,2.5359296000000002,0.8234644,1.0,5.0,0,1,1,0,0.8234644,1.0,2.5359296000000002,0.8234644,2.5359296000000002,1.0,5.0,1.0
364,24,bienst1.mps.gz,194.40838060000002,60.241505200000006,17052.0,11113.0,1,1,1,0,60.241505200000006,11113.0,194.40838060000002,194.40838060000002,194.40838060000002,17052.0,17052.0,17052.0
365,25,map14860-20.mps.gz,192.23253859999997,363.6709942,199.0,695.0,1,1,1,1,192.23253859999997,199.0,192.23253859999997,192.23253859999997,192.23253859999997,199.0,199.0,199.0
366,26,cvs16r70-62.mps.gz,14033.26267,4639.3171614,459553.0,524799.0,0,1,1,0,4639.3171614,459553.0,14033.26267,4639.3171614,14033.26267,459553.0,524799.0,459553.0
367,27,mushroom-best.mps.gz,14892.211556,2410.789106,714954.0,64701.0,0,1,1,0,2410.789106,64701.0,14892.211556,2410.789106,14892.211556,714954.0,64701.0,714954.0
368,28,neos2.mps.gz,226.4738452,61.18410240000001,17852.0,24258.0,0,1,1,0,61.18410240000001,17852.0,226.4738452,61.18410240000001,226.4738452,17852.0,24258.0,17852.0
369,29,ab71-20-100.mps.gz,193.0383722,199.9631262,699.0,706.0,1,1,1,1,193.0383722,699.0,193.0383722,193.0383722,193.0383722,699.0,699.0,699.0
370,30,neos-3083819-nubu.mps.gz,15.346909,50.6087748,1041.0,5915.0,1,1,1,1,15.346909,1041.0,15.346909,15.346909,15.346909,1041.0,1041.0,1041.0
371,31,neos-2978193-inde.mps.gz,2523.9284846,2103.01349,128708.0,146860.0,1,1,1,0,2103.01349,128708.0,2523.9284846,2523.9284846,2523.9284846,128708.0,128708.0,128708.0
372,32,timtab1.mps.gz,91.0119338,10235.0820308,32472.0,17501066.0,1,1,1,1,91.0119338,32472.0,91.0119338,91.0119338,91.0119338,32472.0,32472.0,32472.0
373,33,nh97_tension.mps.gz,6.950740599999999,5.269315,1240.0,1765.0,1,1,1,0,5.269315,1240.0,6.950740599999999,6.950740599999999,6.950740599999999,1240.0,1240.0,1240.0
374,34,neos-3209519-ruhr.mps.gz,780.6474504000001,1676.1241512000001,61448.0,198275.0,1,1,1,1,780.6474504000001,61448.0,780.6474504000001,780.6474504000001,780.6474504000001,61448.0,61448.0,61448.0
375,35,mod011.mps.gz,231.34502360000002,476.42864099999997,1164.0,38117.0,1,1,1,1,231.34502360000002,1164.0,231.34502360000002,231.34502360000002,231.34502360000002,1164.0,1164.0,1164.0
376,36,flugpl.mps.gz,0.026878999999999997,0.0304502,1.0,68.0,1,1,1,1,0.026878999999999997,1.0,0.026878999999999997,0.026878999999999997,0.026878999999999997,1.0,1.0,1.0
377,37,netdiversion.mps.gz,9558.456648000001,744.6475604000001,194.0,14.0,1,1,1,0,744.6475604000001,14.0,9558.456648000001,9558.456648000001,9558.456648000001,194.0,194.0,194.0
378,38,physiciansched6-2.mps.gz,721.6161539999999,18010.932638799997,1.0,217.4,0,1,1,1,721.6161539999999,1.0,721.6161539999999,18010.932638799997,721.6161539999999,1.0,217.4,1.0
379,39,neos-3703351-marne.mps.gz,36.1363066,61.5608438,593.0,2263.0,0,1,1,1,36.1363066,593.0,36.1363066,61.5608438,36.1363066,593.0,2263.0,593.0
380,40,neos-885086.mps.gz,5867.789735200001,198.078644,263.0,36.0,0,1,1,0,198.078644,36.0,5867.789735200001,198.078644,5867.789735200001,263.0,36.0,263.0
381,41,mod010.mps.gz,0.6909498,1.1984236,1.0,3.0,0,1,1,1,0.6909498,1.0,0.6909498,1.1984236,0.6909498,1.0,3.0,1.0
382,42,traininstance6.mps.gz,18000.01643,12961.8101288,6008000.2,3628796.0,0,1,1,0,12961.8101288,3628796.0,18000.01643,12961.8101288,18000.01643,6008000.2,3628796.0,6008000.2
383,43,neos-4306827-ravan.mps.gz,18000.010071999997,1225.5736001999999,159278.2,17917.0,0,1,1,0,1225.5736001999999,17917.0,18000.010071999997,1225.5736001999999,18000.010071999997,159278.2,17917.0,159278.2
384,44,acc-tight4.mps.gz,217.15391600000004,131.199945,1087.0,674.0,0,1,1,0,131.199945,674.0,217.15391600000004,131.199945,217.15391600000004,1087.0,674.0,1087.0
385,45,sp98ir.mps.gz,69.1657304,81.4397202,2280.0,2444.0,1,1,1,1,69.1657304,2280.0,69.1657304,69.1657304,69.1657304,2280.0,2280.0,2280.0
386,46,comp08-2idx.mps.gz,989.5820484,18006.0142736,4218.0,502028.2,1,1,1,1,989.5820484,4218.0,989.5820484,989.5820484,989.5820484,4218.0,4218.0,4218.0
387,47,neos-1324574.mps.gz,261.5904382,411.4378294,2543.0,5701.0,0,1,1,1,261.5904382,2543.0,261.5904382,411.4378294,261.5904382,2543.0,5701.0,2543.0
388,48,neos-3118745-obra.mps.gz,99.4254028,1693.8034176,34481.0,2741681.0,0,1,1,1,99.4254028,34481.0,99.4254028,1693.8034176,99.4254028,34481.0,2741681.0,34481.0
389,49,gt2.mps.gz,0.0738924,0.19754100000000002,5.0,325.0,1,0,1,1,0.0738924,5.0,0.0738924,0.0738924,0.19754100000000002,5.0,5.0,325.0
390,50,prod2.mps.gz,126.2563128,88.2819242,67499.0,103438.0,0,1,1,0,88.2819242,67499.0,126.2563128,88.2819242,126.2563128,67499.0,103438.0,67499.0
391,51,reblock115.mps.gz,5821.7190334,14515.128179000001,639825.0,5625702.0,0,1,1,1,5821.7190334,639825.0,5821.7190334,14515.128179000001,5821.7190334,639825.0,5625702.0,639825.0
392,52,30n20b8.mps.gz,152.4309638,167.19471579999998,1617.0,13632.0,0,1,1,1,152.4309638,1617.0,152.4309638,167.19471579999998,152.4309638,1617.0,13632.0,1617.0
393,53,fastxgemm-n2r6s0t2.mps.gz,813.5348343999999,1375.0206303999998,127278.0,237583.0,1,1,1,1,813.5348343999999,127278.0,813.5348343999999,813.5348343999999,813.5348343999999,127278.0,127278.0,127278.0
394,54,misc07.mps.gz,4.2789242000000005,3.4449962000000007,1345.0,1566.0,0,1,1,0,3.4449962000000007,1345.0,4.2789242000000005,3.4449962000000007,4.2789242000000005,1345.0,1566.0,1345.0
395,55,ns1830653.mps.gz,216.50013639999997,173.4375682,4151.0,17854.0,1,1,1,0,173.4375682,4151.0,216.50013639999997,216.50013639999997,216.50013639999997,4151.0,4151.0,4151.0
396,56,gen-ip021.mps.gz,415.6019359999999,441.096983,2101666.0,2341056.0,0,0,0,1,415.6019359999999,2101666.0,441.096983,441.096983,441.096983,2341056.0,2341056.0,2341056.0
397,57,drayage-25-27.mps.gz,56.823609,5882.5765888000005,2023.0,929340.0,1,1,1,1,56.823609,2023.0,56.823609,56.823609,56.823609,2023.0,2023.0,2023.0
398,58,rocI-3-11.mps.gz,12.984721200000001,4.022238,1381.0,1292.0,0,1,1,0,4.022238,1292.0,12.984721200000001,4.022238,12.984721200000001,1381.0,1292.0,1381.0
399,59,mik-250-20-75-3.mps.gz,11.629667399999999,29.087427,678.0,93985.0,1,1,1,1,11.629667399999999,678.0,11.629667399999999,11.629667399999999,11.629667399999999,678.0,678.0,678.0
400,60,neos-3216931-puriri.mps.gz,10762.658326,9080.1017318,8769.0,17134.0,1,1,1,0,9080.1017318,8769.0,10762.658326,10762.658326,10762.658326,8769.0,8769.0,8769.0
401,61,cod105.mps.gz,62.10444199999999,19.8665382,3.0,3.0,0,1,1,0,19.8665382,3.0,62.10444199999999,19.8665382,62.10444199999999,3.0,3.0,3.0
402,62,pigeon-08.mps.gz,0.8734225999999999,2.5798561999999996,1947.0,6820.0,1,1,1,1,0.8734225999999999,1947.0,0.8734225999999999,0.8734225999999999,0.8734225999999999,1947.0,1947.0,1947.0
403,63,nw04.mps.gz,34.917965,50.3184408,1.0,1.0,1,1,1,1,34.917965,1.0,34.917965,34.917965,34.917965,1.0,1.0,1.0
404,64,ta2-UUE.mps.gz,885.7993558000001,1260.7385516,20746.0,60389.0,0,1,1,1,885.7993558000001,20746.0,885.7993558000001,1260.7385516,885.7993558000001,20746.0,60389.0,20746.0
405,65,neos-1425699.mps.gz,0.011907000000000001,0.029142199999999997,1.0,1.0,1,1,1,1,0.011907000000000001,1.0,0.011907000000000001,0.011907000000000001,0.011907000000000001,1.0,1.0,1.0
406,66,dsbmip.mps.gz,1.599231,1.0971369999999998,12.0,10.0,1,1,1,0,1.0971369999999998,10.0,1.599231,1.599231,1.599231,12.0,12.0,12.0
407,67,neos-595904.mps.gz,33.340223800000004,18005.873209200003,7.0,2027237.0,0,1,1,1,33.340223800000004,7.0,33.340223800000004,18005.873209200003,33.340223800000004,7.0,2027237.0,7.0
408,68,mas76.mps.gz,170.108295,61.1997742,326705.0,178175.0,0,0,0,0,61.1997742,178175.0,61.1997742,61.1997742,61.1997742,178175.0,178175.0,178175.0
409,69,shipschedule3shipsi.mps.gz,9.002111799999998,19.459356399999997,1.0,1.0,1,1,1,1,9.002111799999998,1.0,9.002111799999998,9.002111799999998,9.002111799999998,1.0,1.0,1.0
410,70,momentum2.mps.gz,10746.779116,18013.605632,279602.0,202273.2,1,1,1,1,10746.779116,202273.2,10746.779116,10746.779116,10746.779116,279602.0,279602.0,279602.0
411,71,mzzv42z.mps.gz,433.6505440000001,959.7758506,11.0,2656.0,1,1,1,1,433.6505440000001,11.0,433.6505440000001,433.6505440000001,433.6505440000001,11.0,11.0,11.0
412,72,glass-sc.mps.gz,4615.389930799999,4267.2173298,262210.0,256139.0,0,1,0,0,4267.2173298,256139.0,4267.2173298,4267.2173298,4615.389930799999,256139.0,256139.0,262210.0
413,73,sp98ar.mps.gz,15516.920478,18017.9252834,192153.0,593980.4,1,1,1,1,15516.920478,192153.0,15516.920478,15516.920478,15516.920478,192153.0,192153.0,192153.0
414,74,p0201.mps.gz,0.6999888000000001,0.47608880000000003,15.0,85.0,0,1,1,0,0.47608880000000003,15.0,0.6999888000000001,0.47608880000000003,0.6999888000000001,15.0,85.0,15.0
415,75,khb05250.mps.gz,0.3942582,1.2855834,1.0,1560.0,1,1,1,1,0.3942582,1.0,0.3942582,0.3942582,0.3942582,1.0,1.0,1.0
416,76,breastcancer-regularized.mps.gz,2652.1064588,3802.288983,1184081.0,2424498.0,0,1,1,1,2652.1064588,1184081.0,2652.1064588,3802.288983,2652.1064588,1184081.0,2424498.0,1184081.0
417,77,chromaticindex128-5.mps.gz,84.35063240000001,1199.5931506000002,1316.0,100314.0,1,1,1,1,84.35063240000001,1316.0,84.35063240000001,84.35063240000001,84.35063240000001,1316.0,1316.0,1316.0
418,78,drayage-100-23.mps.gz,9.016042,16.5793868,1.0,12.0,1,1,1,1,9.016042,1.0,9.016042,9.016042,9.016042,1.0,1.0,1.0
419,79,app2-2.mps.gz,1.4482384,0.4345224,1.0,1.0,0,1,1,0,0.4345224,1.0,1.4482384,0.4345224,1.4482384,1.0,1.0,1.0
420,80,bnatt400.mps.gz,249.47849820000002,130.8764506,4071.0,6778.0,1,1,1,0,130.8764506,4071.0,249.47849820000002,249.47849820000002,249.47849820000002,4071.0,4071.0,4071.0
421,81,mik-250-20-75-2.mps.gz,12.8847754,24.797749399999997,427.0,90650.0,1,1,1,1,12.8847754,427.0,12.8847754,12.8847754,12.8847754,427.0,427.0,427.0
422,82,30_70_45_095_100.mps.gz,743.9979688,75.2331896,201.0,1.0,1,1,1,0,75.2331896,1.0,743.9979688,743.9979688,743.9979688,201.0,201.0,201.0
423,83,neos-4322846-ryton.mps.gz,818.0665642,845.5963156,664.0,522.0,1,1,1,1,818.0665642,522.0,818.0665642,818.0665642,818.0665642,664.0,664.0,664.0
424,84,ran14x18-disj-8.mps.gz,1658.8036666,16537.955252,312024.0,14591597.0,1,1,1,1,1658.8036666,312024.0,1658.8036666,1658.8036666,1658.8036666,312024.0,312024.0,312024.0
425,85,gasprod2-2.mps.gz,814.3559945999999,3689.1574226000002,1250.0,6990.0,1,1,1,1,814.3559945999999,1250.0,814.3559945999999,814.3559945999999,814.3559945999999,1250.0,1250.0,1250.0
