,NAME,TIME W/ CUTS,CUTS OFF_ROOT END,NODES W/ CUTS,NODES W/O CUTS,PLabel NN,PLabel ET,PLabel RF,Time Label,Minimum Time,Minimum Nodes,PTime RF,PTime NN,PTime ET,PNodes RF,PNodes NN,PNodes ET
0,neos-5140963-mincio.mps.gz,16296.812995999997,20739.942829,5624805.0,5527433.2,1,1,1,1,16296.812995999997,5527433.2,16296.812995999997,16296.812995999997,16296.812995999997,5624805.0,5624805.0,5624805.0
1,neos8.mps.gz,16.7803234,72.8936372,1.0,1.0,1,1,1,1,16.7803234,1.0,16.7803234,16.7803234,16.7803234,1.0,1.0,1.0
2,neos-4391920-timok.mps.gz,299.3841612,868.6394186,1.0,1.0,1,1,1,1,299.3841612,1.0,299.3841612,299.3841612,299.3841612,1.0,1.0,1.0
3,30_70_45_095_98.mps.gz,76.55775359999998,96.30981560000001,1.0,1.0,1,1,1,1,76.55775359999998,1.0,76.55775359999998,76.55775359999998,76.55775359999998,1.0,1.0,1.0
4,wachplan.mps.gz,1434.6054081999998,1873.7455277999998,67520.0,98056.0,1,1,1,1,1434.6054081999998,67520.0,1434.6054081999998,1434.6054081999998,1434.6054081999998,67520.0,67520.0,67520.0
5,neos-3004026-krka.mps.gz,403.68241539999997,110.24209839999999,13955.0,5663.0,0,1,0,0,110.24209839999999,5663.0,110.24209839999999,110.24209839999999,403.68241539999997,5663.0,5663.0,13955.0
6,swath2.mps.gz,61.110012000000005,57.875852800000004,1926.0,1333.0,0,1,1,0,57.875852800000004,1333.0,61.110012000000005,57.875852800000004,61.110012000000005,1926.0,1333.0,1926.0
7,CMS750_4.mps.gz,18000.492353999998,33883.6752,1.0,155687.0,1,1,1,1,18000.492353999998,1.0,18000.492353999998,18000.492353999998,18000.492353999998,1.0,1.0,1.0
8,neos-3226448-wkra.mps.gz,18000.002084,6943.9890766,188.0,44.0,0,1,0,0,6943.9890766,44.0,6943.9890766,6943.9890766,18000.002084,44.0,44.0,188.0
9,aligninq.mps.gz,42.60985,43.3992916,979.0,343.0,1,1,1,1,42.60985,343.0,42.60985,42.60985,42.60985,979.0,979.0,979.0
10,danoint.mps.gz,6039.8008036,4729.1416632,1239048.0,1591551.0,1,1,0,0,4729.1416632,1239048.0,4729.1416632,6039.8008036,6039.8008036,1591551.0,1239048.0,1239048.0
11,neos6.mps.gz,382.54915739999996,828.373523,3667.0,9640.0,1,1,1,1,382.54915739999996,3667.0,382.54915739999996,382.54915739999996,382.54915739999996,3667.0,3667.0,3667.0
12,air04.mps.gz,67.32292199999999,106.961995,134.0,499.0,1,1,1,1,67.32292199999999,134.0,67.32292199999999,67.32292199999999,67.32292199999999,134.0,134.0,134.0
13,map16715-04.mps.gz,1890.8414367999999,1663.0921942,1657.0,2000.0,1,1,0,0,1663.0921942,1657.0,1663.0921942,1890.8414367999999,1890.8414367999999,2000.0,1657.0,1657.0
14,neos-633273.mps.gz,0.7283503999999998,0.7563008,1.0,1.0,1,1,1,1,0.7283503999999998,1.0,0.7283503999999998,0.7283503999999998,0.7283503999999998,1.0,1.0,1.0
15,acc-tight2.mps.gz,15.5857404,24.5749638,7.0,80.0,0,1,1,1,15.5857404,7.0,15.5857404,24.5749638,15.5857404,7.0,80.0,7.0
16,pw-myciel4.mps.gz,705.3985839999999,1470.0285339999998,46551.0,128785.0,1,1,1,1,705.3985839999999,46551.0,705.3985839999999,705.3985839999999,705.3985839999999,46551.0,46551.0,46551.0
17,prod1.mps.gz,28.2855542,50.170138400000006,23996.0,84130.0,1,1,1,1,28.2855542,23996.0,28.2855542,28.2855542,28.2855542,23996.0,23996.0,23996.0
18,neos-3755335-nizao.mps.gz,16.354954000000003,16.8462054,1.0,1.0,1,1,1,1,16.354954000000003,1.0,16.354954000000003,16.354954000000003,16.354954000000003,1.0,1.0,1.0
19,neos-807639.mps.gz,18.8961038,9.1324434,2243.0,1797.0,1,1,0,0,9.1324434,1797.0,9.1324434,18.8961038,18.8961038,1797.0,2243.0,2243.0
20,mcsched.mps.gz,236.5687694,278.04074840000004,4272.0,20843.0,1,1,1,1,236.5687694,4272.0,236.5687694,236.5687694,236.5687694,4272.0,4272.0,4272.0
21,drayage-25-23.mps.gz,16.5980348,111.74752939999999,266.0,17749.0,1,1,1,1,16.5980348,266.0,16.5980348,16.5980348,16.5980348,266.0,266.0,266.0
22,csched010.mps.gz,2597.4028008,4089.4626696000005,98303.0,1030671.0,1,1,1,1,2597.4028008,98303.0,2597.4028008,2597.4028008,2597.4028008,98303.0,98303.0,98303.0
23,chromaticindex512-7.mps.gz,4801.0580138,1367.9046463999998,36950.0,375.0,0,1,0,0,1367.9046463999998,375.0,1367.9046463999998,1367.9046463999998,4801.0580138,375.0,375.0,36950.0
24,eilC76-2.mps.gz,2466.7006738,9620.8723758,7851.0,40399.0,1,1,1,1,2466.7006738,7851.0,2466.7006738,2466.7006738,2466.7006738,7851.0,7851.0,7851.0
25,ran12x21.mps.gz,75.6680996,410.981097,2246.0,588324.0,1,1,1,1,75.6680996,2246.0,75.6680996,75.6680996,75.6680996,2246.0,2246.0,2246.0
26,shipschedule8shipsmixuci.mps.gz,87.8743046,102.7511182,1822.0,1222.0,1,1,1,1,87.8743046,1222.0,87.8743046,87.8743046,87.8743046,1822.0,1822.0,1822.0
27,sorrell3.mps.gz,17136.851638,23083.6725004,33190.0,813520.8,1,1,1,1,17136.851638,33190.0,17136.851638,17136.851638,17136.851638,33190.0,33190.0,33190.0
28,decomp2.mps.gz,82.51137999999999,63.4363214,6.0,336.0,1,1,0,0,63.4363214,6.0,63.4363214,82.51137999999999,82.51137999999999,336.0,6.0,6.0
29,supportcase17.mps.gz,22.9367318,33.35450899999999,264.0,2388.0,1,1,1,1,22.9367318,264.0,22.9367318,22.9367318,22.9367318,264.0,264.0,264.0
30,neos-850681.mps.gz,11.967252400000001,18008.1553262,1.0,880228.4,1,1,1,1,11.967252400000001,1.0,11.967252400000001,11.967252400000001,11.967252400000001,1.0,1.0,1.0
31,neos-827015.mps.gz,1043.9401911999998,802.4592604,296.0,151.0,0,1,0,0,802.4592604,151.0,802.4592604,802.4592604,1043.9401911999998,151.0,151.0,296.0
32,supportcase40.mps.gz,1214.6557948,1950.2377068,8835.0,70894.0,1,1,1,1,1214.6557948,8835.0,1214.6557948,1214.6557948,1214.6557948,8835.0,8835.0,8835.0
33,neos-956971.mps.gz,1231.7403266000001,18340.7488552,61.0,7509.8,1,1,1,1,1231.7403266000001,61.0,1231.7403266000001,1231.7403266000001,1231.7403266000001,61.0,61.0,61.0
34,umts.mps.gz,1079.8409916,11640.9388712,144227.0,3106370.0,1,1,1,1,1079.8409916,144227.0,1079.8409916,1079.8409916,1079.8409916,144227.0,144227.0,144227.0
35,mspsphard01i.mps.gz,10493.451548000001,3655.6488849999996,323371.0,152457.0,0,1,0,0,3655.6488849999996,152457.0,3655.6488849999996,3655.6488849999996,10493.451548000001,152457.0,152457.0,323371.0
36,ci-s4.mps.gz,101.8296238,56.01635660000001,81683.0,36900.0,0,1,0,0,56.01635660000001,36900.0,56.01635660000001,56.01635660000001,101.8296238,36900.0,36900.0,81683.0
37,Test3.mps.gz,7.7357428,24.499064600000004,1.0,426.0,1,1,1,1,7.7357428,1.0,7.7357428,7.7357428,7.7357428,1.0,1.0,1.0
38,neos-4722843-widden.mps.gz,1266.7531482,3094.9476488,1048.0,18827.0,1,1,1,1,1266.7531482,1048.0,1266.7531482,1266.7531482,1266.7531482,1048.0,1048.0,1048.0
39,n3div36.mps.gz,14963.406998,18836.708382999997,306128.0,198119.8,1,1,1,1,14963.406998,198119.8,14963.406998,14963.406998,14963.406998,306128.0,306128.0,306128.0
40,map06.mps.gz,922.9703234000001,778.977456,738.0,756.0,1,1,0,0,778.977456,738.0,778.977456,922.9703234000001,922.9703234000001,756.0,738.0,738.0
41,neos-4738912-atrato.mps.gz,2764.0768872,134.2472526,278355.0,4714.0,1,0,0,0,134.2472526,4714.0,134.2472526,2764.0768872,134.2472526,4714.0,278355.0,4714.0
42,neos-4971100-bodrog.mps.gz,2.8589262000000004,2.8768458000000003,1.0,1.0,1,1,1,1,2.8589262000000004,1.0,2.8589262000000004,2.8589262000000004,2.8589262000000004,1.0,1.0,1.0
43,neos-827175.mps.gz,9.162978999999998,9.131001000000001,1.0,1.0,1,1,0,0,9.131001000000001,1.0,9.131001000000001,9.162978999999998,9.162978999999998,1.0,1.0,1.0
44,gfd-schedulen55f2d50m30k3i.mps.gz,15849.550538000001,28976.876227999997,5998.0,17451.8,1,1,1,1,15849.550538000001,5998.0,15849.550538000001,15849.550538000001,15849.550538000001,5998.0,5998.0,5998.0
45,neos-826224.mps.gz,26.7366056,37.418098199999996,1.0,1.0,1,1,1,1,26.7366056,1.0,26.7366056,26.7366056,26.7366056,1.0,1.0,1.0
46,csched008.mps.gz,914.4706658000001,1177.5545126,56979.0,177227.0,1,1,1,1,914.4706658000001,56979.0,914.4706658000001,914.4706658000001,914.4706658000001,56979.0,56979.0,56979.0
47,neos-932721.mps.gz,8.2064298,13.672796600000002,1.0,1.0,1,1,1,1,8.2064298,1.0,8.2064298,8.2064298,8.2064298,1.0,1.0,1.0
48,railway_8_1_0.mps.gz,191.2536998,349.0846548,516.0,7467.0,1,1,1,1,191.2536998,516.0,191.2536998,191.2536998,191.2536998,516.0,516.0,516.0
49,rmatr100-p5.mps.gz,604.5766104,548.8389672000001,405.0,395.0,1,1,0,0,548.8389672000001,395.0,548.8389672000001,604.5766104,604.5766104,395.0,405.0,405.0
50,roll3000.mps.gz,71.6744988,18006.222408399997,2830.0,6158300.8,1,1,1,1,71.6744988,2830.0,71.6744988,71.6744988,71.6744988,2830.0,2830.0,2830.0
51,fast0507.mps.gz,254.52336720000002,379.5599368,708.0,1014.0,1,1,1,1,254.52336720000002,708.0,254.52336720000002,254.52336720000002,254.52336720000002,708.0,708.0,708.0
52,neos-5075914-elvire.mps.gz,18000.018050000002,3160.057243,894869.0,231220.0,1,1,0,0,3160.057243,231220.0,3160.057243,18000.018050000002,18000.018050000002,231220.0,894869.0,894869.0
53,ns1208400.mps.gz,232.81875400000004,117.0251176,567.0,136.0,0,1,0,0,117.0251176,136.0,117.0251176,117.0251176,232.81875400000004,136.0,136.0,567.0
54,neos-555001.mps.gz,1.7564322,2002.266546,1.0,693016.0,0,1,1,1,1.7564322,1.0,1.7564322,2002.266546,1.7564322,1.0,693016.0,1.0
55,neos5.mps.gz,1984.8260904000003,600.8517598000001,4441157.0,1533055.0,0,0,0,0,600.8517598000001,1533055.0,600.8517598000001,600.8517598000001,600.8517598000001,1533055.0,1533055.0,1533055.0
56,fhnw-binpack4-48.mps.gz,62.761985800000005,68.8773874,24649.0,40138.0,1,1,1,1,62.761985800000005,24649.0,62.761985800000005,62.761985800000005,62.761985800000005,24649.0,24649.0,24649.0
57,neos-5115478-kaveri.mps.gz,18000.004478,12494.7298528,3459077.4,2615641.0,0,1,0,0,12494.7298528,2615641.0,12494.7298528,12494.7298528,18000.004478,2615641.0,2615641.0,3459077.4
58,neos-4760493-puerua.mps.gz,18000.038254000003,19866.015943,1.2,15407.0,1,1,1,1,18000.038254000003,1.2,18000.038254000003,18000.038254000003,18000.038254000003,1.2,1.2,1.2
59,nh97_potential.mps.gz,228.65820779999999,60.8156798,39116.0,32984.0,0,1,0,0,60.8156798,32984.0,60.8156798,60.8156798,228.65820779999999,32984.0,32984.0,39116.0
60,supportcase21i.mps.gz,94.7674504,18.2693512,2539.0,2633.0,0,0,0,0,18.2693512,2539.0,18.2693512,18.2693512,18.2693512,2633.0,2633.0,2633.0
61,neos-3699377-maori.mps.gz,723.5093305999999,461.5410954,22984.0,14774.0,0,1,0,0,461.5410954,14774.0,461.5410954,461.5410954,723.5093305999999,14774.0,14774.0,22984.0
62,dano3_3.mps.gz,113.670987,180.56527599999998,16.0,20.0,1,1,1,1,113.670987,16.0,113.670987,113.670987,113.670987,16.0,16.0,16.0
63,neos-555343.mps.gz,18000.012024000003,7720.371764799999,515209.2,1209040.0,0,1,1,0,7720.371764799999,515209.2,18000.012024000003,7720.371764799999,18000.012024000003,515209.2,1209040.0,515209.2
64,s55.mps.gz,26.9296534,26.761979399999994,1.0,1.0,0,1,0,0,26.761979399999994,1.0,26.761979399999994,26.761979399999994,26.9296534,1.0,1.0,1.0
65,mas74.mps.gz,2466.4945708,1312.7743424,7103212.0,5967997.0,0,0,0,0,1312.7743424,5967997.0,1312.7743424,1312.7743424,1312.7743424,5967997.0,5967997.0,5967997.0
66,gen-ip002.mps.gz,1482.1814974,1182.264337,5859548.0,5112787.0,0,0,0,0,1182.264337,5112787.0,1182.264337,1182.264337,1182.264337,5112787.0,5112787.0,5112787.0
67,p200x1188c.mps.gz,4.148588999999999,2960.6873892000003,1.0,1044095.0,1,1,1,1,4.148588999999999,1.0,4.148588999999999,4.148588999999999,4.148588999999999,1.0,1.0,1.0
68,neos-4984115-canche.mps.gz,25.1498052,44.8865272,1.0,1.0,1,1,1,1,25.1498052,1.0,25.1498052,25.1498052,25.1498052,1.0,1.0,1.0
69,piperout-03.mps.gz,21.2119048,59.5986816,402.0,2130.0,1,1,1,1,21.2119048,402.0,21.2119048,21.2119048,21.2119048,402.0,402.0,402.0
70,aflow30a.mps.gz,29.557138999999996,55.81464960000001,1923.0,42445.0,1,1,1,1,29.557138999999996,1923.0,29.557138999999996,29.557138999999996,29.557138999999996,1923.0,1923.0,1923.0
71,mik-250-20-75-4.mps.gz,39.9440292,364.88041820000007,7906.0,1372077.0,1,1,1,1,39.9440292,7906.0,39.9440292,39.9440292,39.9440292,7906.0,7906.0,7906.0
72,neos-3610051-istra.mps.gz,1.8706398,11.110952200000002,192.0,5098.0,1,1,1,1,1.8706398,192.0,1.8706398,1.8706398,1.8706398,192.0,192.0,192.0
73,neos-5100895-inster.mps.gz,2499.5548956000002,2254.7554162,10140.0,58065.0,1,1,0,0,2254.7554162,10140.0,2254.7554162,2499.5548956000002,2499.5548956000002,58065.0,10140.0,10140.0
74,australia-abs-cta.mps.gz,330.550416,1771.2923887999998,1849.0,95605.0,1,1,1,1,330.550416,1849.0,330.550416,330.550416,330.550416,1849.0,1849.0,1849.0
75,gus-sch.mps.gz,5.988762400000001,13.3141886,136.0,2150.0,1,1,1,1,5.988762400000001,136.0,5.988762400000001,5.988762400000001,5.988762400000001,136.0,136.0,136.0
76,neos-1330346.mps.gz,5602.5208216,3834.2126832000004,363848.0,292491.0,0,1,0,0,3834.2126832000004,292491.0,3834.2126832000004,3834.2126832000004,5602.5208216,292491.0,292491.0,363848.0
77,gen-ip036.mps.gz,662.2517475999999,605.1983085999999,2144143.0,2023646.0,0,0,0,0,605.1983085999999,2023646.0,605.1983085999999,605.1983085999999,605.1983085999999,2023646.0,2023646.0,2023646.0
78,neos-3592146-hawea.mps.gz,18000.018858,3671.1981081999998,849258.2,378205.0,0,0,0,0,3671.1981081999998,378205.0,3671.1981081999998,3671.1981081999998,3671.1981081999998,378205.0,378205.0,378205.0
79,seymour.mps.gz,17978.000971999998,18309.590666199998,453967.8,848507.8,1,1,1,1,17978.000971999998,453967.8,17978.000971999998,17978.000971999998,17978.000971999998,453967.8,453967.8,453967.8
80,neos-1445765.mps.gz,47.4345008,53.99875219999999,263.0,612.0,1,1,1,1,47.4345008,263.0,47.4345008,47.4345008,47.4345008,263.0,263.0,263.0
81,hypothyroid-k1.mps.gz,14.262865600000001,24.117798200000003,1.0,1.0,1,1,1,1,14.262865600000001,1.0,14.262865600000001,14.262865600000001,14.262865600000001,1.0,1.0,1.0
82,neos-1171448.mps.gz,6.012442,35.370317799999995,1.0,8.0,1,1,1,1,6.012442,1.0,6.012442,6.012442,6.012442,1.0,1.0,1.0
83,piperout-d27.mps.gz,82.9857524,73.3246576,902.0,152.0,0,1,0,0,73.3246576,152.0,73.3246576,73.3246576,82.9857524,152.0,152.0,902.0
84,iis-hc-cov.mps.gz,2461.912088,1782.4267458000002,69969.0,76535.0,0,1,0,0,1782.4267458000002,69969.0,1782.4267458000002,1782.4267458000002,2461.912088,76535.0,76535.0,69969.0
85,neos-3581454-haast.mps.gz,517.4409788,5628.4497108,11475.0,202155.0,1,1,1,1,517.4409788,11475.0,517.4409788,517.4409788,517.4409788,11475.0,11475.0,11475.0
86,graphdraw-gemcutter.mps.gz,68.650244,220.7182188,175780.0,885799.0,1,1,1,1,68.650244,175780.0,68.650244,68.650244,68.650244,175780.0,175780.0,175780.0
87,neos-503737.mps.gz,302.1724520000001,198.61999459999998,2729.0,5196.0,1,1,0,0,198.61999459999998,2729.0,198.61999459999998,302.1724520000001,302.1724520000001,5196.0,2729.0,2729.0
88,map18.mps.gz,308.4507002,451.5080277999999,306.0,799.0,1,1,1,1,308.4507002,306.0,308.4507002,308.4507002,308.4507002,306.0,306.0,306.0
89,neos-935769.mps.gz,18000.015492,13076.1622286,1442.6,552.0,1,1,0,0,13076.1622286,552.0,13076.1622286,18000.015492,18000.015492,552.0,1442.6,1442.6
90,lectsched-1.mps.gz,655.0781196,576.5945399999999,5518.0,1410.0,1,1,0,0,576.5945399999999,1410.0,576.5945399999999,655.0781196,655.0781196,1410.0,5518.0,5518.0
91,qnet1.mps.gz,2.6027611999999998,4.517554199999999,3.0,102.0,1,1,1,1,2.6027611999999998,3.0,2.6027611999999998,2.6027611999999998,2.6027611999999998,3.0,3.0,3.0
92,qiu.mps.gz,68.29324,47.14137080000001,10652.0,9207.0,0,1,0,0,47.14137080000001,9207.0,47.14137080000001,47.14137080000001,68.29324,9207.0,9207.0,10652.0
93,neos-957143.mps.gz,859.6462137999999,1237.9323669999999,48.0,70.0,1,1,1,1,859.6462137999999,48.0,859.6462137999999,859.6462137999999,859.6462137999999,48.0,48.0,48.0
94,map10.mps.gz,656.117494,1138.3237786000002,732.0,2333.0,1,1,1,1,656.117494,732.0,656.117494,656.117494,656.117494,732.0,732.0,732.0
95,bc1.mps.gz,144.3613042,572.8165984,1691.0,17530.0,1,1,1,1,144.3613042,1691.0,144.3613042,144.3613042,144.3613042,1691.0,1691.0,1691.0
96,supportcase37.mps.gz,161.70820880000002,305.75403220000004,23.0,1140.0,1,1,1,1,161.70820880000002,23.0,161.70820880000002,161.70820880000002,161.70820880000002,23.0,23.0,23.0
97,n2seq36f.mps.gz,18.5768498,20.4718018,1580.0,3982.0,1,1,1,1,18.5768498,1580.0,18.5768498,18.5768498,18.5768498,1580.0,1580.0,1580.0
98,beasleyC1.mps.gz,5.589071,16.8654348,1.0,1752.0,1,1,1,1,5.589071,1.0,5.589071,5.589071,5.589071,1.0,1.0,1.0
99,tbfp-network.mps.gz,745.6603434000001,1464.9999272,34.0,419.0,1,1,1,1,745.6603434000001,34.0,745.6603434000001,745.6603434000001,745.6603434000001,34.0,34.0,34.0
100,gasprod1-2.mps.gz,61.304367400000004,356.8856322,612.0,34724.0,1,1,1,1,61.304367400000004,612.0,61.304367400000004,61.304367400000004,61.304367400000004,612.0,612.0,612.0
101,f2gap201600.mps.gz,0.588332,818.3170016,1.0,621511.0,1,1,1,1,0.588332,1.0,0.588332,0.588332,0.588332,1.0,1.0,1.0
102,core2536-691.mps.gz,336.477674,1098.3606562,893.0,1199.0,1,1,1,1,336.477674,893.0,336.477674,336.477674,336.477674,893.0,893.0,893.0
103,neos-1122047.mps.gz,12.740823800000001,12.588596200000001,1.0,1.0,0,1,0,0,12.588596200000001,1.0,12.588596200000001,12.588596200000001,12.740823800000001,1.0,1.0,1.0
104,neos-1367061.mps.gz,54.63412679999999,158.23957980000003,1.0,1.0,1,1,1,1,54.63412679999999,1.0,54.63412679999999,54.63412679999999,54.63412679999999,1.0,1.0,1.0
105,neos-5195221-niemur.mps.gz,1871.3841361999998,2409.7761278000003,44657.0,117919.0,1,1,1,1,1871.3841361999998,44657.0,1871.3841361999998,1871.3841361999998,1871.3841361999998,44657.0,44657.0,44657.0
106,swath1.mps.gz,21.5661812,75.9889186,370.0,2697.0,1,1,1,1,21.5661812,370.0,21.5661812,21.5661812,21.5661812,370.0,370.0,370.0
107,toll-like.mps.gz,16718.294914,18362.047336800002,360893.0,3529829.2,1,1,1,1,16718.294914,360893.0,16718.294914,16718.294914,16718.294914,360893.0,360893.0,360893.0
108,qnet1_o.mps.gz,2.321989,3.7644903999999997,1.0,237.0,1,1,1,1,2.321989,1.0,2.321989,2.321989,2.321989,1.0,1.0,1.0
109,neos-4805882-barwon.mps.gz,507.1547892,761.7845486,14721.0,36738.0,1,1,1,1,507.1547892,14721.0,507.1547892,507.1547892,507.1547892,14721.0,14721.0,14721.0
110,glass4.mps.gz,779.9078751999999,996.3943294000001,652204.0,2576934.0,1,1,1,1,779.9078751999999,652204.0,779.9078751999999,779.9078751999999,779.9078751999999,652204.0,652204.0,652204.0
111,ns2071214.mps.gz,2777.2518310000005,1556.0080831999999,209906.0,171030.0,1,1,0,0,1556.0080831999999,171030.0,1556.0080831999999,2777.2518310000005,2777.2518310000005,171030.0,209906.0,209906.0
112,bppc4-08.mps.gz,16293.387203999999,14520.152669199999,1283811.0,3490784.0,0,1,0,0,14520.152669199999,1283811.0,14520.152669199999,14520.152669199999,16293.387203999999,3490784.0,3490784.0,1283811.0
113,p500x2988d.mps.gz,2.9572903999999993,221.3726326,1.0,17714.0,1,1,1,1,2.9572903999999993,1.0,2.9572903999999993,2.9572903999999993,2.9572903999999993,1.0,1.0,1.0
114,neos-3660371-kurow.mps.gz,452.3229868,353.3489788,95347.0,67129.0,1,1,0,0,353.3489788,67129.0,353.3489788,452.3229868,452.3229868,67129.0,95347.0,95347.0
115,neos-5129192-manaia.mps.gz,84.2043392,88.20768400000001,1.0,1.0,1,1,1,1,84.2043392,1.0,84.2043392,84.2043392,84.2043392,1.0,1.0,1.0
116,drayage-100-12.mps.gz,36.2607592,1363.9352774,1373.0,217992.0,1,1,1,1,36.2607592,1373.0,36.2607592,36.2607592,36.2607592,1373.0,1373.0,1373.0
117,mappingmesh3x3mpeg2i.mps.gz,193.5809948,238.033864,3368.0,1045.0,1,1,1,1,193.5809948,1045.0,193.5809948,193.5809948,193.5809948,3368.0,3368.0,3368.0
118,supportcase43.mps.gz,22.4406422,21.794142,1.0,1.0,1,1,0,0,21.794142,1.0,21.794142,22.4406422,22.4406422,1.0,1.0,1.0
119,neos-4724674-aorere.mps.gz,953.2490216,1627.440595,3221.0,6920.0,1,1,1,1,953.2490216,3221.0,953.2490216,953.2490216,953.2490216,3221.0,3221.0,3221.0
120,neos-4966258-blicks.mps.gz,5389.981384000001,4710.8650526,2560.0,2888.0,1,1,0,0,4710.8650526,2560.0,4710.8650526,5389.981384000001,5389.981384000001,2888.0,2560.0,2560.0
121,atlanta-ip.mps.gz,15300.894714,20142.5287894,55649.0,126363.8,1,1,1,1,15300.894714,55649.0,15300.894714,15300.894714,15300.894714,55649.0,55649.0,55649.0
122,neos-1516309.mps.gz,0.5649013999999999,1.2235838,1.0,5.0,1,1,1,1,0.5649013999999999,1.0,0.5649013999999999,0.5649013999999999,0.5649013999999999,1.0,1.0,1.0
123,neos4.mps.gz,1.0703592,1.0680724000000001,1.0,1.0,1,1,0,0,1.0680724000000001,1.0,1.0680724000000001,1.0703592,1.0703592,1.0,1.0,1.0
124,ns2034125.mps.gz,11615.20821,18547.212673399998,12420.0,175089.0,1,1,1,1,11615.20821,12420.0,11615.20821,11615.20821,11615.20821,12420.0,12420.0,12420.0
125,cbs-cta.mps.gz,34.438032199999995,82.6298416,1.0,58.0,1,1,1,1,34.438032199999995,1.0,34.438032199999995,34.438032199999995,34.438032199999995,1.0,1.0,1.0
126,piperout-27.mps.gz,32.4456376,70.4754682,102.0,758.0,1,1,1,1,32.4456376,102.0,32.4456376,32.4456376,32.4456376,102.0,102.0,102.0
127,rococoC10-001000.mps.gz,1160.157203,2284.461107,50312.0,571173.0,1,1,1,1,1160.157203,50312.0,1160.157203,1160.157203,1160.157203,50312.0,50312.0,50312.0
128,timtab1CUTS.mps.gz,167.29317300000002,131.8354246,45864.0,147008.0,0,1,0,0,131.8354246,45864.0,131.8354246,131.8354246,167.29317300000002,147008.0,147008.0,45864.0
129,app3.mps.gz,5.1533608,7.345863600000001,3.0,98.0,1,1,1,1,5.1533608,3.0,5.1533608,5.1533608,5.1533608,3.0,3.0,3.0
130,23588.mps.gz,5.5273702,4.3720266,576.0,981.0,0,1,0,0,4.3720266,576.0,4.3720266,4.3720266,5.5273702,981.0,981.0,576.0
131,neos-5079731-flyers.mps.gz,2115.353479600001,18583.5158864,7457.0,258721.2,1,1,1,1,2115.353479600001,7457.0,2115.353479600001,2115.353479600001,2115.353479600001,7457.0,7457.0,7457.0
132,msc98-ip.mps.gz,13513.64007,22282.985719800003,27544.0,3483.0,1,1,1,1,13513.64007,3483.0,13513.64007,13513.64007,13513.64007,27544.0,27544.0,27544.0
133,neos-4976951-bunnoo.mps.gz,17813.652290000005,20856.5711716,92.8,71.2,1,1,1,1,17813.652290000005,71.2,17813.652290000005,17813.652290000005,17813.652290000005,92.8,92.8,92.8
134,supportcase33.mps.gz,385.3984704,635.9946884,4878.0,17526.0,1,1,1,1,385.3984704,4878.0,385.3984704,385.3984704,385.3984704,4878.0,4878.0,4878.0
135,neos-914441.mps.gz,12.7548694,16.128371999999995,1.0,1.0,1,1,1,1,12.7548694,1.0,12.7548694,12.7548694,12.7548694,1.0,1.0,1.0
136,mario-t-hard5i.mps.gz,58.7126876,937.7509222000001,1.0,614.0,1,1,1,1,58.7126876,1.0,58.7126876,58.7126876,58.7126876,1.0,1.0,1.0
137,neos-3636886-kereu.mps.gz,583.6971166,18019.785454200002,14209.0,722590.8,1,1,1,1,583.6971166,14209.0,583.6971166,583.6971166,583.6971166,14209.0,14209.0,14209.0
138,gen-ip054.mps.gz,1274.0568372,983.9916588,5682228.0,4609954.0,0,0,0,0,983.9916588,4609954.0,983.9916588,983.9916588,983.9916588,4609954.0,4609954.0,4609954.0
139,neos-5093327-huahum.mps.gz,5543.2890742,16472.431589399996,33313.0,582167.0,1,1,1,1,5543.2890742,33313.0,5543.2890742,5543.2890742,5543.2890742,33313.0,33313.0,33313.0
140,neos-933966.mps.gz,6150.7958074,1558.7635132,734.0,87.0,1,1,0,0,1558.7635132,87.0,1558.7635132,6150.7958074,6150.7958074,87.0,734.0,734.0
141,neos-953928.mps.gz,610.7902168,18258.1323026,114.0,5162.6,1,1,1,1,610.7902168,114.0,610.7902168,610.7902168,610.7902168,114.0,114.0,114.0
142,neos-3665875-lesum.mps.gz,11028.592358,18125.7017294,339994.0,1440576.2,1,1,1,1,11028.592358,339994.0,11028.592358,11028.592358,11028.592358,339994.0,339994.0,339994.0
143,nu120-pr12.mps.gz,3.102721,9.0893918,49.0,1073.0,0,1,1,1,3.102721,49.0,3.102721,9.0893918,3.102721,49.0,1073.0,49.0
144,neos-3024952-loue.mps.gz,4260.9255554,18112.0815872,91480.0,2925120.8,1,1,1,1,4260.9255554,91480.0,4260.9255554,4260.9255554,4260.9255554,91480.0,91480.0,91480.0
145,neos-3661949-lesse.mps.gz,0.1758312,0.1760872,1.0,1.0,1,1,1,1,0.1758312,1.0,0.1758312,0.1758312,0.1758312,1.0,1.0,1.0
146,beavma.mps.gz,1.3358472000000001,9.2500348,1.0,5697.0,1,1,1,1,1.3358472000000001,1.0,1.3358472000000001,1.3358472000000001,1.3358472000000001,1.0,1.0,1.0
147,neos-4413714-turia.mps.gz,416.01690440000004,731.0466058,63.0,890.0,1,1,1,1,416.01690440000004,63.0,416.01690440000004,416.01690440000004,416.01690440000004,63.0,63.0,63.0
148,neos-3572885-glina.mps.gz,28.743449599999998,28.656882200000002,1.0,1.0,0,1,0,0,28.656882200000002,1.0,28.656882200000002,28.656882200000002,28.743449599999998,1.0,1.0,1.0
149,neos-4754521-awarau.mps.gz,122.2024702,102.93162299999999,1.0,1.0,1,1,0,0,102.93162299999999,1.0,102.93162299999999,122.2024702,122.2024702,1.0,1.0,1.0
150,neos-829552.mps.gz,529.0160063999999,370.19743600000004,213.0,123.0,0,1,0,0,370.19743600000004,123.0,370.19743600000004,370.19743600000004,529.0160063999999,123.0,123.0,213.0
151,neos-3611447-jijia.mps.gz,1.1303822000000001,8.402598399999999,143.0,9767.0,1,1,1,1,1.1303822000000001,143.0,1.1303822000000001,1.1303822000000001,1.1303822000000001,143.0,143.0,143.0
152,dano3_5.mps.gz,429.3067306,419.3398219999999,229.0,138.0,1,1,1,0,419.3398219999999,138.0,429.3067306,429.3067306,429.3067306,229.0,229.0,229.0
153,app1-2.mps.gz,1089.4512156,527.8785584,40804.0,11191.0,0,1,0,0,527.8785584,11191.0,527.8785584,527.8785584,1089.4512156,11191.0,11191.0,40804.0
154,seymour1.mps.gz,80.38961439999999,182.88228900000001,972.0,2878.0,1,1,1,1,80.38961439999999,972.0,80.38961439999999,80.38961439999999,80.38961439999999,972.0,972.0,972.0
155,neos-3696678-lyvia.mps.gz,0.1850156,0.1811794,1.0,1.0,0,1,0,0,0.1811794,1.0,0.1811794,0.1811794,0.1850156,1.0,1.0,1.0
156,bmocbd2.mps.gz,43.93352539999999,42.527814,1.0,1.0,1,0,0,0,42.527814,1.0,42.527814,43.93352539999999,42.527814,1.0,1.0,1.0
157,icir97_tension.mps.gz,3779.6746648,15449.0539984,1112767.0,12716437.0,0,1,1,1,3779.6746648,1112767.0,3779.6746648,15449.0539984,3779.6746648,1112767.0,12716437.0,1112767.0
158,neos-4260495-otere.mps.gz,1061.9540464000002,919.4570668,155.0,86.0,1,1,0,0,919.4570668,86.0,919.4570668,1061.9540464000002,1061.9540464000002,86.0,155.0,155.0
159,lectsched-4-obj.mps.gz,5.9749798,22.306879399999996,5.0,1395.0,1,1,1,1,5.9749798,5.0,5.9749798,5.9749798,5.9749798,5.0,5.0,5.0
160,fiball.mps.gz,1015.0612097999998,956.9211428000001,3495.0,5442.0,1,1,0,0,956.9211428000001,3495.0,956.9211428000001,1015.0612097999998,1015.0612097999998,5442.0,3495.0,3495.0
161,graphdraw-domain.mps.gz,1545.6676489999998,15832.677139399999,2008061.0,24553839.0,1,1,1,1,1545.6676489999998,2008061.0,1545.6676489999998,1545.6676489999998,1545.6676489999998,2008061.0,2008061.0,2008061.0
162,neos-1061020.mps.gz,587.135897,261.851356,1442.0,480.0,0,1,0,0,261.851356,480.0,261.851356,261.851356,587.135897,480.0,480.0,1442.0
163,neos-950242.mps.gz,242.80962979999998,102.6932902,100.0,46.0,0,1,0,0,102.6932902,46.0,102.6932902,102.6932902,242.80962979999998,46.0,46.0,100.0
164,supportcase34.mps.gz,1013.883826,12317.341191999998,5869.0,96735.0,1,1,1,1,1013.883826,5869.0,1013.883826,1013.883826,1013.883826,5869.0,5869.0,5869.0
165,neos-933638.mps.gz,14587.569504,1597.4359769999999,983.0,64.0,1,1,0,0,1597.4359769999999,64.0,1597.4359769999999,14587.569504,14587.569504,64.0,983.0,983.0
166,blend2.mps.gz,2.3689878,2.4917086,854.0,1041.0,1,1,1,1,2.3689878,854.0,2.3689878,2.3689878,2.3689878,854.0,854.0,854.0
167,aflow40b.mps.gz,817.3055668000001,11381.4332632,34552.0,5221215.0,1,1,1,1,817.3055668000001,34552.0,817.3055668000001,817.3055668000001,817.3055668000001,34552.0,34552.0,34552.0
168,neos17.mps.gz,7.8058304,13.031453200000001,2965.0,6293.0,1,1,1,1,7.8058304,2965.0,7.8058304,7.8058304,7.8058304,2965.0,2965.0,2965.0
169,eil33-2.mps.gz,83.3946848,87.7023928,777.0,565.0,1,1,1,1,83.3946848,565.0,83.3946848,83.3946848,83.3946848,777.0,777.0,777.0
170,neos-578379.mps.gz,534.4017044,1676.3287424000002,2269.0,7086.0,0,1,1,1,534.4017044,2269.0,534.4017044,1676.3287424000002,534.4017044,2269.0,7086.0,2269.0
171,neos-799711.mps.gz,5958.7626928,4301.7964448,622.0,179.0,1,1,0,0,4301.7964448,179.0,4301.7964448,5958.7626928,5958.7626928,179.0,622.0,622.0
172,ab72-40-100.mps.gz,604.7663736000001,614.0146391999999,152.0,152.0,1,1,1,1,604.7663736000001,152.0,604.7663736000001,604.7663736000001,604.7663736000001,152.0,152.0,152.0
173,piperout-08.mps.gz,29.729939,65.68900900000001,135.0,1377.0,1,1,1,1,29.729939,135.0,29.729939,29.729939,29.729939,135.0,135.0,135.0
174,triptim1.mps.gz,2446.3826584,1200.9848774000002,78.0,11.0,0,1,0,0,1200.9848774000002,11.0,1200.9848774000002,1200.9848774000002,2446.3826584,11.0,11.0,78.0
175,neos-4359986-taipa.mps.gz,18000.006355999998,20459.474438800004,1.0,544.0,1,1,1,1,18000.006355999998,1.0,18000.006355999998,18000.006355999998,18000.006355999998,1.0,1.0,1.0
176,n13-3.mps.gz,7.424550600000001,107.2088974,185.0,24332.0,1,1,1,1,7.424550600000001,185.0,7.424550600000001,7.424550600000001,7.424550600000001,185.0,185.0,185.0
177,enlight8.mps.gz,0.0083472,0.0123294,1.0,1.0,1,1,1,1,0.0083472,1.0,0.0083472,0.0083472,0.0083472,1.0,1.0,1.0
178,unitcal_7.mps.gz,940.7999258,10890.2500702,705.0,196989.0,1,1,1,1,940.7999258,705.0,940.7999258,940.7999258,940.7999258,705.0,705.0,705.0
179,supportcase27i.mps.gz,36.7637754,38.4378818,3221.0,5720.0,1,1,1,1,36.7637754,3221.0,36.7637754,36.7637754,36.7637754,3221.0,3221.0,3221.0
180,graph20-20-1rand.mps.gz,14.9157914,8.4633768,629.0,1111.0,0,1,0,0,8.4633768,629.0,8.4633768,8.4633768,14.9157914,1111.0,1111.0,629.0
181,mine-90-10.mps.gz,380.2144736000001,200.53590900000003,27540.0,31964.0,0,1,0,0,200.53590900000003,27540.0,200.53590900000003,200.53590900000003,380.2144736000001,31964.0,31964.0,27540.0
182,mkc1.mps.gz,3654.860618,18076.129800000002,701606.0,7052650.8,1,1,1,1,3654.860618,701606.0,3654.860618,3654.860618,3654.860618,701606.0,701606.0,701606.0
183,acc-tight5.mps.gz,277.7351116,235.0422592,733.0,713.0,1,1,0,0,235.0422592,713.0,235.0422592,277.7351116,277.7351116,713.0,733.0,733.0
184,rmatr100-p10.mps.gz,222.17047200000002,197.5991714,739.0,797.0,1,1,0,0,197.5991714,739.0,197.5991714,222.17047200000002,222.17047200000002,797.0,739.0,739.0
185,gr4x6.mps.gz,0.0120334,0.0419296,1.0,24.0,0,1,1,1,0.0120334,1.0,0.0120334,0.0419296,0.0120334,1.0,24.0,1.0
186,neos-954925.mps.gz,14493.477158000003,19008.426991400003,2258.0,1384.4,1,1,1,1,14493.477158000003,1384.4,14493.477158000003,14493.477158000003,14493.477158000003,2258.0,2258.0,2258.0
187,markshare_4_0.mps.gz,195.5425088,173.5291386,2188801.0,2130216.0,0,0,0,0,173.5291386,2130216.0,173.5291386,173.5291386,173.5291386,2130216.0,2130216.0,2130216.0
188,neos-480878.mps.gz,19.7946826,31.551795399999996,1347.0,4246.0,1,1,1,1,19.7946826,1347.0,19.7946826,19.7946826,19.7946826,1347.0,1347.0,1347.0
189,neos-5193246-nerang.mps.gz,1171.8131899999998,1700.2436124,7082.0,17117.0,1,1,1,1,1171.8131899999998,7082.0,1171.8131899999998,1171.8131899999998,1171.8131899999998,7082.0,7082.0,7082.0
190,neos18.mps.gz,16.1190822,33.346456599999996,1144.0,6376.0,1,1,1,1,16.1190822,1144.0,16.1190822,16.1190822,16.1190822,1144.0,1144.0,1144.0
191,p500x2988c.mps.gz,2.8025618000000003,3.414457,1.0,27.0,1,1,1,1,2.8025618000000003,1.0,2.8025618000000003,2.8025618000000003,2.8025618000000003,1.0,1.0,1.0
192,neos-5083528-gimone.mps.gz,41.0202774,80.7665824,4.0,21.0,1,1,1,1,41.0202774,4.0,41.0202774,41.0202774,41.0202774,4.0,4.0,4.0
193,nu120-pr9.mps.gz,17063.06433,18847.8097124,315913.0,1402573.8,1,1,1,1,17063.06433,315913.0,17063.06433,17063.06433,17063.06433,315913.0,315913.0,315913.0
194,air03.mps.gz,2.5151131999999996,4.242899800000001,1.0,1.0,1,1,1,1,2.5151131999999996,1.0,2.5151131999999996,2.5151131999999996,2.5151131999999996,1.0,1.0,1.0
195,neos-585192.mps.gz,25.876691800000003,17.7957912,621.0,599.0,0,1,0,0,17.7957912,599.0,17.7957912,17.7957912,25.876691800000003,599.0,599.0,621.0
196,neos-4333596-skien.mps.gz,132.1096942,504.4814936000001,91755.0,472118.0,1,1,1,1,132.1096942,91755.0,132.1096942,132.1096942,132.1096942,91755.0,91755.0,91755.0
197,nsa.mps.gz,2.3615494000000004,3.6883643999999998,219.0,230.0,1,1,1,1,2.3615494000000004,219.0,2.3615494000000004,2.3615494000000004,2.3615494000000004,219.0,219.0,219.0
198,30_70_45_05_100.mps.gz,282.653795,402.3242628,46.0,201.0,1,1,1,1,282.653795,46.0,282.653795,282.653795,282.653795,46.0,46.0,46.0
199,neos-941313.mps.gz,2074.7791808,19454.2162938,7.0,631.6,1,1,1,1,2074.7791808,7.0,2074.7791808,2074.7791808,2074.7791808,7.0,7.0,7.0
200,l2p12.mps.gz,91.19140780000001,790.3184564000001,650.0,99012.0,1,1,1,1,91.19140780000001,650.0,91.19140780000001,91.19140780000001,91.19140780000001,650.0,650.0,650.0
201,neos-824661.mps.gz,1373.5413261999997,587.4361661999999,36.0,8.0,1,1,0,0,587.4361661999999,8.0,587.4361661999999,1373.5413261999997,1373.5413261999997,8.0,36.0,36.0
202,neos-848589.mps.gz,15642.312333999998,25656.9137502,989.0,11516.6,1,1,1,1,15642.312333999998,989.0,15642.312333999998,15642.312333999998,15642.312333999998,989.0,989.0,989.0
203,drayage-25-32.mps.gz,303.6984012000001,1018.602079,11988.0,136931.0,1,1,1,1,303.6984012000001,11988.0,303.6984012000001,303.6984012000001,303.6984012000001,11988.0,11988.0,11988.0
204,neos-1601936.mps.gz,11527.267045999999,19466.9746372,14529.0,1.0,1,1,1,1,11527.267045999999,1.0,11527.267045999999,11527.267045999999,11527.267045999999,14529.0,14529.0,14529.0
205,uct-subprob.mps.gz,3212.4141156,18113.345814,75300.0,2159025.8,1,1,1,1,3212.4141156,75300.0,3212.4141156,3212.4141156,3212.4141156,75300.0,75300.0,75300.0
206,supportcase4.mps.gz,3.8060838000000006,113.72958560000002,1.0,160.0,1,1,1,1,3.8060838000000006,1.0,3.8060838000000006,3.8060838000000006,3.8060838000000006,1.0,1.0,1.0
207,neos-787933.mps.gz,2.9341156,2.8857912,1.0,1.0,0,1,0,0,2.8857912,1.0,2.8857912,2.8857912,2.9341156,1.0,1.0,1.0
208,rocI-4-11.mps.gz,133.4769376,109.88694740000001,14096.0,23652.0,0,1,0,0,109.88694740000001,14096.0,109.88694740000001,109.88694740000001,133.4769376,23652.0,23652.0,14096.0
209,neos-1582420.mps.gz,46.9103396,217.7138042,6.0,18818.0,1,1,1,1,46.9103396,6.0,46.9103396,46.9103396,46.9103396,6.0,6.0,6.0
210,rpp22falsei.mps.gz,132.0929596,116.6253922,1111.0,254.0,1,1,0,0,116.6253922,254.0,116.6253922,132.0929596,132.0929596,254.0,1111.0,1111.0
211,eilA101-2.mps.gz,12999.970379999999,24914.9864,35255.0,29911.4,1,1,1,1,12999.970379999999,29911.4,12999.970379999999,12999.970379999999,12999.970379999999,35255.0,35255.0,35255.0
212,neos-5188808-nattai.mps.gz,1334.3900994,1376.6704078,11023.0,11213.0,1,1,1,1,1334.3900994,11023.0,1334.3900994,1334.3900994,1334.3900994,11023.0,11023.0,11023.0
213,ab69-40-100.mps.gz,376.76605600000005,422.5175934,89.0,109.0,1,1,1,1,376.76605600000005,89.0,376.76605600000005,376.76605600000005,376.76605600000005,89.0,89.0,89.0
214,noswot.mps.gz,16.768346,57.50828260000001,54539.0,325750.0,1,1,1,1,16.768346,54539.0,16.768346,16.768346,16.768346,54539.0,54539.0,54539.0
215,f2gap401600.mps.gz,0.45783679999999993,373.5870696,1.0,198577.0,1,1,1,1,0.45783679999999993,1.0,0.45783679999999993,0.45783679999999993,0.45783679999999993,1.0,1.0,1.0
216,neos-555884.mps.gz,142.275584,18007.0805292,6120.0,3826958.2,1,1,1,1,142.275584,6120.0,142.275584,142.275584,142.275584,6120.0,6120.0,6120.0
217,biella1.mps.gz,976.6691972000001,3078.1726054,199.0,10432.0,1,1,1,1,976.6691972000001,199.0,976.6691972000001,976.6691972000001,976.6691972000001,199.0,199.0,199.0
218,supportcase7.mps.gz,225.47336479999998,276.835082,24.0,3061.0,1,1,1,1,225.47336479999998,24.0,225.47336479999998,225.47336479999998,225.47336479999998,24.0,24.0,24.0
219,co-100.mps.gz,4487.4388496,21454.686952,6091.0,621503.4,1,1,1,1,4487.4388496,6091.0,4487.4388496,4487.4388496,4487.4388496,6091.0,6091.0,6091.0
220,bley_xl1.mps.gz,25.4114786,71.2469166,8.0,150.0,1,1,1,1,25.4114786,8.0,25.4114786,25.4114786,25.4114786,8.0,8.0,8.0
221,neos-585467.mps.gz,13.356762,8.0100752,124.0,122.0,0,1,0,0,8.0100752,122.0,8.0100752,8.0100752,13.356762,122.0,122.0,124.0
222,cap6000.mps.gz,4.146768799999999,3.683461800000001,2009.0,1906.0,1,1,0,0,3.683461800000001,1906.0,3.683461800000001,4.146768799999999,4.146768799999999,1906.0,2009.0,2009.0
223,neos-3610173-itata.mps.gz,1.8979388,15.077051399999998,1.0,6854.0,1,1,1,1,1.8979388,1.0,1.8979388,1.8979388,1.8979388,1.0,1.0,1.0
224,osorio-cta.mps.gz,1.9010566,2.9577432000000003,127.0,187.0,1,1,1,1,1.9010566,127.0,1.9010566,1.9010566,1.9010566,127.0,127.0,127.0
225,opm2-z8-s0.mps.gz,1561.3238669999996,1935.066277,3495.0,6931.0,1,1,1,1,1561.3238669999996,3495.0,1561.3238669999996,1561.3238669999996,1561.3238669999996,3495.0,3495.0,3495.0
226,pk1.mps.gz,129.7002432,104.9290696,325579.0,372837.0,0,1,0,0,104.9290696,325579.0,104.9290696,104.9290696,129.7002432,372837.0,372837.0,325579.0
227,k1mushroom.mps.gz,1712.3987461999998,4350.123734,1.0,9.0,1,1,1,1,1712.3987461999998,1.0,1712.3987461999998,1712.3987461999998,1712.3987461999998,1.0,1.0,1.0
228,neos-3761878-oglio.mps.gz,100.8022536,111.7829674,1210.0,1475.0,1,1,1,1,100.8022536,1210.0,100.8022536,100.8022536,100.8022536,1210.0,1210.0,1210.0
229,csched007.mps.gz,2023.0807725999998,18046.045666,123917.0,3958925.8,1,1,1,1,2023.0807725999998,123917.0,2023.0807725999998,2023.0807725999998,2023.0807725999998,123917.0,123917.0,123917.0
230,pigeon-10.mps.gz,19.795212000000003,143.74852360000003,36051.0,436711.0,1,1,1,1,19.795212000000003,36051.0,19.795212000000003,19.795212000000003,19.795212000000003,36051.0,36051.0,36051.0
231,loopha13.mps.gz,18000.00151,9545.8271106,1712951.6,1570481.0,1,1,0,0,9545.8271106,1570481.0,9545.8271106,18000.00151,18000.00151,1570481.0,1712951.6,1712951.6
232,neos-2987310-joes.mps.gz,29.4417078,29.3270748,1.0,1.0,1,1,0,0,29.3270748,1.0,29.3270748,29.4417078,29.4417078,1.0,1.0,1.0
233,app1-1.mps.gz,7.716334400000001,7.7745114,12.0,4.0,1,1,1,1,7.716334400000001,4.0,7.716334400000001,7.716334400000001,7.716334400000001,12.0,12.0,12.0
234,bmocbd.mps.gz,49.7951904,47.2024152,1.0,1.0,1,0,0,0,47.2024152,1.0,47.2024152,49.7951904,47.2024152,1.0,1.0,1.0
235,10teams.mps.gz,10.997772000000001,15.6994958,30.0,276.0,1,1,1,1,10.997772000000001,30.0,10.997772000000001,10.997772000000001,10.997772000000001,30.0,30.0,30.0
236,neos-3354841-apure.mps.gz,235.4587436,521.5908103999999,1.0,1.0,1,1,1,1,235.4587436,1.0,235.4587436,235.4587436,235.4587436,1.0,1.0,1.0
237,rail507.mps.gz,183.7363448,234.8776574,836.0,1010.0,1,1,1,1,183.7363448,836.0,183.7363448,183.7363448,183.7363448,836.0,836.0,836.0
238,gasprod1-3.mps.gz,33.38834000000001,220.244043,378.0,28980.0,1,1,1,1,33.38834000000001,378.0,33.38834000000001,33.38834000000001,33.38834000000001,378.0,378.0,378.0
239,neos-957323.mps.gz,205.1495622,477.2654176,19.0,10.0,1,1,1,1,205.1495622,10.0,205.1495622,205.1495622,205.1495622,19.0,19.0,19.0
240,tanglegram6.mps.gz,16.654663399999997,17.6535734,7.0,7.0,1,1,1,1,16.654663399999997,7.0,16.654663399999997,16.654663399999997,16.654663399999997,7.0,7.0,7.0
241,neos-1445743.mps.gz,35.453486399999996,43.2246684,69.0,182.0,1,1,1,1,35.453486399999996,69.0,35.453486399999996,35.453486399999996,35.453486399999996,69.0,69.0,69.0
242,neos-5149806-wieprz.mps.gz,5288.9435004,2148.3089095999994,13350.0,276.0,0,1,0,0,2148.3089095999994,276.0,2148.3089095999994,2148.3089095999994,5288.9435004,276.0,276.0,13350.0
243,fiber.mps.gz,1.4795255999999999,14.1691888,1.0,2602.0,1,1,1,1,1.4795255999999999,1.0,1.4795255999999999,1.4795255999999999,1.4795255999999999,1.0,1.0,1.0
244,square23.mps.gz,193.44608399999998,180.8193812,178.0,178.0,0,1,0,0,180.8193812,178.0,180.8193812,180.8193812,193.44608399999998,178.0,178.0,178.0
245,fjspeasy01i.mps.gz,284.8054326,508.3420956,31.0,47.0,1,1,1,1,284.8054326,31.0,284.8054326,284.8054326,284.8054326,31.0,31.0,31.0
246,rocII-5-11.mps.gz,17912.615364,16896.9806028,1289949.6,1681072.4,1,1,0,0,16896.9806028,1289949.6,16896.9806028,17912.615364,17912.615364,1681072.4,1289949.6,1289949.6
247,neos-1223462.mps.gz,6.6338308,12.8918848,1.0,1.0,1,1,1,1,6.6338308,1.0,6.6338308,6.6338308,6.6338308,1.0,1.0,1.0
248,dcmulti.mps.gz,1.9788972,2.3990038,90.0,1425.0,1,1,1,1,1.9788972,90.0,1.9788972,1.9788972,1.9788972,90.0,90.0,90.0
249,neos-960392.mps.gz,1027.753535,1509.3175066,43.0,131.0,1,1,1,1,1027.753535,43.0,1027.753535,1027.753535,1027.753535,43.0,43.0,43.0
250,brazil3.mps.gz,15227.835190000002,24334.664177599996,4669.0,11584.8,1,1,1,1,15227.835190000002,4669.0,15227.835190000002,15227.835190000002,15227.835190000002,4669.0,4669.0,4669.0
251,neos-3610040-iskar.mps.gz,2.7643043999999994,10.49545,197.0,8620.0,1,1,1,1,2.7643043999999994,197.0,2.7643043999999994,2.7643043999999994,2.7643043999999994,197.0,197.0,197.0
252,neos-820879.mps.gz,66.1362364,140.06427779999999,123.0,3015.0,1,1,1,1,66.1362364,123.0,66.1362364,66.1362364,66.1362364,123.0,123.0,123.0
253,neos-4338804-snowy.mps.gz,6097.433702200001,18007.416343,4344551.0,23368235.6,0,1,1,1,6097.433702200001,4344551.0,6097.433702200001,18007.416343,6097.433702200001,4344551.0,23368235.6,4344551.0
254,mine-166-5.mps.gz,45.3627316,42.781084400000005,2681.0,1228.0,1,1,0,0,42.781084400000005,1228.0,42.781084400000005,45.3627316,45.3627316,1228.0,2681.0,2681.0
255,mik-250-20-75-1.mps.gz,11.567879399999999,31.190802400000003,993.0,94342.0,1,1,1,1,11.567879399999999,993.0,11.567879399999999,11.567879399999999,11.567879399999999,993.0,993.0,993.0
256,nursesched-sprint-late03.mps.gz,171.63675160000003,18041.9728918,423.0,217057.6,1,1,1,1,171.63675160000003,423.0,171.63675160000003,171.63675160000003,171.63675160000003,423.0,423.0,423.0
257,neos-1456979.mps.gz,4261.218316799999,19238.485108600005,37883.0,171574.2,1,1,1,1,4261.218316799999,37883.0,4261.218316799999,4261.218316799999,4261.218316799999,37883.0,37883.0,37883.0
258,manna81.mps.gz,0.49036359999999996,18000.4015842,1.0,3218728.8,1,1,1,1,0.49036359999999996,1.0,0.49036359999999996,0.49036359999999996,0.49036359999999996,1.0,1.0,1.0
259,s250r10.mps.gz,2530.889602,6874.896686800001,8846.0,42176.0,1,1,1,1,2530.889602,8846.0,2530.889602,2530.889602,2530.889602,8846.0,8846.0,8846.0
260,var-smallemery-m6j6.mps.gz,7171.0383596,10328.2485844,685889.0,836578.0,1,1,1,1,7171.0383596,685889.0,7171.0383596,7171.0383596,7171.0383596,685889.0,685889.0,685889.0
261,neos-525149.mps.gz,7.968122200000001,12.4147742,1.0,1.0,1,1,1,1,7.968122200000001,1.0,7.968122200000001,7.968122200000001,7.968122200000001,1.0,1.0,1.0
262,ns1760995.mps.gz,13449.73626,30762.450262,1.0,1.0,1,1,1,1,13449.73626,1.0,13449.73626,13449.73626,13449.73626,1.0,1.0,1.0
263,neos-3437289-erdre.mps.gz,0.14009739999999998,0.1452674,1.0,1.0,1,1,1,1,0.14009739999999998,1.0,0.14009739999999998,0.14009739999999998,0.14009739999999998,1.0,1.0,1.0
264,enlight_hard.mps.gz,0.009587,0.010307599999999998,1.0,1.0,1,1,1,1,0.009587,1.0,0.009587,0.009587,0.009587,1.0,1.0,1.0
265,irp.mps.gz,14.9046502,26.223417599999998,1.0,10.0,1,1,1,1,14.9046502,1.0,14.9046502,14.9046502,14.9046502,1.0,1.0,1.0
266,reblock166.mps.gz,2260.9258848000004,10934.651982399999,194918.0,3126462.0,1,1,1,1,2260.9258848000004,194918.0,2260.9258848000004,2260.9258848000004,2260.9258848000004,194918.0,194918.0,194918.0
267,sp98ic.mps.gz,8603.4186402,13704.848994,141964.0,432282.0,1,1,1,1,8603.4186402,141964.0,8603.4186402,8603.4186402,8603.4186402,141964.0,141964.0,141964.0
268,fastxgemm-n2r7s4t1.mps.gz,1239.0311922,12741.894169199999,187498.0,1794161.0,1,1,1,1,1239.0311922,187498.0,1239.0311922,1239.0311922,1239.0311922,187498.0,187498.0,187498.0
269,ej.mps.gz,322.04046800000003,18000.7242826,123786.0,39078443.4,1,1,1,1,322.04046800000003,123786.0,322.04046800000003,322.04046800000003,322.04046800000003,123786.0,123786.0,123786.0
270,neos-565672.mps.gz,11136.328182000001,28543.802394,1.0,6719.4,1,1,1,1,11136.328182000001,1.0,11136.328182000001,11136.328182000001,11136.328182000001,1.0,1.0,1.0
271,iis-glass-cov.mps.gz,638.9593811999999,465.8646154,24361.0,25501.0,0,1,0,0,465.8646154,24361.0,465.8646154,465.8646154,638.9593811999999,25501.0,25501.0,24361.0
272,neos-911970.mps.gz,71.95028319999999,18004.631850600003,14550.0,25645727.4,1,1,1,1,71.95028319999999,14550.0,71.95028319999999,71.95028319999999,71.95028319999999,14550.0,14550.0,14550.0
273,cmflsp50-24-8-8.mps.gz,11752.662314000001,18633.5434974,184502.0,4355.4,1,1,1,1,11752.662314000001,4355.4,11752.662314000001,11752.662314000001,11752.662314000001,184502.0,184502.0,184502.0
274,npmv07.mps.gz,106.17089200000001,238.6638168,3.0,16.0,1,1,1,1,106.17089200000001,3.0,106.17089200000001,106.17089200000001,106.17089200000001,3.0,3.0,3.0
275,neos-5178119-nalagi.mps.gz,1259.1900025999998,854.5002787999999,18327.0,36256.0,0,1,0,0,854.5002787999999,18327.0,854.5002787999999,854.5002787999999,1259.1900025999998,36256.0,36256.0,18327.0
276,rout.mps.gz,20.939395400000002,23.3770792,1366.0,10946.0,1,1,1,1,20.939395400000002,1366.0,20.939395400000002,20.939395400000002,20.939395400000002,1366.0,1366.0,1366.0
277,blp-ir98.mps.gz,120.183113,1421.3951528,2945.0,247091.0,1,1,1,1,120.183113,2945.0,120.183113,120.183113,120.183113,2945.0,2945.0,2945.0
278,gen.mps.gz,0.037547,0.1278798,1.0,5.0,1,1,1,1,0.037547,1.0,0.037547,0.037547,0.037547,1.0,1.0,1.0
279,splice1k1.mps.gz,6177.4253854,3785.4675206,592.0,546.0,0,1,0,0,3785.4675206,546.0,3785.4675206,3785.4675206,6177.4253854,546.0,546.0,592.0
280,neos-686190.mps.gz,164.4598102,160.42203479999998,4101.0,5778.0,0,1,0,0,160.42203479999998,4101.0,160.42203479999998,160.42203479999998,164.4598102,5778.0,5778.0,4101.0
281,roi2alpha3n4.mps.gz,1749.2685446,18584.2570988,14515.0,444740.6,1,1,1,1,1749.2685446,14515.0,1749.2685446,1749.2685446,1749.2685446,14515.0,14515.0,14515.0
282,bienst2.mps.gz,728.1121043999999,318.54487819999997,80837.0,102409.0,1,1,0,0,318.54487819999997,80837.0,318.54487819999997,728.1121043999999,728.1121043999999,102409.0,80837.0,80837.0
283,chromaticindex256-8.mps.gz,240.9173346,1954.8576518000002,863.0,20756.0,1,1,1,1,240.9173346,863.0,240.9173346,240.9173346,240.9173346,863.0,863.0,863.0
284,rlp1.mps.gz,0.21183559999999999,0.3399138,51.0,225.0,1,1,1,1,0.21183559999999999,51.0,0.21183559999999999,0.21183559999999999,0.21183559999999999,51.0,51.0,51.0
285,lectsched-3.mps.gz,352.77449240000004,322.9832592,1652.0,678.0,1,1,0,0,322.9832592,678.0,322.9832592,352.77449240000004,352.77449240000004,678.0,1652.0,1652.0
286,neos-885524.mps.gz,522.417669,18511.717227600002,176.0,329556.6,1,1,1,1,522.417669,176.0,522.417669,522.417669,522.417669,176.0,176.0,176.0
287,arki001.mps.gz,18000.962310000003,3273.9329628,2268924.0,1761208.0,0,1,0,0,3273.9329628,1761208.0,3273.9329628,3273.9329628,18000.962310000003,1761208.0,1761208.0,2268924.0
288,neos-1599274.mps.gz,2.8716172,4.995415599999999,1.0,1.0,1,1,1,1,2.8716172,1.0,2.8716172,2.8716172,2.8716172,1.0,1.0,1.0
289,rentacar.mps.gz,1.553789,3.8701906,8.0,10.0,1,1,1,1,1.553789,8.0,1.553789,1.553789,1.553789,8.0,8.0,8.0
290,n2seq36q.mps.gz,223.1076674,862.3865926000001,934.0,43811.0,1,1,1,1,223.1076674,934.0,223.1076674,223.1076674,223.1076674,934.0,934.0,934.0
291,mitre.mps.gz,7.0639488,13.844088600000001,1.0,18.0,0,1,1,1,7.0639488,1.0,7.0639488,13.844088600000001,7.0639488,1.0,18.0,1.0
292,neos-5018451-chiese.mps.gz,881.0184241999999,2416.9166426,3511.0,4543.0,1,1,1,1,881.0184241999999,3511.0,881.0184241999999,881.0184241999999,881.0184241999999,3511.0,3511.0,3511.0
293,neos-3402294-bobin.mps.gz,228.1273628,18047.961717000002,621.0,1921895.6,1,1,1,1,228.1273628,621.0,228.1273628,228.1273628,228.1273628,621.0,621.0,621.0
294,bab5.mps.gz,13413.205184,18508.4928278,204088.0,381053.0,1,1,1,1,13413.205184,204088.0,13413.205184,13413.205184,13413.205184,204088.0,204088.0,204088.0
295,bc.mps.gz,414.88762280000003,13583.045256000001,2375.0,523884.0,1,1,1,1,414.88762280000003,2375.0,414.88762280000003,414.88762280000003,414.88762280000003,2375.0,2375.0,2375.0
296,lectsched-2.mps.gz,10.8451562,16.5031304,15.0,101.0,1,1,1,1,10.8451562,15.0,10.8451562,10.8451562,10.8451562,15.0,15.0,15.0
297,neos-2328163-agri.mps.gz,4123.608445,18476.2280336,139404.0,1351677.8,1,1,1,1,4123.608445,139404.0,4123.608445,4123.608445,4123.608445,139404.0,139404.0,139404.0
298,supportcase16.mps.gz,0.114897,0.2011282,1.0,1.0,1,1,1,1,0.114897,1.0,0.114897,0.114897,0.114897,1.0,1.0,1.0
299,neos-860300.mps.gz,37.6803022,53.739853200000006,1.0,5.0,1,1,1,1,37.6803022,1.0,37.6803022,37.6803022,37.6803022,1.0,1.0,1.0
300,shipschedule6shipsmixi.mps.gz,19.078245,46.3392588,10.0,170.0,1,1,1,1,19.078245,10.0,19.078245,19.078245,19.078245,10.0,10.0,10.0
301,mik-250-20-75-5.mps.gz,11.8418406,33.5546056,1409.0,91136.0,1,1,1,1,11.8418406,1409.0,11.8418406,11.8418406,11.8418406,1409.0,1409.0,1409.0
302,neos-831188.mps.gz,456.8004432000001,322.0592716,2993.0,3542.0,0,1,0,0,322.0592716,2993.0,322.0592716,322.0592716,456.8004432000001,3542.0,3542.0,2993.0
303,square31.mps.gz,9628.709957399999,10304.391069199999,1367.0,1367.0,1,1,1,1,9628.709957399999,1367.0,9628.709957399999,9628.709957399999,9628.709957399999,1367.0,1367.0,1367.0
304,neos-1445738.mps.gz,27.0168008,40.260532,349.0,583.0,1,1,1,1,27.0168008,349.0,27.0168008,27.0168008,27.0168008,349.0,349.0,349.0
305,gasprod2-1.mps.gz,2875.7895562000003,14626.9432688,3032.0,9609.0,1,1,1,1,2875.7895562000003,3032.0,2875.7895562000003,2875.7895562000003,2875.7895562000003,3032.0,3032.0,3032.0
306,opm2-z7-s8.mps.gz,237.84860840000002,275.3465582,2835.0,2984.0,1,1,1,1,237.84860840000002,2835.0,237.84860840000002,237.84860840000002,237.84860840000002,2835.0,2835.0,2835.0
307,nursesched-sprint02.mps.gz,48.81737700000001,462.4059536,5.0,2272.0,1,1,1,1,48.81737700000001,5.0,48.81737700000001,48.81737700000001,48.81737700000001,5.0,5.0,5.0
308,neos-3148108-pahi.mps.gz,3.7202436,3.7259912,1.0,1.0,1,1,1,1,3.7202436,1.0,3.7202436,3.7202436,3.7202436,1.0,1.0,1.0
309,neos-5013590-toitoi.mps.gz,18000.00697,29051.532241800003,1.0,31417.0,1,1,1,1,18000.00697,1.0,18000.00697,18000.00697,18000.00697,1.0,1.0,1.0
310,h80x6320.mps.gz,1.7519993999999997,1.7528374,1.0,1.0,1,1,1,1,1.7519993999999997,1.0,1.7519993999999997,1.7519993999999997,1.7519993999999997,1.0,1.0,1.0
311,neos-555424.mps.gz,226.2933654,3772.4279882,21771.0,826575.0,1,1,1,1,226.2933654,21771.0,226.2933654,226.2933654,226.2933654,21771.0,21771.0,21771.0
312,disctom.mps.gz,7.411784600000002,7.273273400000001,1.0,1.0,0,1,0,0,7.273273400000001,1.0,7.273273400000001,7.273273400000001,7.411784600000002,1.0,1.0,1.0
313,nursesched-sprint-hidden09.mps.gz,121.88040140000001,18046.891667,66.0,257897.6,1,1,1,1,121.88040140000001,66.0,121.88040140000001,121.88040140000001,121.88040140000001,66.0,66.0,66.0
314,app2-1.mps.gz,0.40761339999999996,0.4068104,1.0,1.0,0,1,0,0,0.4068104,1.0,0.4068104,0.4068104,0.40761339999999996,1.0,1.0,1.0
315,n7-3.mps.gz,61.729373599999995,2052.3322794,437.0,132731.0,1,1,1,1,61.729373599999995,437.0,61.729373599999995,61.729373599999995,61.729373599999995,437.0,437.0,437.0
316,opm2-z6-s1.mps.gz,131.24460240000002,113.03773980000001,2164.0,2214.0,1,1,0,0,113.03773980000001,2164.0,113.03773980000001,131.24460240000002,131.24460240000002,2214.0,2164.0,2164.0
317,swath3.mps.gz,142.51782859999997,193.12773520000002,26005.0,15491.0,1,1,1,1,142.51782859999997,15491.0,142.51782859999997,142.51782859999997,142.51782859999997,26005.0,26005.0,26005.0
318,neos-1396125.mps.gz,125.91601,196.23106439999998,18493.0,31852.0,1,1,1,1,125.91601,18493.0,125.91601,125.91601,125.91601,18493.0,18493.0,18493.0
319,tanglegram4.mps.gz,2464.6168336,2225.8557012,67.0,111.0,1,1,0,0,2225.8557012,67.0,2225.8557012,2464.6168336,2464.6168336,111.0,67.0,67.0
320,binkar10_1.mps.gz,47.362161,4911.0314026,2269.0,4442017.0,1,1,1,1,47.362161,2269.0,47.362161,47.362161,47.362161,2269.0,2269.0,2269.0
321,neos-3083784-nive.mps.gz,0.040240599999999994,0.039737400000000006,1.0,1.0,0,1,0,0,0.039737400000000006,1.0,0.039737400000000006,0.039737400000000006,0.040240599999999994,1.0,1.0,1.0
322,neos9.mps.gz,2449.9254286000005,18125.2003346,1296.0,32637.2,1,1,1,1,2449.9254286000005,1296.0,2449.9254286000005,2449.9254286000005,2449.9254286000005,1296.0,1296.0,1296.0
323,supportcase14.mps.gz,0.1246148,0.1060804,1.0,1.0,1,1,0,0,0.1060804,1.0,0.1060804,0.1246148,0.1246148,1.0,1.0,1.0
324,f2gap801600.mps.gz,0.8591074000000001,451.0683958000001,1.0,176006.0,1,1,1,1,0.8591074000000001,1.0,0.8591074000000001,0.8591074000000001,0.8591074000000001,1.0,1.0,1.0
325,decomp1.mps.gz,4.1423248,18.2770912,1.0,1334.0,1,1,1,1,4.1423248,1.0,4.1423248,4.1423248,4.1423248,1.0,1.0,1.0
326,f2gap40400.mps.gz,0.07553800000000001,0.07449540000000002,1.0,1.0,0,1,0,0,0.07449540000000002,1.0,0.07449540000000002,0.07449540000000002,0.07553800000000001,1.0,1.0,1.0
327,neos-913984.mps.gz,155.6718616,2306.091356,23.0,12540.0,1,1,1,1,155.6718616,23.0,155.6718616,155.6718616,155.6718616,23.0,23.0,23.0
328,neos-498623.mps.gz,28.294960600000003,18020.558388399997,13.0,490002.6,1,1,1,1,28.294960600000003,13.0,28.294960600000003,28.294960600000003,28.294960600000003,13.0,13.0,13.0
329,neos-799716.mps.gz,12.678453600000001,20.9613248,1.0,1.0,1,1,1,1,12.678453600000001,1.0,12.678453600000001,12.678453600000001,12.678453600000001,1.0,1.0,1.0
330,neos-3611689-kaihu.mps.gz,1.9274896,20.8971746,21.0,29199.0,1,1,1,1,1.9274896,21.0,1.9274896,1.9274896,1.9274896,21.0,21.0,21.0
331,ab51-40-100.mps.gz,717.3649144,1387.3407058,1316.0,1000.0,1,1,1,1,717.3649144,1000.0,717.3649144,717.3649144,717.3649144,1316.0,1316.0,1316.0
332,qap10.mps.gz,26.4399738,26.2597118,1.0,1.0,0,1,0,0,26.2597118,1.0,26.2597118,26.2597118,26.4399738,1.0,1.0,1.0
333,neos-3116779-oban.mps.gz,0.025118599999999998,0.023967400000000003,1.0,1.0,1,1,0,0,0.023967400000000003,1.0,0.023967400000000003,0.025118599999999998,0.025118599999999998,1.0,1.0,1.0
334,neos-5106984-jizera.mps.gz,12238.856126000002,23353.537660399998,28.0,84.8,1,1,1,1,12238.856126000002,28.0,12238.856126000002,12238.856126000002,12238.856126000002,28.0,28.0,28.0
335,ns1644855.mps.gz,860.9878818000001,853.9740448,1.0,1.0,1,1,0,0,853.9740448,1.0,853.9740448,860.9878818000001,860.9878818000001,1.0,1.0,1.0
336,neos-3065804-namu.mps.gz,11.837613600000001,11.855550599999999,1.0,1.0,1,1,1,1,11.837613600000001,1.0,11.837613600000001,11.837613600000001,11.837613600000001,1.0,1.0,1.0
337,ic97_tension.mps.gz,20.023838599999998,37.5686368,22278.0,83938.0,1,1,1,1,20.023838599999998,22278.0,20.023838599999998,20.023838599999998,20.023838599999998,22278.0,22278.0,22278.0
338,bppc8-02.mps.gz,0.6778200000000001,0.4645398,125.0,177.0,0,1,0,0,0.4645398,125.0,0.4645398,0.4645398,0.6778200000000001,177.0,177.0,125.0
339,neos-1337307.mps.gz,245.9451242,18122.045143599997,2479.0,3039680.4,0,1,1,1,245.9451242,2479.0,245.9451242,18122.045143599997,245.9451242,2479.0,3039680.4,2479.0
