,NAME,TIME W/ CUTS,TIME W/O CUTS,NODES W/ CUTS,NODES W/O CUTS,PLabel NN,PLabel ET,PLabel RF,Time Label,Minimum Time,Minimum Nodes,PTime RF,PTime NN,PTime ET,PNodes RF,PNodes NN,PNodes ET
0,neos6.mps.gz,359.8024494,763.751253,3667.0,9640.0,1,1,1,1,359.8024494,3667.0,359.8024494,359.8024494,359.8024494,3667.0,3667.0,3667.0
1,air05.mps.gz,57.4061712,61.438767600000006,523.0,722.0,1,1,1,1,57.4061712,523.0,57.4061712,57.4061712,57.4061712,523.0,523.0,523.0
2,neos8.mps.gz,16.5811546,59.514736400000004,1.0,1.0,1,1,1,1,16.5811546,1.0,16.5811546,16.5811546,16.5811546,1.0,1.0,1.0
3,mine-166-5.mps.gz,50.761648799999996,13.1762304,2681.0,1228.0,0,0,0,0,13.1762304,1228.0,13.1762304,13.1762304,13.1762304,1228.0,1228.0,1228.0
4,acc-tight4.mps.gz,229.533662,127.5431862,1087.0,674.0,0,0,0,0,127.5431862,674.0,127.5431862,127.5431862,127.5431862,674.0,674.0,674.0
5,neos-885086.mps.gz,7184.3035036,201.99394460000002,263.0,36.0,1,0,0,0,201.99394460000002,36.0,201.99394460000002,7184.3035036,201.99394460000002,36.0,263.0,36.0
6,glass4.mps.gz,937.8782435999999,1189.7822425999998,652204.0,2576934.0,1,1,1,1,937.8782435999999,652204.0,937.8782435999999,937.8782435999999,937.8782435999999,652204.0,652204.0,652204.0
7,neos-5018451-chiese.mps.gz,1203.734945,2648.7554164000003,3511.0,4543.0,1,1,1,1,1203.734945,3511.0,1203.734945,1203.734945,1203.734945,3511.0,3511.0,3511.0
8,iis-glass-cov.mps.gz,789.9152172000001,554.645493,24361.0,25501.0,0,0,0,0,554.645493,24361.0,554.645493,554.645493,554.645493,25501.0,25501.0,25501.0
9,eilC76-2.mps.gz,2899.1750631999994,7402.513848400001,7851.0,40399.0,1,1,1,1,2899.1750631999994,7851.0,2899.1750631999994,2899.1750631999994,2899.1750631999994,7851.0,7851.0,7851.0
10,dcmulti.mps.gz,2.3997976,1.2492868,90.0,1425.0,0,0,0,0,1.2492868,90.0,1.2492868,1.2492868,1.2492868,1425.0,1425.0,1425.0
11,comp08-2idx.mps.gz,1227.0355282000003,18000.014141800002,4218.0,442752.4,1,1,1,1,1227.0355282000003,4218.0,1227.0355282000003,1227.0355282000003,1227.0355282000003,4218.0,4218.0,4218.0
12,neos-5188808-nattai.mps.gz,2394.1862532,1853.7410636,11023.0,11213.0,1,0,0,0,1853.7410636,11023.0,1853.7410636,2394.1862532,1853.7410636,11213.0,11023.0,11213.0
13,prod2.mps.gz,125.5057832,86.5291816,67499.0,103438.0,0,0,0,0,86.5291816,67499.0,86.5291816,86.5291816,86.5291816,103438.0,103438.0,103438.0
14,neos-5129192-manaia.mps.gz,80.1897804,84.5276466,1.0,1.0,1,1,1,1,80.1897804,1.0,80.1897804,80.1897804,80.1897804,1.0,1.0,1.0
15,mzzv42z.mps.gz,461.63270679999994,1020.9844558000001,11.0,2656.0,1,1,1,1,461.63270679999994,11.0,461.63270679999994,461.63270679999994,461.63270679999994,11.0,11.0,11.0
16,ran14x18-disj-8.mps.gz,1780.004335,17468.836474599997,312024.0,14591597.0,1,1,1,1,1780.004335,312024.0,1780.004335,1780.004335,1780.004335,312024.0,312024.0,312024.0
17,supportcase17.mps.gz,46.593206599999995,18.884240400000003,264.0,2388.0,0,0,0,0,18.884240400000003,264.0,18.884240400000003,18.884240400000003,18.884240400000003,2388.0,2388.0,2388.0
18,neos-824661.mps.gz,914.3543791999998,227.3285512,36.0,8.0,0,0,0,0,227.3285512,8.0,227.3285512,227.3285512,227.3285512,8.0,8.0,8.0
19,neos-4322846-ryton.mps.gz,1330.7143346,1029.8250534000001,664.0,522.0,0,0,0,0,1029.8250534000001,522.0,1029.8250534000001,1029.8250534000001,1029.8250534000001,522.0,522.0,522.0
20,supportcase40.mps.gz,1530.8577412000002,1594.7058235999998,8835.0,70894.0,1,1,1,1,1530.8577412000002,8835.0,1530.8577412000002,1530.8577412000002,1530.8577412000002,8835.0,8835.0,8835.0
21,qiu.mps.gz,66.1176314,41.186415,10652.0,9207.0,0,0,0,0,41.186415,9207.0,41.186415,41.186415,41.186415,9207.0,9207.0,9207.0
22,neos-3661949-lesse.mps.gz,0.2044848,0.2091004,1.0,1.0,1,1,1,1,0.2044848,1.0,0.2044848,0.2044848,0.2044848,1.0,1.0,1.0
23,core2536-691.mps.gz,382.0128684,1201.239939,893.0,1199.0,1,1,1,1,382.0128684,893.0,382.0128684,382.0128684,382.0128684,893.0,893.0,893.0
24,ab51-40-100.mps.gz,808.5358072,1519.3310086000001,1316.0,1000.0,1,1,1,1,808.5358072,1000.0,808.5358072,808.5358072,808.5358072,1316.0,1316.0,1316.0
25,ns1208400.mps.gz,248.5555066,111.05443420000002,567.0,136.0,0,0,0,0,111.05443420000002,136.0,111.05443420000002,111.05443420000002,111.05443420000002,136.0,136.0,136.0
26,n13-3.mps.gz,7.4866756,107.124042,185.0,24332.0,1,1,1,1,7.4866756,185.0,7.4866756,7.4866756,7.4866756,185.0,185.0,185.0
27,n3div36.mps.gz,12237.138276000001,18000.356296200003,306128.0,132226.0,1,1,1,1,12237.138276000001,132226.0,12237.138276000001,12237.138276000001,12237.138276000001,306128.0,306128.0,306128.0
28,neos-4722843-widden.mps.gz,1514.4394574,2593.3102123999997,1048.0,18827.0,1,1,1,1,1514.4394574,1048.0,1514.4394574,1514.4394574,1514.4394574,1048.0,1048.0,1048.0
29,neos-827175.mps.gz,13.4518752,13.5328512,1.0,1.0,1,1,1,1,13.4518752,1.0,13.4518752,13.4518752,13.4518752,1.0,1.0,1.0
30,n2seq36q.mps.gz,245.26977860000002,891.2210626000002,934.0,43811.0,1,1,1,1,245.26977860000002,934.0,245.26977860000002,245.26977860000002,245.26977860000002,934.0,934.0,934.0
31,graphdraw-gemcutter.mps.gz,128.35823879999998,379.7543654,175780.0,885799.0,1,1,1,1,128.35823879999998,175780.0,128.35823879999998,128.35823879999998,128.35823879999998,175780.0,175780.0,175780.0
32,neos-585467.mps.gz,17.837845800000004,5.6369552,124.0,122.0,0,0,0,0,5.6369552,122.0,5.6369552,5.6369552,5.6369552,122.0,122.0,122.0
33,danoint.mps.gz,7173.3016272,6035.905671,1239048.0,1591551.0,0,0,0,0,6035.905671,1239048.0,6035.905671,6035.905671,6035.905671,1591551.0,1591551.0,1591551.0
34,neos-686190.mps.gz,154.11119300000001,146.8270588,4101.0,5778.0,0,0,0,0,146.8270588,4101.0,146.8270588,146.8270588,146.8270588,5778.0,5778.0,5778.0
35,neos-1396125.mps.gz,199.9933016,204.3225644,18493.0,31852.0,1,1,1,1,199.9933016,18493.0,199.9933016,199.9933016,199.9933016,18493.0,18493.0,18493.0
36,neos-957323.mps.gz,192.8143318,369.2746932,19.0,10.0,1,1,1,1,192.8143318,10.0,192.8143318,192.8143318,192.8143318,19.0,19.0,19.0
37,railway_8_1_0.mps.gz,180.85296,174.4606008,516.0,7467.0,0,0,0,0,174.4606008,516.0,174.4606008,174.4606008,174.4606008,7467.0,7467.0,7467.0
38,f2gap40400.mps.gz,0.10257020000000001,0.006092,1.0,1.0,0,0,0,0,0.006092,1.0,0.006092,0.006092,0.006092,1.0,1.0,1.0
39,gt2.mps.gz,0.0873096,0.2074912,5.0,325.0,1,1,1,1,0.0873096,5.0,0.0873096,0.0873096,0.0873096,5.0,5.0,5.0
40,rmatr100-p5.mps.gz,586.2969298,460.73493740000004,405.0,395.0,0,0,0,0,460.73493740000004,395.0,460.73493740000004,460.73493740000004,460.73493740000004,395.0,395.0,395.0
41,umts.mps.gz,1080.299948,13296.4973246,144227.0,3106370.0,1,1,1,1,1080.299948,144227.0,1080.299948,1080.299948,1080.299948,144227.0,144227.0,144227.0
42,neos-957143.mps.gz,826.3102822000001,977.9980912000001,48.0,70.0,1,1,1,1,826.3102822000001,48.0,826.3102822000001,826.3102822000001,826.3102822000001,48.0,48.0,48.0
43,gen-ip021.mps.gz,548.6698571999999,606.1530508,2101666.0,2341056.0,1,1,1,1,548.6698571999999,2101666.0,548.6698571999999,548.6698571999999,548.6698571999999,2101666.0,2101666.0,2101666.0
44,tanglegram6.mps.gz,22.344748600000003,12.204275999999998,7.0,7.0,0,0,0,0,12.204275999999998,7.0,12.204275999999998,12.204275999999998,12.204275999999998,7.0,7.0,7.0
45,fjspeasy01i.mps.gz,344.7880472,313.2850468,31.0,47.0,0,0,0,0,313.2850468,31.0,313.2850468,313.2850468,313.2850468,47.0,47.0,47.0
46,neos-4966258-blicks.mps.gz,10656.3571876,3122.1495418000004,2560.0,2888.0,0,0,0,0,3122.1495418000004,2560.0,3122.1495418000004,3122.1495418000004,3122.1495418000004,2888.0,2888.0,2888.0
47,neos-3148108-pahi.mps.gz,4.2968142,4.220265,1.0,1.0,0,0,0,0,4.220265,1.0,4.220265,4.220265,4.220265,1.0,1.0,1.0
48,neos-555001.mps.gz,1.8132373999999998,1979.3779719999998,1.0,693016.0,1,1,1,1,1.8132373999999998,1.0,1.8132373999999998,1.8132373999999998,1.8132373999999998,1.0,1.0,1.0
49,neos5.mps.gz,1619.2415747999999,504.17881120000004,4441157.0,1533055.0,0,0,0,0,504.17881120000004,1533055.0,504.17881120000004,504.17881120000004,504.17881120000004,1533055.0,1533055.0,1533055.0
50,gasprod1-3.mps.gz,60.0891022,390.4766652,378.0,28980.0,1,1,1,1,60.0891022,378.0,60.0891022,60.0891022,60.0891022,378.0,378.0,378.0
51,neos-5083528-gimone.mps.gz,53.35146160000001,48.623292,4.0,21.0,0,0,0,0,48.623292,4.0,48.623292,48.623292,48.623292,21.0,21.0,21.0
52,neos-3226448-wkra.mps.gz,18000.0048946,5482.3046038,181.0,44.0,0,0,0,0,5482.3046038,44.0,5482.3046038,5482.3046038,5482.3046038,44.0,44.0,44.0
53,sp98ar.mps.gz,15783.325640800002,18000.003667200002,192153.0,565985.8,1,1,1,1,15783.325640800002,192153.0,15783.325640800002,15783.325640800002,15783.325640800002,192153.0,192153.0,192153.0
54,n7-3.mps.gz,51.6508964,1560.8263456,437.0,132731.0,1,1,1,1,51.6508964,437.0,51.6508964,51.6508964,51.6508964,437.0,437.0,437.0
55,neos-3636886-kereu.mps.gz,683.9649008,18000.274432,14209.0,539635.0,1,1,1,1,683.9649008,14209.0,683.9649008,683.9649008,683.9649008,14209.0,14209.0,14209.0
56,decomp2.mps.gz,106.71131599999998,11.015553200000001,6.0,336.0,0,0,0,0,11.015553200000001,6.0,11.015553200000001,11.015553200000001,11.015553200000001,336.0,336.0,336.0
57,ns4-pr6.mps.gz,1.926288,50.7539358,62.0,12362.0,1,1,1,1,1.926288,62.0,1.926288,1.926288,1.926288,62.0,62.0,62.0
58,neos-1516309.mps.gz,1.010624,0.6485917999999999,1.0,5.0,0,0,0,0,0.6485917999999999,1.0,0.6485917999999999,0.6485917999999999,0.6485917999999999,5.0,5.0,5.0
59,mik-250-20-75-4.mps.gz,41.1882344,374.0346148,7906.0,1372077.0,1,1,1,1,41.1882344,7906.0,41.1882344,41.1882344,41.1882344,7906.0,7906.0,7906.0
60,glass-sc.mps.gz,4522.013984800001,4047.8254046,262210.0,256139.0,0,0,0,0,4047.8254046,256139.0,4047.8254046,4047.8254046,4047.8254046,256139.0,256139.0,256139.0
61,uct-subprob.mps.gz,3255.584086,18000.007911599998,75300.0,2047898.0,1,1,1,1,3255.584086,75300.0,3255.584086,3255.584086,3255.584086,75300.0,75300.0,75300.0
62,neos-3611689-kaihu.mps.gz,3.2487311999999995,32.496555,21.0,29199.0,1,1,1,1,3.2487311999999995,21.0,3.2487311999999995,3.2487311999999995,3.2487311999999995,21.0,21.0,21.0
63,sp98ir.mps.gz,72.28588740000001,78.63371520000001,2280.0,2444.0,1,1,1,1,72.28588740000001,2280.0,72.28588740000001,72.28588740000001,72.28588740000001,2280.0,2280.0,2280.0
64,aflow40b.mps.gz,960.8512724,14051.103785999998,34552.0,5221215.0,1,1,1,1,960.8512724,34552.0,960.8512724,960.8512724,960.8512724,34552.0,34552.0,34552.0
65,mkc1.mps.gz,3635.7543562,18000.011319,701606.0,6588731.8,1,1,1,1,3635.7543562,701606.0,3635.7543562,3635.7543562,3635.7543562,701606.0,701606.0,701606.0
66,neos-1445738.mps.gz,50.0537714,45.9685926,349.0,583.0,0,0,0,0,45.9685926,349.0,45.9685926,45.9685926,45.9685926,583.0,583.0,583.0
67,neos-4260495-otere.mps.gz,1266.5597655999998,143.0816918,155.0,86.0,0,0,0,0,143.0816918,86.0,143.0816918,143.0816918,143.0816918,86.0,86.0,86.0
68,bc.mps.gz,590.3336384,17834.809604800004,2375.0,523141.4,0,1,1,1,590.3336384,2375.0,590.3336384,17834.809604800004,590.3336384,2375.0,523141.4,2375.0
69,iis-hc-cov.mps.gz,2756.8226012,2293.1457024,69969.0,76535.0,0,0,0,0,2293.1457024,69969.0,2293.1457024,2293.1457024,2293.1457024,76535.0,76535.0,76535.0
70,neos-525149.mps.gz,6.505825200000001,5.5212008,1.0,1.0,0,0,0,0,5.5212008,1.0,5.5212008,5.5212008,5.5212008,1.0,1.0,1.0
71,gr4x6.mps.gz,0.0165812,0.036698800000000004,1.0,24.0,1,1,1,1,0.0165812,1.0,0.0165812,0.0165812,0.0165812,1.0,1.0,1.0
72,neos-3402294-bobin.mps.gz,289.6103916,18000.0097196,621.0,1569830.6,1,1,1,1,289.6103916,621.0,289.6103916,289.6103916,289.6103916,621.0,621.0,621.0
73,qnet1.mps.gz,2.5307009999999996,2.1102596,3.0,102.0,0,0,0,0,2.1102596,3.0,2.1102596,2.1102596,2.1102596,102.0,102.0,102.0
74,nursesched-sprint-late03.mps.gz,238.99023100000005,18000.001010999997,423.0,77575.2,1,1,1,1,238.99023100000005,423.0,238.99023100000005,238.99023100000005,238.99023100000005,423.0,423.0,423.0
75,istanbul-no-cutoff.mps.gz,150.2962278,250.2129676,301.0,1207.0,1,1,1,1,150.2962278,301.0,150.2962278,150.2962278,150.2962278,301.0,301.0,301.0
76,piperout-d27.mps.gz,77.11861880000001,42.815513200000005,902.0,152.0,0,0,0,0,42.815513200000005,152.0,42.815513200000005,42.815513200000005,42.815513200000005,152.0,152.0,152.0
77,lectsched-1.mps.gz,867.9176520000001,270.82400900000005,5518.0,1410.0,0,0,0,0,270.82400900000005,1410.0,270.82400900000005,270.82400900000005,270.82400900000005,1410.0,1410.0,1410.0
78,transportmoment.mps.gz,2924.7427318,1352.0756841999998,10643.0,75129.0,0,0,0,0,1352.0756841999998,10643.0,1352.0756841999998,1352.0756841999998,1352.0756841999998,75129.0,75129.0,75129.0
79,icir97_tension.mps.gz,4717.400735,15612.755144399998,1112767.0,12716437.0,1,1,1,1,4717.400735,1112767.0,4717.400735,4717.400735,4717.400735,1112767.0,1112767.0,1112767.0
80,neos-480878.mps.gz,38.4754612,22.659080600000003,1347.0,4246.0,0,0,0,0,22.659080600000003,1347.0,22.659080600000003,22.659080600000003,22.659080600000003,4246.0,4246.0,4246.0
81,mcsched.mps.gz,252.7370788,225.60270480000003,4272.0,20843.0,0,0,0,0,225.60270480000003,4272.0,225.60270480000003,225.60270480000003,225.60270480000003,20843.0,20843.0,20843.0
82,neos-933966.mps.gz,6024.285113,1282.0325188000002,734.0,87.0,0,0,0,0,1282.0325188000002,87.0,1282.0325188000002,1282.0325188000002,1282.0325188000002,87.0,87.0,87.0
83,map06.mps.gz,1056.2841810000002,946.5112546,738.0,756.0,1,0,0,0,946.5112546,738.0,946.5112546,1056.2841810000002,946.5112546,756.0,738.0,756.0
84,neos-3592146-hawea.mps.gz,18000.019898399998,4194.126438000001,802754.0,378205.0,0,0,0,0,4194.126438000001,378205.0,4194.126438000001,4194.126438000001,4194.126438000001,378205.0,378205.0,378205.0
85,npmv07.mps.gz,238.2280322,182.9267656,3.0,16.0,0,0,0,0,182.9267656,3.0,182.9267656,182.9267656,182.9267656,16.0,16.0,16.0
86,ns2034125.mps.gz,14247.738842800001,17556.4621672,12420.0,174532.0,1,1,1,1,14247.738842800001,12420.0,14247.738842800001,14247.738842800001,14247.738842800001,12420.0,12420.0,12420.0
87,markshare_4_0.mps.gz,206.5255008,165.9325336,2188801.0,2130216.0,0,0,0,0,165.9325336,2130216.0,165.9325336,165.9325336,165.9325336,2130216.0,2130216.0,2130216.0
88,beavma.mps.gz,1.5795578000000001,8.829209599999999,1.0,5697.0,1,1,1,1,1.5795578000000001,1.0,1.5795578000000001,1.5795578000000001,1.5795578000000001,1.0,1.0,1.0
89,supportcase37.mps.gz,119.99913280000001,160.3930914,23.0,1140.0,1,1,1,1,119.99913280000001,23.0,119.99913280000001,119.99913280000001,119.99913280000001,23.0,23.0,23.0
90,neos-1171448.mps.gz,7.233580999999999,33.463528600000004,1.0,8.0,1,1,1,1,7.233580999999999,1.0,7.233580999999999,7.233580999999999,7.233580999999999,1.0,1.0,1.0
91,biella1.mps.gz,1142.0292748000002,2187.3946914,199.0,10432.0,1,1,1,1,1142.0292748000002,199.0,1142.0292748000002,1142.0292748000002,1142.0292748000002,199.0,199.0,199.0
92,neos-5192052-neckar.mps.gz,0.0443422,0.0409754,1.0,1.0,0,0,0,0,0.0409754,1.0,0.0409754,0.0409754,0.0409754,1.0,1.0,1.0
93,gen-ip036.mps.gz,734.7128842,660.4020376000001,2144143.0,2023646.0,0,0,0,0,660.4020376000001,2023646.0,660.4020376000001,660.4020376000001,660.4020376000001,2023646.0,2023646.0,2023646.0
94,fastxgemm-n2r7s4t1.mps.gz,1527.5183824,14064.3762256,187498.0,1794161.0,1,1,1,1,1527.5183824,187498.0,1527.5183824,1527.5183824,1527.5183824,187498.0,187498.0,187498.0
95,dano3_3.mps.gz,135.0684252,143.6561122,16.0,20.0,1,1,1,1,135.0684252,16.0,135.0684252,135.0684252,135.0684252,16.0,16.0,16.0
96,neos-1367061.mps.gz,109.14186839999999,134.16137399999997,1.0,1.0,1,1,1,1,109.14186839999999,1.0,109.14186839999999,109.14186839999999,109.14186839999999,1.0,1.0,1.0
97,neos-1445765.mps.gz,59.223764200000005,46.0875268,263.0,612.0,0,0,0,0,46.0875268,263.0,46.0875268,46.0875268,46.0875268,612.0,612.0,612.0
98,neos-4338804-snowy.mps.gz,8287.774171000001,18000.007885599996,4344551.0,21969663.6,1,1,1,1,8287.774171000001,4344551.0,8287.774171000001,8287.774171000001,8287.774171000001,4344551.0,4344551.0,4344551.0
99,timtab1.mps.gz,70.7734738,10516.396869,32472.0,17501066.0,0,1,1,1,70.7734738,32472.0,70.7734738,10516.396869,70.7734738,32472.0,17501066.0,32472.0
100,timtab1CUTS.mps.gz,151.2333056,111.6444342,45864.0,147008.0,0,0,0,0,111.6444342,45864.0,111.6444342,111.6444342,111.6444342,147008.0,147008.0,147008.0
101,neos-5140963-mincio.mps.gz,16224.7060062,18000.0053412,5624805.0,5551626.6,1,1,1,1,16224.7060062,5551626.6,16224.7060062,16224.7060062,16224.7060062,5624805.0,5624805.0,5624805.0
102,neos9.mps.gz,2487.5486386000002,18000.197853,1296.0,42940.0,1,1,1,1,2487.5486386000002,1296.0,2487.5486386000002,2487.5486386000002,2487.5486386000002,1296.0,1296.0,1296.0
103,gus-sch.mps.gz,6.703771000000001,12.6178948,136.0,2150.0,1,1,1,1,6.703771000000001,136.0,6.703771000000001,6.703771000000001,6.703771000000001,136.0,136.0,136.0
104,ns2071214.mps.gz,3678.6600276,1785.2883610000001,209906.0,171030.0,0,0,0,0,1785.2883610000001,171030.0,1785.2883610000001,1785.2883610000001,1785.2883610000001,171030.0,171030.0,171030.0
105,cap6000.mps.gz,5.2067074,2.1160305999999998,2009.0,1906.0,0,0,0,0,2.1160305999999998,1906.0,2.1160305999999998,2.1160305999999998,2.1160305999999998,1906.0,1906.0,1906.0
106,p500x2988d.mps.gz,2.5675902,206.57957919999998,1.0,17714.0,1,1,1,1,2.5675902,1.0,2.5675902,2.5675902,2.5675902,1.0,1.0,1.0
107,supportcase34.mps.gz,1295.9650344,17131.8010868,5869.0,95297.8,1,1,1,1,1295.9650344,5869.0,1295.9650344,1295.9650344,1295.9650344,5869.0,5869.0,5869.0
108,neos-5093327-huahum.mps.gz,8115.829919599999,17774.480373000006,33313.0,512358.8,0,1,1,1,8115.829919599999,33313.0,8115.829919599999,17774.480373000006,8115.829919599999,33313.0,512358.8,33313.0
109,dsbmip.mps.gz,1.8040791999999999,0.8941266000000001,12.0,10.0,0,0,0,0,0.8941266000000001,10.0,0.8941266000000001,0.8941266000000001,0.8941266000000001,10.0,10.0,10.0
110,mik-250-20-75-1.mps.gz,13.430595199999999,28.8388354,993.0,94342.0,1,1,1,1,13.430595199999999,993.0,13.430595199999999,13.430595199999999,13.430595199999999,993.0,993.0,993.0
111,supportcase43.mps.gz,21.9629302,20.433117399999997,1.0,1.0,0,0,0,0,20.433117399999997,1.0,20.433117399999997,20.433117399999997,20.433117399999997,1.0,1.0,1.0
112,neos-4333596-skien.mps.gz,150.098923,622.8641777999999,91755.0,472118.0,1,1,1,1,150.098923,91755.0,150.098923,150.098923,150.098923,91755.0,91755.0,91755.0
113,neos-4413714-turia.mps.gz,379.8644968,470.595263,63.0,890.0,1,1,1,1,379.8644968,63.0,379.8644968,379.8644968,379.8644968,63.0,63.0,63.0
114,bab5.mps.gz,17866.5860734,18000.0037836,204062.2,298315.4,1,1,1,1,17866.5860734,204062.2,17866.5860734,17866.5860734,17866.5860734,204062.2,204062.2,204062.2
115,neos-2987310-joes.mps.gz,22.828121000000003,29.047006999999997,1.0,1.0,1,1,1,1,22.828121000000003,1.0,22.828121000000003,22.828121000000003,22.828121000000003,1.0,1.0,1.0
116,neos4.mps.gz,1.0173299999999998,0.9805075999999999,1.0,1.0,1,0,0,0,0.9805075999999999,1.0,0.9805075999999999,1.0173299999999998,0.9805075999999999,1.0,1.0,1.0
117,neos-885524.mps.gz,668.3628896000001,18000.009867399996,176.0,286520.2,1,1,1,1,668.3628896000001,176.0,668.3628896000001,668.3628896000001,668.3628896000001,176.0,176.0,176.0
118,chromaticindex512-7.mps.gz,6847.2236672,1057.4344788,36950.0,375.0,0,0,0,0,1057.4344788,375.0,1057.4344788,1057.4344788,1057.4344788,375.0,375.0,375.0
119,piperout-27.mps.gz,29.7227794,36.84123159999999,102.0,758.0,1,1,1,1,29.7227794,102.0,29.7227794,29.7227794,29.7227794,102.0,102.0,102.0
120,rocII-5-11.mps.gz,17982.472482,18000.0064738,1116519.0,1273813.8,1,1,1,1,17982.472482,1116519.0,17982.472482,17982.472482,17982.472482,1116519.0,1116519.0,1116519.0
121,arki001.mps.gz,18000.7384716,3370.0000755999995,2267074.2,1761208.0,0,0,0,0,3370.0000755999995,1761208.0,3370.0000755999995,3370.0000755999995,3370.0000755999995,1761208.0,1761208.0,1761208.0
122,23588.mps.gz,5.0133938,2.2132242,576.0,981.0,0,0,0,0,2.2132242,576.0,2.2132242,2.2132242,2.2132242,981.0,981.0,981.0
123,neos-4971100-bodrog.mps.gz,3.8867165999999997,3.8209796,1.0,1.0,1,0,0,0,3.8209796,1.0,3.8209796,3.8867165999999997,3.8209796,1.0,1.0,1.0
124,n2seq36f.mps.gz,19.359966800000002,14.5002834,1580.0,3982.0,0,0,0,0,14.5002834,1580.0,14.5002834,14.5002834,14.5002834,3982.0,3982.0,3982.0
125,ran13x13.mps.gz,44.481120999999995,146.80406040000003,2468.0,250267.0,1,1,1,1,44.481120999999995,2468.0,44.481120999999995,44.481120999999995,44.481120999999995,2468.0,2468.0,2468.0
126,supportcase33.mps.gz,705.3632031999999,644.866712,4878.0,17526.0,0,0,0,0,644.866712,4878.0,644.866712,644.866712,644.866712,17526.0,17526.0,17526.0
127,pw-myciel4.mps.gz,524.4857786,1016.6104611999999,46551.0,128785.0,1,1,1,1,524.4857786,46551.0,524.4857786,524.4857786,524.4857786,46551.0,46551.0,46551.0
128,mik-250-20-75-2.mps.gz,15.7628142,29.1021998,427.0,90650.0,1,1,1,1,15.7628142,427.0,15.7628142,15.7628142,15.7628142,427.0,427.0,427.0
129,neos-5195221-niemur.mps.gz,2236.5565446000005,2991.5605466,44657.0,117919.0,1,1,1,1,2236.5565446000005,44657.0,2236.5565446000005,2236.5565446000005,2236.5565446000005,44657.0,44657.0,44657.0
130,neos-5013590-toitoi.mps.gz,18000.013552800003,12771.741753999999,1.0,31417.0,1,0,0,0,12771.741753999999,1.0,12771.741753999999,18000.013552800003,12771.741753999999,31417.0,1.0,31417.0
131,shipschedule8shipsmixuci.mps.gz,118.40626320000001,85.42110999999998,1822.0,1222.0,0,0,0,0,85.42110999999998,1222.0,85.42110999999998,85.42110999999998,85.42110999999998,1222.0,1222.0,1222.0
132,neos-950242.mps.gz,236.16797899999997,38.222776800000005,100.0,46.0,0,0,0,0,38.222776800000005,46.0,38.222776800000005,38.222776800000005,38.222776800000005,46.0,46.0,46.0
133,neos-3759587-noosa.mps.gz,15.419613600000002,16.589990800000002,1.0,1.0,1,1,1,1,15.419613600000002,1.0,15.419613600000002,15.419613600000002,15.419613600000002,1.0,1.0,1.0
134,nu120-pr12.mps.gz,4.5727108,11.649052800000002,49.0,1073.0,1,1,1,1,4.5727108,49.0,4.5727108,4.5727108,4.5727108,49.0,49.0,49.0
135,neos-555343.mps.gz,18000.0134128,7492.2226314,572326.6,1209040.0,0,0,0,0,7492.2226314,572326.6,7492.2226314,7492.2226314,7492.2226314,1209040.0,1209040.0,1209040.0
136,neos-3755335-nizao.mps.gz,16.0719456,16.4432422,1.0,1.0,1,1,1,1,16.0719456,1.0,16.0719456,16.0719456,16.0719456,1.0,1.0,1.0
137,bienst1.mps.gz,211.2598324,68.5297984,17052.0,11113.0,0,0,0,0,68.5297984,11113.0,68.5297984,68.5297984,68.5297984,11113.0,11113.0,11113.0
138,neos-3611447-jijia.mps.gz,2.0169395999999997,13.098041999999998,143.0,9767.0,1,1,1,1,2.0169395999999997,143.0,2.0169395999999997,2.0169395999999997,2.0169395999999997,143.0,143.0,143.0
139,neos-913984.mps.gz,182.8153186,2290.2238601999998,23.0,12540.0,1,1,1,1,182.8153186,23.0,182.8153186,182.8153186,182.8153186,23.0,23.0,23.0
140,neos-3696678-lyvia.mps.gz,0.1954478,0.1945666,1.0,1.0,0,0,0,0,0.1945666,1.0,0.1945666,0.1945666,0.1945666,1.0,1.0,1.0
141,disctom.mps.gz,8.990438000000001,8.4325328,1.0,1.0,0,0,0,0,8.4325328,1.0,8.4325328,8.4325328,8.4325328,1.0,1.0,1.0
142,app2-1.mps.gz,0.43652100000000005,0.44605880000000003,1.0,1.0,1,1,1,1,0.43652100000000005,1.0,0.43652100000000005,0.43652100000000005,0.43652100000000005,1.0,1.0,1.0
143,tbfp-network.mps.gz,1033.9815594,1753.9927812,34.0,419.0,1,1,1,1,1033.9815594,34.0,1033.9815594,1033.9815594,1033.9815594,34.0,34.0,34.0
144,neos-3761878-oglio.mps.gz,99.6009578,61.0535052,1210.0,1475.0,1,0,0,0,61.0535052,1210.0,61.0535052,99.6009578,61.0535052,1475.0,1210.0,1475.0
145,bppc8-02.mps.gz,0.862453,0.15635519999999997,125.0,177.0,0,0,0,0,0.15635519999999997,125.0,0.15635519999999997,0.15635519999999997,0.15635519999999997,177.0,177.0,177.0
146,khb05250.mps.gz,0.6839504,2.2460207999999997,1.0,1560.0,1,1,1,1,0.6839504,1.0,0.6839504,0.6839504,0.6839504,1.0,1.0,1.0
147,neos-4391920-timok.mps.gz,671.8408569999999,657.5878074,1.0,1.0,0,0,0,0,657.5878074,1.0,657.5878074,657.5878074,657.5878074,1.0,1.0,1.0
148,map16715-04.mps.gz,1972.4648276,1781.2013654000002,1657.0,2000.0,1,0,0,0,1781.2013654000002,1657.0,1781.2013654000002,1972.4648276,1781.2013654000002,2000.0,1657.0,2000.0
149,gasprod2-1.mps.gz,3712.1331164000003,15415.461197999999,3032.0,9609.0,1,1,1,1,3712.1331164000003,3032.0,3712.1331164000003,3712.1331164000003,3712.1331164000003,3032.0,3032.0,3032.0
150,ic97_tension.mps.gz,25.183063600000004,39.559053000000006,22278.0,83938.0,1,1,1,1,25.183063600000004,22278.0,25.183063600000004,25.183063600000004,25.183063600000004,22278.0,22278.0,22278.0
151,neos-1337307.mps.gz,220.9335462,18000.0141304,2479.0,3106927.8,0,1,1,1,220.9335462,2479.0,220.9335462,18000.0141304,220.9335462,2479.0,3106927.8,2479.0
152,seymour1.mps.gz,61.215216999999996,154.29520259999998,972.0,2878.0,1,1,1,1,61.215216999999996,972.0,61.215216999999996,61.215216999999996,61.215216999999996,972.0,972.0,972.0
153,opm2-z7-s8.mps.gz,233.121931,264.4138932,2835.0,2984.0,1,1,1,1,233.121931,2835.0,233.121931,233.121931,233.121931,2835.0,2835.0,2835.0
154,neos-932721.mps.gz,8.0800218,5.9910128,1.0,1.0,0,0,0,0,5.9910128,1.0,5.9910128,5.9910128,5.9910128,1.0,1.0,1.0
155,blp-ir98.mps.gz,172.1880328,1705.753382,2945.0,247091.0,1,1,1,1,172.1880328,2945.0,172.1880328,172.1880328,172.1880328,2945.0,2945.0,2945.0
156,air03.mps.gz,2.9411408000000003,2.132572,1.0,1.0,0,0,0,0,2.132572,1.0,2.132572,2.132572,2.132572,1.0,1.0,1.0
157,neos-960392.mps.gz,961.4744880000001,1025.78606,43.0,131.0,1,1,1,1,961.4744880000001,43.0,961.4744880000001,961.4744880000001,961.4744880000001,43.0,43.0,43.0
158,f2gap201600.mps.gz,0.6654115999999999,957.273777,1.0,621511.0,1,1,1,1,0.6654115999999999,1.0,0.6654115999999999,0.6654115999999999,0.6654115999999999,1.0,1.0,1.0
159,prod1.mps.gz,21.8696718,37.13541360000001,23996.0,84130.0,1,1,1,1,21.8696718,23996.0,21.8696718,21.8696718,21.8696718,23996.0,23996.0,23996.0
160,ran12x21.mps.gz,79.9657558,409.707707,2246.0,588324.0,1,1,1,1,79.9657558,2246.0,79.9657558,79.9657558,79.9657558,2246.0,2246.0,2246.0
161,drayage-25-27.mps.gz,65.1316818,7470.4361758,2023.0,929340.0,1,1,1,1,65.1316818,2023.0,65.1316818,65.1316818,65.1316818,2023.0,2023.0,2023.0
162,acc-tight2.mps.gz,19.537958800000002,12.584062399999999,7.0,80.0,0,0,0,0,12.584062399999999,7.0,12.584062399999999,12.584062399999999,12.584062399999999,80.0,80.0,80.0
163,qnet1_o.mps.gz,2.4268121999999996,1.3135896,1.0,237.0,0,0,0,0,1.3135896,1.0,1.3135896,1.3135896,1.3135896,237.0,237.0,237.0
164,neos-3734794-moppy.mps.gz,9517.204972799998,18000.013271199998,1209474.0,2356256.4,1,1,1,1,9517.204972799998,1209474.0,9517.204972799998,9517.204972799998,9517.204972799998,1209474.0,1209474.0,1209474.0
165,swath3.mps.gz,221.8988,171.91755039999998,26005.0,15491.0,1,0,0,0,171.91755039999998,15491.0,171.91755039999998,221.8988,171.91755039999998,15491.0,26005.0,15491.0
166,piperout-08.mps.gz,26.674481200000002,35.763242,135.0,1377.0,1,1,1,1,26.674481200000002,135.0,26.674481200000002,26.674481200000002,26.674481200000002,135.0,135.0,135.0
167,neos-4754521-awarau.mps.gz,82.1169042,99.8804714,1.0,1.0,1,1,1,1,82.1169042,1.0,82.1169042,82.1169042,82.1169042,1.0,1.0,1.0
168,neos-1061020.mps.gz,488.3858472,200.4253904,1442.0,480.0,0,0,0,0,200.4253904,480.0,200.4253904,200.4253904,200.4253904,480.0,480.0,480.0
169,graph20-20-1rand.mps.gz,16.101377399999997,7.573278999999999,629.0,1111.0,0,0,0,0,7.573278999999999,629.0,7.573278999999999,7.573278999999999,7.573278999999999,1111.0,1111.0,1111.0
170,neos-1122047.mps.gz,13.7897356,14.9106168,1.0,1.0,1,1,1,1,13.7897356,1.0,13.7897356,13.7897356,13.7897356,1.0,1.0,1.0
171,fast0507.mps.gz,344.670931,446.13662899999997,708.0,1014.0,1,1,1,1,344.670931,708.0,344.670931,344.670931,344.670931,708.0,708.0,708.0
172,neos-3116779-oban.mps.gz,0.03977200000000001,0.036554800000000005,1.0,1.0,0,0,0,0,0.036554800000000005,1.0,0.036554800000000005,0.036554800000000005,0.036554800000000005,1.0,1.0,1.0
173,unitcal_7.mps.gz,1045.1985802,13891.858561800002,705.0,196989.0,1,1,1,1,1045.1985802,705.0,1045.1985802,1045.1985802,1045.1985802,705.0,705.0,705.0
174,supportcase27i.mps.gz,36.256676,45.06585700000001,3221.0,5720.0,1,1,1,1,36.256676,3221.0,36.256676,36.256676,36.256676,3221.0,3221.0,3221.0
175,hypothyroid-k1.mps.gz,25.219137999999997,8.5857804,1.0,1.0,0,0,0,0,8.5857804,1.0,8.5857804,8.5857804,8.5857804,1.0,1.0,1.0
176,momentum2.mps.gz,11076.647026,18000.0048224,279602.0,214635.4,1,1,1,1,11076.647026,214635.4,11076.647026,11076.647026,11076.647026,279602.0,279602.0,279602.0
177,mushroom-best.mps.gz,18000.004564000003,2763.2415315999997,660851.0,64701.0,0,0,0,0,2763.2415315999997,64701.0,2763.2415315999997,2763.2415315999997,2763.2415315999997,64701.0,64701.0,64701.0
178,aflow30a.mps.gz,32.080764,48.7510156,1923.0,42445.0,1,1,1,1,32.080764,1923.0,32.080764,32.080764,32.080764,1923.0,1923.0,1923.0
179,opm2-z8-s0.mps.gz,1444.7253865999999,1760.4599506,3495.0,6931.0,1,1,1,1,1444.7253865999999,3495.0,1444.7253865999999,1444.7253865999999,1444.7253865999999,3495.0,3495.0,3495.0
180,h80x6320.mps.gz,2.3469636,2.3053452,1.0,1.0,0,0,0,0,2.3053452,1.0,2.3053452,2.3053452,2.3053452,1.0,1.0,1.0
181,rmatr100-p10.mps.gz,223.90211000000005,185.1308872,739.0,797.0,0,0,0,0,185.1308872,739.0,185.1308872,185.1308872,185.1308872,797.0,797.0,797.0
182,mik-250-20-75-3.mps.gz,12.4214392,30.6455828,678.0,93985.0,1,1,1,1,12.4214392,678.0,12.4214392,12.4214392,12.4214392,678.0,678.0,678.0
183,neos-503737.mps.gz,295.419806,175.90407399999998,2729.0,5196.0,0,0,0,0,175.90407399999998,2729.0,175.90407399999998,175.90407399999998,175.90407399999998,5196.0,5196.0,5196.0
184,neos-585192.mps.gz,35.0591484,20.9691022,621.0,599.0,0,0,0,0,20.9691022,599.0,20.9691022,20.9691022,20.9691022,599.0,599.0,599.0
185,p500x2988c.mps.gz,2.5278176,1.0542102,1.0,27.0,0,0,0,0,1.0542102,1.0,1.0542102,1.0542102,1.0542102,27.0,27.0,27.0
186,neos-5178119-nalagi.mps.gz,1520.2884126000001,466.5910516,18327.0,36256.0,0,0,0,0,466.5910516,18327.0,466.5910516,466.5910516,466.5910516,36256.0,36256.0,36256.0
187,nu25-pr12.mps.gz,4.4199665999999995,130.6872234,11.0,9816.0,1,1,1,1,4.4199665999999995,11.0,4.4199665999999995,4.4199665999999995,4.4199665999999995,11.0,11.0,11.0
188,air04.mps.gz,71.47907760000001,89.19369459999999,134.0,499.0,1,1,1,1,71.47907760000001,134.0,71.47907760000001,71.47907760000001,71.47907760000001,134.0,134.0,134.0
189,neos-807639.mps.gz,11.04434,6.305618999999999,2243.0,1797.0,1,0,0,0,6.305618999999999,1797.0,6.305618999999999,11.04434,6.305618999999999,1797.0,2243.0,1797.0
190,neos-4724674-aorere.mps.gz,1560.8528101999998,1558.108188,3221.0,6920.0,0,0,0,0,1558.108188,3221.0,1558.108188,1558.108188,1558.108188,6920.0,6920.0,6920.0
191,nsa.mps.gz,2.2458152,1.9617588000000001,219.0,230.0,1,0,0,0,1.9617588000000001,219.0,1.9617588000000001,2.2458152,1.9617588000000001,230.0,219.0,230.0
192,30_70_45_05_100.mps.gz,303.66586900000004,248.78869759999998,46.0,201.0,0,0,0,0,248.78869759999998,46.0,248.78869759999998,248.78869759999998,248.78869759999998,201.0,201.0,201.0
193,neos-935769.mps.gz,18000.0418124,10415.0304928,1640.6,552.0,0,0,0,0,10415.0304928,552.0,10415.0304928,10415.0304928,10415.0304928,552.0,552.0,552.0
194,manna81.mps.gz,0.5649234,18000.0535844,1.0,3858194.0,1,1,1,1,0.5649234,1.0,0.5649234,0.5649234,0.5649234,1.0,1.0,1.0
195,enlight8.mps.gz,0.0136824,0.0127946,1.0,1.0,0,0,0,0,0.0127946,1.0,0.0127946,0.0127946,0.0127946,1.0,1.0,1.0
196,neos-3045796-mogo.mps.gz,3.1314582,2.037311,1.0,1.0,0,0,0,0,2.037311,1.0,2.037311,2.037311,2.037311,1.0,1.0,1.0
197,ns1644855.mps.gz,1036.9228677999997,864.3341208000002,1.0,1.0,0,0,0,0,864.3341208000002,1.0,864.3341208000002,864.3341208000002,864.3341208000002,1.0,1.0,1.0
198,supportcase4.mps.gz,2.6410476,80.22579259999999,1.0,160.0,1,1,1,1,2.6410476,1.0,2.6410476,2.6410476,2.6410476,1.0,1.0,1.0
199,neos-829552.mps.gz,458.02035720000003,299.68658859999994,213.0,123.0,0,0,0,0,299.68658859999994,123.0,299.68658859999994,299.68658859999994,299.68658859999994,123.0,123.0,123.0
200,rentacar.mps.gz,1.6117329999999999,2.4579619999999998,8.0,10.0,1,1,1,1,1.6117329999999999,8.0,1.6117329999999999,1.6117329999999999,1.6117329999999999,8.0,8.0,8.0
201,neos-3004026-krka.mps.gz,371.2821294,50.355314199999995,13955.0,5663.0,0,0,0,0,50.355314199999995,5663.0,50.355314199999995,50.355314199999995,50.355314199999995,5663.0,5663.0,5663.0
202,rout.mps.gz,20.869835000000002,21.9564122,1366.0,10946.0,1,1,1,1,20.869835000000002,1366.0,20.869835000000002,20.869835000000002,20.869835000000002,1366.0,1366.0,1366.0
203,f2gap401600.mps.gz,0.5830056,511.83318240000006,1.0,198577.0,1,1,1,1,0.5830056,1.0,0.5830056,0.5830056,0.5830056,1.0,1.0,1.0
204,neos-565672.mps.gz,13295.056427200001,18000.010126200003,1.0,3113.4,1,1,1,1,13295.056427200001,1.0,13295.056427200001,13295.056427200001,13295.056427200001,1.0,1.0,1.0
205,ab71-20-100.mps.gz,199.4783308,198.4580644,699.0,706.0,0,0,0,0,198.4580644,699.0,198.4580644,198.4580644,198.4580644,706.0,706.0,706.0
206,noswot.mps.gz,28.409096200000004,93.340622,54539.0,325750.0,1,1,1,1,28.409096200000004,54539.0,28.409096200000004,28.409096200000004,28.409096200000004,54539.0,54539.0,54539.0
207,fhnw-binpack4-48.mps.gz,85.30917040000001,90.4864602,24649.0,40138.0,1,1,1,1,85.30917040000001,24649.0,85.30917040000001,85.30917040000001,85.30917040000001,24649.0,24649.0,24649.0
208,neos-787933.mps.gz,3.2287155999999997,2.8909084,1.0,1.0,0,0,0,0,2.8909084,1.0,2.8909084,2.8909084,2.8909084,1.0,1.0,1.0
209,bienst2.mps.gz,791.2176833999999,273.5772634,80837.0,102409.0,0,0,0,0,273.5772634,80837.0,273.5772634,273.5772634,273.5772634,102409.0,102409.0,102409.0
210,supportcase7.mps.gz,188.47620419999998,115.17418939999997,24.0,3061.0,0,0,0,0,115.17418939999997,24.0,115.17418939999997,115.17418939999997,115.17418939999997,3061.0,3061.0,3061.0
211,csched008.mps.gz,997.0527198,1225.8048168,56979.0,177227.0,1,1,1,1,997.0527198,56979.0,997.0527198,997.0527198,997.0527198,56979.0,56979.0,56979.0
212,bmocbd.mps.gz,61.76835900000001,64.49014220000001,1.0,1.0,1,1,1,1,61.76835900000001,1.0,61.76835900000001,61.76835900000001,61.76835900000001,1.0,1.0,1.0
213,neos-820879.mps.gz,51.4950206,109.80539739999999,123.0,3015.0,1,1,1,1,51.4950206,123.0,51.4950206,51.4950206,51.4950206,123.0,123.0,123.0
214,chromaticindex32-8.mps.gz,1.2355254,4.0261532,1.0,249.0,1,1,1,1,1.2355254,1.0,1.2355254,1.2355254,1.2355254,1.0,1.0,1.0
215,neos-3665875-lesum.mps.gz,11191.473609600002,18000.004674800002,339994.0,1342478.2,1,1,1,1,11191.473609600002,339994.0,11191.473609600002,11191.473609600002,11191.473609600002,339994.0,339994.0,339994.0
216,p0201.mps.gz,0.6728649999999999,0.4079246,15.0,85.0,0,0,0,0,0.4079246,15.0,0.4079246,0.4079246,0.4079246,85.0,85.0,85.0
217,osorio-cta.mps.gz,2.4897904,3.2787542000000003,127.0,187.0,0,1,1,1,2.4897904,127.0,2.4897904,3.2787542000000003,2.4897904,127.0,187.0,127.0
218,pk1.mps.gz,112.56722199999999,87.6525742,325579.0,372837.0,0,0,0,0,87.6525742,325579.0,87.6525742,87.6525742,87.6525742,372837.0,372837.0,372837.0
219,lectsched-4-obj.mps.gz,6.439342600000001,20.102633400000002,5.0,1395.0,1,1,1,1,6.439342600000001,5.0,6.439342600000001,6.439342600000001,6.439342600000001,5.0,5.0,5.0
220,neos-4359986-taipa.mps.gz,18000.013354,3416.2655138,1.0,544.0,0,0,0,0,3416.2655138,1.0,3416.2655138,3416.2655138,3416.2655138,544.0,544.0,544.0
221,dano3_5.mps.gz,527.6915971999999,425.350425,229.0,138.0,1,0,0,0,425.350425,138.0,425.350425,527.6915971999999,425.350425,138.0,229.0,138.0
222,ns1760995.mps.gz,17456.574543199997,18000.0156064,871.6,1.0,1,1,1,1,17456.574543199997,1.0,17456.574543199997,17456.574543199997,17456.574543199997,871.6,871.6,871.6
223,map18.mps.gz,266.17980480000006,305.9036094,306.0,799.0,1,1,1,1,266.17980480000006,306.0,266.17980480000006,266.17980480000006,266.17980480000006,306.0,306.0,306.0
224,neos-3083784-nive.mps.gz,0.0504784,0.0482474,1.0,1.0,0,0,0,0,0.0482474,1.0,0.0482474,0.0482474,0.0482474,1.0,1.0,1.0
225,app1-2.mps.gz,1647.7680719999996,491.92171999999994,40804.0,11191.0,0,0,0,0,491.92171999999994,11191.0,491.92171999999994,491.92171999999994,491.92171999999994,11191.0,11191.0,11191.0
226,bnatt400.mps.gz,278.49436319999995,128.1735326,4071.0,6778.0,0,0,0,0,128.1735326,4071.0,128.1735326,128.1735326,128.1735326,6778.0,6778.0,6778.0
227,10teams.mps.gz,10.6121332,11.8901138,30.0,276.0,1,1,1,1,10.6121332,30.0,10.6121332,10.6121332,10.6121332,30.0,30.0,30.0
228,neos-3610040-iskar.mps.gz,3.0390189999999997,9.4106512,197.0,8620.0,1,1,1,1,3.0390189999999997,197.0,3.0390189999999997,3.0390189999999997,3.0390189999999997,197.0,197.0,197.0
229,rail507.mps.gz,282.55678780000005,314.83899959999997,836.0,1010.0,1,1,1,1,282.55678780000005,836.0,282.55678780000005,282.55678780000005,282.55678780000005,836.0,836.0,836.0
230,gen-ip054.mps.gz,1451.8444118,1134.2317126000003,5682228.0,4609954.0,0,0,0,0,1134.2317126000003,4609954.0,1134.2317126000003,1134.2317126000003,1134.2317126000003,4609954.0,4609954.0,4609954.0
231,net12.mps.gz,577.6360064,717.8216924000001,1147.0,2375.0,1,1,1,1,577.6360064,1147.0,577.6360064,577.6360064,577.6360064,1147.0,1147.0,1147.0
232,tanglegram4.mps.gz,3272.9228162,2637.4087714,67.0,111.0,0,0,0,0,2637.4087714,67.0,2637.4087714,2637.4087714,2637.4087714,111.0,111.0,111.0
233,neos-1601936.mps.gz,13487.386810799999,17135.6327352,14529.0,1.0,1,1,1,1,13487.386810799999,1.0,13487.386810799999,13487.386810799999,13487.386810799999,14529.0,14529.0,14529.0
234,neos-555424.mps.gz,417.9169036,6677.30255,21771.0,826575.0,1,1,1,1,417.9169036,21771.0,417.9169036,417.9169036,417.9169036,21771.0,21771.0,21771.0
235,gasprod2-2.mps.gz,1029.3327755999999,4458.766827199999,1250.0,6990.0,1,1,1,1,1029.3327755999999,1250.0,1029.3327755999999,1029.3327755999999,1029.3327755999999,1250.0,1250.0,1250.0
236,square23.mps.gz,191.54572259999998,200.307441,178.0,178.0,1,1,1,1,191.54572259999998,178.0,191.54572259999998,191.54572259999998,191.54572259999998,178.0,178.0,178.0
237,gen-ip002.mps.gz,1746.1170927999997,1417.0496882000002,5859548.0,5112787.0,0,0,0,0,1417.0496882000002,5112787.0,1417.0496882000002,1417.0496882000002,1417.0496882000002,5112787.0,5112787.0,5112787.0
238,rocI-4-11.mps.gz,118.18039800000001,64.34698999999999,14096.0,23652.0,0,0,0,0,64.34698999999999,14096.0,64.34698999999999,64.34698999999999,64.34698999999999,23652.0,23652.0,23652.0
239,neos-1425699.mps.gz,0.0136686,0.022404,1.0,1.0,1,1,1,1,0.0136686,1.0,0.0136686,0.0136686,0.0136686,1.0,1.0,1.0
240,drayage-100-23.mps.gz,9.814938,9.829639400000001,1.0,12.0,1,1,1,1,9.814938,1.0,9.814938,9.814938,9.814938,1.0,1.0,1.0
241,netdiversion.mps.gz,11210.8353336,755.730339,194.0,14.0,0,0,0,0,755.730339,14.0,755.730339,755.730339,755.730339,14.0,14.0,14.0
242,chromaticindex128-5.mps.gz,85.96095420000002,1239.0363744,1316.0,100314.0,1,1,1,1,85.96095420000002,1316.0,85.96095420000002,85.96095420000002,85.96095420000002,1316.0,1316.0,1316.0
243,neos-3660371-kurow.mps.gz,409.77370840000003,355.85281799999996,95347.0,67129.0,1,0,0,0,355.85281799999996,67129.0,355.85281799999996,409.77370840000003,355.85281799999996,67129.0,95347.0,67129.0
244,neos-860300.mps.gz,31.2543042,25.6054984,1.0,5.0,0,0,0,0,25.6054984,1.0,25.6054984,25.6054984,25.6054984,5.0,5.0,5.0
245,neos-4738912-atrato.mps.gz,3759.9816466,88.5537826,278355.0,4714.0,0,0,0,0,88.5537826,4714.0,88.5537826,88.5537826,88.5537826,4714.0,4714.0,4714.0
246,mod011.mps.gz,228.5926748,438.65331580000003,1164.0,38117.0,1,1,1,1,228.5926748,1164.0,228.5926748,228.5926748,228.5926748,1164.0,1164.0,1164.0
247,mine-90-10.mps.gz,379.6720676,105.90516199999999,27540.0,31964.0,0,0,0,0,105.90516199999999,27540.0,105.90516199999999,105.90516199999999,105.90516199999999,31964.0,31964.0,31964.0
248,neos-2978193-inde.mps.gz,2674.3467293999997,2325.1741212,128708.0,146860.0,0,0,0,0,2325.1741212,128708.0,2325.1741212,2325.1741212,2325.1741212,146860.0,146860.0,146860.0
249,mappingmesh3x3mpeg2i.mps.gz,176.68997900000002,206.20847899999998,3368.0,1045.0,1,1,1,1,176.68997900000002,1045.0,176.68997900000002,176.68997900000002,176.68997900000002,3368.0,3368.0,3368.0
250,rpp22falsei.mps.gz,103.816029,64.4196124,1111.0,254.0,0,0,0,0,64.4196124,254.0,64.4196124,64.4196124,64.4196124,254.0,254.0,254.0
251,var-smallemery-m6j6.mps.gz,8376.1473438,11757.510814,685889.0,836578.0,1,1,1,1,8376.1473438,685889.0,8376.1473438,8376.1473438,8376.1473438,685889.0,685889.0,685889.0
252,neos-595904.mps.gz,38.753719600000004,18000.0140178,7.0,1129247.4,1,1,1,1,38.753719600000004,7.0,38.753719600000004,38.753719600000004,38.753719600000004,7.0,7.0,7.0
253,nw04.mps.gz,29.8233834,23.501648800000005,1.0,1.0,0,0,0,0,23.501648800000005,1.0,23.501648800000005,23.501648800000005,23.501648800000005,1.0,1.0,1.0
254,neos-3610173-itata.mps.gz,1.9099793999999999,14.857222400000001,1.0,6854.0,1,1,1,1,1.9099793999999999,1.0,1.9099793999999999,1.9099793999999999,1.9099793999999999,1.0,1.0,1.0
255,fastxgemm-n2r6s0t2.mps.gz,951.4450860000001,1666.5238554000002,127278.0,237583.0,1,1,1,1,951.4450860000001,127278.0,951.4450860000001,951.4450860000001,951.4450860000001,127278.0,127278.0,127278.0
256,lectsched-2.mps.gz,10.6769632,9.5500926,15.0,101.0,0,0,0,0,9.5500926,15.0,9.5500926,9.5500926,9.5500926,101.0,101.0,101.0
257,reblock166.mps.gz,2260.1649952,13899.775089199999,194918.0,3126462.0,0,1,1,1,2260.1649952,194918.0,2260.1649952,13899.775089199999,2260.1649952,194918.0,3126462.0,194918.0
258,sp98ic.mps.gz,9372.314164200001,14094.0500336,141964.0,432282.0,1,1,1,1,9372.314164200001,141964.0,9372.314164200001,9372.314164200001,9372.314164200001,141964.0,141964.0,141964.0
259,gasprod1-2.mps.gz,72.2564726,425.500104,612.0,34724.0,1,1,1,1,72.2564726,612.0,72.2564726,72.2564726,72.2564726,612.0,612.0,612.0
260,f2gap801600.mps.gz,1.1939875999999998,606.3253248,1.0,176006.0,1,1,1,1,1.1939875999999998,1.0,1.1939875999999998,1.1939875999999998,1.1939875999999998,1.0,1.0,1.0
261,neos-799711.mps.gz,6600.965804400001,4486.457098000001,622.0,179.0,1,0,0,0,4486.457098000001,179.0,4486.457098000001,6600.965804400001,4486.457098000001,179.0,622.0,179.0
262,l2p12.mps.gz,167.8645894,1392.5648708,650.0,99012.0,1,1,1,1,167.8645894,650.0,167.8645894,167.8645894,167.8645894,650.0,650.0,650.0
263,neos-954925.mps.gz,14873.0956884,18000.004139999997,2258.0,1696.6,1,1,1,1,14873.0956884,1696.6,14873.0956884,14873.0956884,14873.0956884,2258.0,2258.0,2258.0
264,csched007.mps.gz,2452.0992442,18000.008006,123917.0,3993177.4,1,1,1,1,2452.0992442,123917.0,2452.0992442,2452.0992442,2452.0992442,123917.0,123917.0,123917.0
265,nursesched-sprint-hidden09.mps.gz,100.07384859999999,18000.001622,66.0,314305.2,1,1,1,1,100.07384859999999,66.0,100.07384859999999,100.07384859999999,100.07384859999999,66.0,66.0,66.0
266,neos-555884.mps.gz,255.78597639999998,18000.034919399997,6120.0,1922042.4,1,1,1,1,255.78597639999998,6120.0,255.78597639999998,255.78597639999998,255.78597639999998,6120.0,6120.0,6120.0
267,roll3000.mps.gz,57.78920039999999,18000.040197399998,2830.0,6825628.0,1,1,1,1,57.78920039999999,2830.0,57.78920039999999,57.78920039999999,57.78920039999999,2830.0,2830.0,2830.0
268,bmocbd2.mps.gz,61.06275959999999,60.2604428,1.0,1.0,0,0,0,0,60.2604428,1.0,60.2604428,60.2604428,60.2604428,1.0,1.0,1.0
269,graphdraw-domain.mps.gz,1605.7332378,10791.4465344,2008061.0,24553839.0,1,1,1,1,1605.7332378,2008061.0,1605.7332378,1605.7332378,1605.7332378,2008061.0,2008061.0,2008061.0
270,splice1k1.mps.gz,8924.6806366,2776.8350102,592.0,546.0,0,0,0,0,2776.8350102,546.0,2776.8350102,2776.8350102,2776.8350102,546.0,546.0,546.0
271,neos-827015.mps.gz,1858.6028714,1089.1710436,296.0,151.0,0,0,0,0,1089.1710436,151.0,1089.1710436,1089.1710436,1089.1710436,151.0,151.0,151.0
272,rococoC10-001000.mps.gz,1293.1925448,2261.0250484,50312.0,571173.0,1,1,1,1,1293.1925448,50312.0,1293.1925448,1293.1925448,1293.1925448,50312.0,50312.0,50312.0
273,blend2.mps.gz,2.8151020000000004,1.479759,854.0,1041.0,0,0,0,0,1.479759,854.0,1.479759,1.479759,1.479759,1041.0,1041.0,1041.0
274,co-100.mps.gz,9705.921982,18000.096746,6091.0,287414.0,1,1,1,1,9705.921982,6091.0,9705.921982,9705.921982,9705.921982,6091.0,6091.0,6091.0
275,traininstance6.mps.gz,18000.016974799997,17635.3487054,3994495.0,3497685.6,0,0,0,0,17635.3487054,3497685.6,17635.3487054,17635.3487054,17635.3487054,3497685.6,3497685.6,3497685.6
276,map14860-20.mps.gz,180.90357519999998,396.3827,199.0,695.0,1,1,1,1,180.90357519999998,199.0,180.90357519999998,180.90357519999998,180.90357519999998,199.0,199.0,199.0
277,neos-953928.mps.gz,1140.9615306,18000.0018204,114.0,2255.4,1,1,1,1,1140.9615306,114.0,1140.9615306,1140.9615306,1140.9615306,114.0,114.0,114.0
278,australia-abs-cta.mps.gz,359.7438778,1759.7704663999998,1849.0,95605.0,1,1,1,1,359.7438778,1849.0,359.7438778,359.7438778,359.7438778,1849.0,1849.0,1849.0
279,neos-3024952-loue.mps.gz,5128.3657796,18000.092993399998,91480.0,2202033.6,1,1,1,1,5128.3657796,91480.0,5128.3657796,5128.3657796,5128.3657796,91480.0,91480.0,91480.0
280,neos-1223462.mps.gz,7.513496200000001,6.908243199999999,1.0,1.0,0,0,0,0,6.908243199999999,1.0,6.908243199999999,6.908243199999999,6.908243199999999,1.0,1.0,1.0
281,mspsphard01i.mps.gz,11175.250066999997,2881.4064682000003,323371.0,152457.0,0,0,0,0,2881.4064682000003,152457.0,2881.4064682000003,2881.4064682000003,2881.4064682000003,152457.0,152457.0,152457.0
282,neos-5115478-kaveri.mps.gz,18000.005446199997,13973.2672964,2689346.4,2615641.0,0,0,0,0,13973.2672964,2615641.0,13973.2672964,13973.2672964,13973.2672964,2615641.0,2615641.0,2615641.0
283,neos-3610051-istra.mps.gz,2.0242648,10.943184400000002,192.0,5098.0,1,1,1,1,2.0242648,192.0,2.0242648,2.0242648,2.0242648,192.0,192.0,192.0
284,bc1.mps.gz,173.2603628,593.0073772,1691.0,17530.0,1,1,1,1,173.2603628,1691.0,173.2603628,173.2603628,173.2603628,1691.0,1691.0,1691.0
285,beasleyC1.mps.gz,6.3865798,12.7161644,1.0,1752.0,1,1,1,1,6.3865798,1.0,6.3865798,6.3865798,6.3865798,1.0,1.0,1.0
286,map10.mps.gz,1125.8240944,1188.0393962000003,732.0,2333.0,1,1,1,1,1125.8240944,732.0,1125.8240944,1125.8240944,1125.8240944,732.0,732.0,732.0
287,neos-3048764-nadi.mps.gz,0.3194366,0.31708820000000004,1.0,1.0,0,0,0,0,0.31708820000000004,1.0,0.31708820000000004,0.31708820000000004,0.31708820000000004,1.0,1.0,1.0
288,supportcase16.mps.gz,0.12418180000000001,0.11635759999999999,1.0,1.0,1,0,0,0,0.11635759999999999,1.0,0.11635759999999999,0.12418180000000001,0.11635759999999999,1.0,1.0,1.0
289,neos-941313.mps.gz,1686.2797535999998,18000.010065,7.0,901.2,1,1,1,1,1686.2797535999998,7.0,1686.2797535999998,1686.2797535999998,1686.2797535999998,7.0,7.0,7.0
290,shipschedule6shipsmixi.mps.gz,26.834089,27.4758816,10.0,170.0,1,1,1,1,26.834089,10.0,26.834089,26.834089,26.834089,10.0,10.0,10.0
291,mod010.mps.gz,0.7160896,0.8468144000000001,1.0,3.0,1,1,1,1,0.7160896,1.0,0.7160896,0.7160896,0.7160896,1.0,1.0,1.0
292,neos-933638.mps.gz,15511.635736999999,1527.5876204,983.0,64.0,0,0,0,0,1527.5876204,64.0,1527.5876204,1527.5876204,1527.5876204,64.0,64.0,64.0
293,square31.mps.gz,14323.626608199998,16082.766869999998,1367.0,1367.0,1,1,1,1,14323.626608199998,1367.0,14323.626608199998,14323.626608199998,14323.626608199998,1367.0,1367.0,1367.0
294,neos-1599274.mps.gz,3.4118182,2.8346664,1.0,1.0,0,0,0,0,2.8346664,1.0,2.8346664,2.8346664,2.8346664,1.0,1.0,1.0
295,gen.mps.gz,0.055514799999999996,0.1162374,1.0,5.0,1,1,1,1,0.055514799999999996,1.0,0.055514799999999996,0.055514799999999996,0.055514799999999996,1.0,1.0,1.0
296,piperout-03.mps.gz,20.107330400000002,37.64756,402.0,2130.0,1,1,1,1,20.107330400000002,402.0,20.107330400000002,20.107330400000002,20.107330400000002,402.0,402.0,402.0
297,pigeon-08.mps.gz,0.8208780000000001,2.4156996,1947.0,6820.0,1,1,1,1,0.8208780000000001,1947.0,0.8208780000000001,0.8208780000000001,0.8208780000000001,1947.0,1947.0,1947.0
298,neos-3437289-erdre.mps.gz,0.13494520000000002,0.1350276,1.0,1.0,1,1,1,1,0.13494520000000002,1.0,0.13494520000000002,0.13494520000000002,0.13494520000000002,1.0,1.0,1.0
299,neos-5107597-kakapo.mps.gz,16895.3387406,2620.9207704,2635953.8,519969.0,0,0,0,0,2620.9207704,519969.0,2620.9207704,2620.9207704,2620.9207704,519969.0,519969.0,519969.0
300,irp.mps.gz,18.619616,17.5846424,1.0,10.0,0,0,0,0,17.5846424,1.0,17.5846424,17.5846424,17.5846424,10.0,10.0,10.0
301,neos-780889.mps.gz,170.2696034,324.7416144,1.0,1.0,1,1,1,1,170.2696034,1.0,170.2696034,170.2696034,170.2696034,1.0,1.0,1.0
302,drayage-25-32.mps.gz,357.38164780000005,1245.8062122,11988.0,136931.0,1,1,1,1,357.38164780000005,11988.0,357.38164780000005,357.38164780000005,357.38164780000005,11988.0,11988.0,11988.0
303,peg-solitaire-a3.mps.gz,18000.0009174,2653.9633444,4057.2,2298.0,0,0,0,0,2653.9633444,2298.0,2653.9633444,2653.9633444,2653.9633444,2298.0,2298.0,2298.0
304,app2-2.mps.gz,1.5827601999999998,0.379284,1.0,1.0,1,0,0,0,0.379284,1.0,0.379284,1.5827601999999998,0.379284,1.0,1.0,1.0
305,neos-1330346.mps.gz,6080.053193199999,3841.526938,363848.0,292491.0,0,0,0,0,3841.526938,292491.0,3841.526938,3841.526938,3841.526938,292491.0,292491.0,292491.0
306,pigeon-13.mps.gz,6848.651485799999,18000.0025894,11370579.0,8662982.8,1,1,1,1,6848.651485799999,8662982.8,6848.651485799999,6848.651485799999,6848.651485799999,11370579.0,11370579.0,11370579.0
307,swath2.mps.gz,46.0695346,40.148455399999996,1926.0,1333.0,1,0,0,0,40.148455399999996,1333.0,40.148455399999996,46.0695346,40.148455399999996,1333.0,1926.0,1333.0
308,neos-1456979.mps.gz,5813.238375599999,18000.000637600002,37883.0,71989.4,1,1,1,1,5813.238375599999,37883.0,5813.238375599999,5813.238375599999,5813.238375599999,37883.0,37883.0,37883.0
309,ta2-UUE.mps.gz,1357.6303258,2059.1811470000002,20746.0,60389.0,1,1,1,1,1357.6303258,20746.0,1357.6303258,1357.6303258,1357.6303258,20746.0,20746.0,20746.0
310,bley_xl1.mps.gz,26.6726662,57.451897800000005,8.0,150.0,1,1,1,1,26.6726662,8.0,26.6726662,26.6726662,26.6726662,8.0,8.0,8.0
311,neos-3216931-puriri.mps.gz,12848.476204,10530.100333,8769.0,17134.0,0,0,0,0,10530.100333,8769.0,10530.100333,10530.100333,10530.100333,17134.0,17134.0,17134.0
312,ns1830653.mps.gz,240.7236852,177.01807879999998,4151.0,17854.0,0,0,0,0,177.01807879999998,4151.0,177.01807879999998,177.01807879999998,177.01807879999998,17854.0,17854.0,17854.0
313,fiber.mps.gz,1.8249650000000002,15.944278200000003,1.0,2602.0,1,1,1,1,1.8249650000000002,1.0,1.8249650000000002,1.8249650000000002,1.8249650000000002,1.0,1.0,1.0
314,drayage-25-23.mps.gz,18.7389826,112.7562578,266.0,17749.0,1,1,1,1,18.7389826,266.0,18.7389826,18.7389826,18.7389826,266.0,266.0,266.0
315,fiball.mps.gz,1137.6859004,286.39083859999994,3495.0,5442.0,0,0,0,0,286.39083859999994,3495.0,286.39083859999994,286.39083859999994,286.39083859999994,5442.0,5442.0,5442.0
316,neos-956971.mps.gz,1395.8721096,18000.0105768,61.0,11016.2,1,1,1,1,1395.8721096,61.0,1395.8721096,1395.8721096,1395.8721096,61.0,61.0,61.0
317,neos-5106984-jizera.mps.gz,10212.9822144,18001.268773800002,28.0,93.6,1,1,1,1,10212.9822144,28.0,10212.9822144,10212.9822144,10212.9822144,28.0,28.0,28.0
318,neos-848589.mps.gz,15109.323876999999,18000.0492152,989.0,8956.4,1,1,1,1,15109.323876999999,989.0,15109.323876999999,15109.323876999999,15109.323876999999,989.0,989.0,989.0
319,neos-3699377-maori.mps.gz,1046.5779522,410.4732838,22984.0,14774.0,0,0,0,0,410.4732838,14774.0,410.4732838,410.4732838,410.4732838,14774.0,14774.0,14774.0
320,ab67-40-100.mps.gz,314.06308260000003,318.8487924,73.0,75.0,1,1,1,1,314.06308260000003,73.0,314.06308260000003,314.06308260000003,314.06308260000003,73.0,73.0,73.0
321,rlp1.mps.gz,0.23079139999999998,0.22671039999999998,51.0,225.0,0,0,0,0,0.22671039999999998,51.0,0.22671039999999998,0.22671039999999998,0.22671039999999998,225.0,225.0,225.0
322,neos-3354841-apure.mps.gz,322.89475980000003,268.63595139999995,1.0,1.0,0,0,0,0,268.63595139999995,1.0,268.63595139999995,268.63595139999995,268.63595139999995,1.0,1.0,1.0
323,neos-5193246-nerang.mps.gz,1134.5181418000002,1345.5743814,7082.0,17117.0,1,1,1,1,1134.5181418000002,7082.0,1134.5181418000002,1134.5181418000002,1134.5181418000002,7082.0,7082.0,7082.0
324,nursesched-sprint02.mps.gz,38.106145600000005,348.142076,5.0,2272.0,1,1,1,1,38.106145600000005,5.0,38.106145600000005,38.106145600000005,38.106145600000005,5.0,5.0,5.0
325,neos-3209519-ruhr.mps.gz,810.5677479999997,1904.0033722,61448.0,198275.0,1,1,1,1,810.5677479999997,61448.0,810.5677479999997,810.5677479999997,810.5677479999997,61448.0,61448.0,61448.0
326,k1mushroom.mps.gz,2490.722604,2270.2786183999997,1.0,9.0,0,0,0,0,2270.2786183999997,1.0,2270.2786183999997,2270.2786183999997,2270.2786183999997,9.0,9.0,9.0
327,cbs-cta.mps.gz,39.8278776,60.286328000000005,1.0,58.0,1,1,1,1,39.8278776,1.0,39.8278776,39.8278776,39.8278776,1.0,1.0,1.0
328,neos-1445743.mps.gz,30.696198,28.501641,69.0,182.0,0,0,0,0,28.501641,69.0,28.501641,28.501641,28.501641,182.0,182.0,182.0
