,index,NAME,TIME W/ CUTS,TIME W/O CUTS,NODES W/ CUTS,NODES W/O CUTS,PLabel NN,PLabel ET,PLabel RF,Time Label,Minimum Time,Minimum Nodes,PTime RF,PTime NN,PTime ET,PNodes RF,PNodes NN,PNodes ET
0,0,neos6.mps.gz,359.8024494,799.5698578,3667.0,9640.0,1,1,1,1,359.8024494,3667.0,359.8024494,359.8024494,359.8024494,3667.0,3667.0,3667.0
1,1,air05.mps.gz,57.4061712,70.6305368,523.0,722.0,1,1,1,1,57.4061712,523.0,57.4061712,57.4061712,57.4061712,523.0,523.0,523.0
2,2,neos8.mps.gz,16.5811546,76.0950242,1.0,1.0,1,1,1,1,16.5811546,1.0,16.5811546,16.5811546,16.5811546,1.0,1.0,1.0
3,3,mine-166-5.mps.gz,50.761648799999996,52.54624640000001,2681.0,1228.0,1,1,1,1,50.761648799999996,1228.0,50.761648799999996,50.761648799999996,50.761648799999996,2681.0,2681.0,2681.0
4,4,acc-tight4.mps.gz,229.533662,159.7069606,1087.0,674.0,0,1,1,0,159.7069606,674.0,229.533662,159.7069606,229.533662,1087.0,674.0,1087.0
5,5,neos-885086.mps.gz,7184.3035036,331.23625020000003,263.0,36.0,0,1,1,0,331.23625020000003,36.0,7184.3035036,331.23625020000003,7184.3035036,263.0,36.0,263.0
6,6,glass4.mps.gz,937.8782435999999,1198.8970535999997,652204.0,2576934.0,1,1,1,1,937.8782435999999,652204.0,937.8782435999999,937.8782435999999,937.8782435999999,652204.0,652204.0,652204.0
7,7,neos-5018451-chiese.mps.gz,1203.734945,2713.6345164000004,3511.0,4543.0,1,1,1,1,1203.734945,3511.0,1203.734945,1203.734945,1203.734945,3511.0,3511.0,3511.0
8,8,iis-glass-cov.mps.gz,789.9152172000001,570.643371,24361.0,25501.0,0,0,0,0,570.643371,24361.0,570.643371,570.643371,570.643371,25501.0,25501.0,25501.0
9,9,eilC76-2.mps.gz,2899.1750631999994,9618.223021000002,7851.0,40399.0,1,1,1,1,2899.1750631999994,7851.0,2899.1750631999994,2899.1750631999994,2899.1750631999994,7851.0,7851.0,7851.0
10,10,dcmulti.mps.gz,2.3997976,2.8607984,90.0,1425.0,1,1,1,1,2.3997976,90.0,2.3997976,2.3997976,2.3997976,90.0,90.0,90.0
11,11,comp08-2idx.mps.gz,1227.0355282000003,18578.684913200002,4218.0,442752.4,1,1,1,1,1227.0355282000003,4218.0,1227.0355282000003,1227.0355282000003,1227.0355282000003,4218.0,4218.0,4218.0
12,12,neos-5188808-nattai.mps.gz,2394.1862532,2213.7094702,11023.0,11213.0,0,1,1,0,2213.7094702,11023.0,2394.1862532,2213.7094702,2394.1862532,11023.0,11213.0,11023.0
13,13,prod2.mps.gz,125.5057832,102.3412064,67499.0,103438.0,0,1,1,0,102.3412064,67499.0,125.5057832,102.3412064,125.5057832,67499.0,103438.0,67499.0
14,14,neos-5129192-manaia.mps.gz,80.1897804,84.5276466,1.0,1.0,1,1,1,1,80.1897804,1.0,80.1897804,80.1897804,80.1897804,1.0,1.0,1.0
15,15,mzzv42z.mps.gz,461.63270679999994,1468.3025026,11.0,2656.0,1,1,1,1,461.63270679999994,11.0,461.63270679999994,461.63270679999994,461.63270679999994,11.0,11.0,11.0
16,16,ran14x18-disj-8.mps.gz,1780.004335,17592.469008199998,312024.0,14591597.0,1,1,1,1,1780.004335,312024.0,1780.004335,1780.004335,1780.004335,312024.0,312024.0,312024.0
17,17,supportcase17.mps.gz,46.593206599999995,59.20159520000001,264.0,2388.0,1,1,1,1,46.593206599999995,264.0,46.593206599999995,46.593206599999995,46.593206599999995,264.0,264.0,264.0
18,18,neos-824661.mps.gz,914.3543791999998,527.9148364,36.0,8.0,0,1,1,0,527.9148364,8.0,914.3543791999998,527.9148364,914.3543791999998,36.0,8.0,36.0
19,19,neos-4322846-ryton.mps.gz,1330.7143346,1407.8525704,664.0,522.0,1,1,1,1,1330.7143346,522.0,1330.7143346,1330.7143346,1330.7143346,664.0,664.0,664.0
20,20,supportcase40.mps.gz,1530.8577412000002,2202.9968381999997,8835.0,70894.0,1,1,1,1,1530.8577412000002,8835.0,1530.8577412000002,1530.8577412000002,1530.8577412000002,8835.0,8835.0,8835.0
21,21,qiu.mps.gz,66.1176314,45.2452708,10652.0,9207.0,0,1,1,0,45.2452708,9207.0,66.1176314,45.2452708,66.1176314,10652.0,9207.0,10652.0
22,22,neos-3661949-lesse.mps.gz,0.2044848,0.2091004,1.0,1.0,1,1,1,1,0.2044848,1.0,0.2044848,0.2044848,0.2044848,1.0,1.0,1.0
23,23,core2536-691.mps.gz,382.0128684,1264.2662936000002,893.0,1199.0,1,1,1,1,382.0128684,893.0,382.0128684,382.0128684,382.0128684,893.0,893.0,893.0
24,24,ab51-40-100.mps.gz,808.5358072,1519.3310086000001,1316.0,1000.0,1,1,1,1,808.5358072,1000.0,808.5358072,808.5358072,808.5358072,1316.0,1316.0,1316.0
25,25,ns1208400.mps.gz,248.5555066,129.0415662,567.0,136.0,0,1,1,0,129.0415662,136.0,248.5555066,129.0415662,248.5555066,567.0,136.0,567.0
26,26,n13-3.mps.gz,7.4866756,111.62159460000001,185.0,24332.0,1,1,1,1,7.4866756,185.0,7.4866756,7.4866756,7.4866756,185.0,185.0,185.0
27,27,n3div36.mps.gz,12237.138276000001,18870.021842800004,306128.0,132226.0,1,1,1,1,12237.138276000001,132226.0,12237.138276000001,12237.138276000001,12237.138276000001,306128.0,306128.0,306128.0
28,28,neos-4722843-widden.mps.gz,1514.4394574,3862.4103869999994,1048.0,18827.0,1,1,1,1,1514.4394574,1048.0,1514.4394574,1514.4394574,1514.4394574,1048.0,1048.0,1048.0
29,29,neos-827175.mps.gz,13.4518752,13.5328512,1.0,1.0,1,1,1,1,13.4518752,1.0,13.4518752,13.4518752,13.4518752,1.0,1.0,1.0
30,30,n2seq36q.mps.gz,245.26977860000002,960.0551838000002,934.0,43811.0,1,1,1,1,245.26977860000002,934.0,245.26977860000002,245.26977860000002,245.26977860000002,934.0,934.0,934.0
31,31,graphdraw-gemcutter.mps.gz,128.35823879999998,386.4662558,175780.0,885799.0,1,1,1,1,128.35823879999998,175780.0,128.35823879999998,128.35823879999998,128.35823879999998,175780.0,175780.0,175780.0
32,32,neos-585467.mps.gz,17.837845800000004,11.0933522,124.0,122.0,0,1,1,0,11.0933522,122.0,17.837845800000004,11.0933522,17.837845800000004,124.0,122.0,124.0
33,33,danoint.mps.gz,7173.3016272,6068.6426664,1239048.0,1591551.0,0,1,1,0,6068.6426664,1239048.0,7173.3016272,6068.6426664,7173.3016272,1239048.0,1591551.0,1239048.0
34,34,neos-686190.mps.gz,154.11119300000001,152.7745076,4101.0,5778.0,0,1,1,0,152.7745076,4101.0,154.11119300000001,152.7745076,154.11119300000001,4101.0,5778.0,4101.0
35,35,neos-1396125.mps.gz,199.9933016,274.5542058,18493.0,31852.0,1,1,1,1,199.9933016,18493.0,199.9933016,199.9933016,199.9933016,18493.0,18493.0,18493.0
36,36,neos-957323.mps.gz,192.8143318,484.7025794,19.0,10.0,1,1,1,1,192.8143318,10.0,192.8143318,192.8143318,192.8143318,19.0,19.0,19.0
37,37,railway_8_1_0.mps.gz,180.85296,350.8742114,516.0,7467.0,1,1,1,1,180.85296,516.0,180.85296,180.85296,180.85296,516.0,516.0,516.0
38,38,f2gap40400.mps.gz,0.10257020000000001,0.1086024,1.0,1.0,1,1,1,1,0.10257020000000001,1.0,0.10257020000000001,0.10257020000000001,0.10257020000000001,1.0,1.0,1.0
39,39,gt2.mps.gz,0.0873096,0.25887519999999997,5.0,325.0,1,1,1,1,0.0873096,5.0,0.0873096,0.0873096,0.0873096,5.0,5.0,5.0
40,40,rmatr100-p5.mps.gz,586.2969298,522.1596490000001,405.0,395.0,0,1,1,0,522.1596490000001,395.0,586.2969298,522.1596490000001,586.2969298,405.0,395.0,405.0
41,41,umts.mps.gz,1080.299948,13338.9142032,144227.0,3106370.0,1,1,1,1,1080.299948,144227.0,1080.299948,1080.299948,1080.299948,144227.0,144227.0,144227.0
42,42,neos-957143.mps.gz,826.3102822000001,1221.6587764,48.0,70.0,1,1,1,1,826.3102822000001,48.0,826.3102822000001,826.3102822000001,826.3102822000001,48.0,48.0,48.0
43,43,gen-ip021.mps.gz,548.6698571999999,607.9282685999999,2101666.0,2341056.0,1,1,1,1,548.6698571999999,2101666.0,548.6698571999999,548.6698571999999,548.6698571999999,2101666.0,2101666.0,2101666.0
44,44,tanglegram6.mps.gz,22.344748600000003,20.355591599999997,7.0,7.0,0,0,0,0,20.355591599999997,7.0,20.355591599999997,20.355591599999997,20.355591599999997,7.0,7.0,7.0
45,45,fjspeasy01i.mps.gz,344.7880472,650.4872432,31.0,47.0,1,1,1,1,344.7880472,31.0,344.7880472,344.7880472,344.7880472,31.0,31.0,31.0
46,46,neos-4966258-blicks.mps.gz,10656.3571876,9099.7252978,2560.0,2888.0,0,1,1,0,9099.7252978,2560.0,10656.3571876,9099.7252978,10656.3571876,2560.0,2888.0,2560.0
47,47,neos-3148108-pahi.mps.gz,4.2968142,4.220265,1.0,1.0,0,1,1,0,4.220265,1.0,4.2968142,4.220265,4.2968142,1.0,1.0,1.0
48,48,neos-555001.mps.gz,1.8132373999999998,1981.1910747999998,1.0,693016.0,1,1,1,1,1.8132373999999998,1.0,1.8132373999999998,1.8132373999999998,1.8132373999999998,1.0,1.0,1.0
49,49,neos5.mps.gz,1619.2415747999999,512.0040336000001,4441157.0,1533055.0,0,0,0,0,512.0040336000001,1533055.0,512.0040336000001,512.0040336000001,512.0040336000001,1533055.0,1533055.0,1533055.0
50,50,gasprod1-3.mps.gz,60.0891022,406.179975,378.0,28980.0,1,1,1,1,60.0891022,378.0,60.0891022,60.0891022,60.0891022,378.0,378.0,378.0
51,51,neos-5083528-gimone.mps.gz,53.35146160000001,94.0976218,4.0,21.0,1,1,1,1,53.35146160000001,4.0,53.35146160000001,53.35146160000001,53.35146160000001,4.0,4.0,4.0
52,52,neos-3226448-wkra.mps.gz,18000.0048946,7079.7617718,181.0,44.0,0,1,1,0,7079.7617718,44.0,18000.0048946,7079.7617718,18000.0048946,181.0,44.0,181.0
53,53,sp98ar.mps.gz,15783.325640800002,18475.493299200003,192153.0,565985.8,1,1,1,1,15783.325640800002,192153.0,15783.325640800002,15783.325640800002,15783.325640800002,192153.0,192153.0,192153.0
54,54,n7-3.mps.gz,51.6508964,1571.592162,437.0,132731.0,1,1,1,1,51.6508964,437.0,51.6508964,51.6508964,51.6508964,437.0,437.0,437.0
55,55,neos-3636886-kereu.mps.gz,683.9649008,18019.7333572,14209.0,539635.0,1,1,1,1,683.9649008,14209.0,683.9649008,683.9649008,683.9649008,14209.0,14209.0,14209.0
56,56,decomp2.mps.gz,106.71131599999998,80.7270698,6.0,336.0,0,1,1,0,80.7270698,6.0,106.71131599999998,80.7270698,106.71131599999998,6.0,336.0,6.0
57,57,ns4-pr6.mps.gz,1.926288,51.6318804,62.0,12362.0,1,1,1,1,1.926288,62.0,1.926288,1.926288,1.926288,62.0,62.0,62.0
58,58,neos-1516309.mps.gz,1.010624,1.6591711999999998,1.0,5.0,1,1,1,1,1.010624,1.0,1.010624,1.010624,1.010624,1.0,1.0,1.0
59,59,mik-250-20-75-4.mps.gz,41.1882344,396.70390599999996,7906.0,1372077.0,1,1,1,1,41.1882344,7906.0,41.1882344,41.1882344,41.1882344,7906.0,7906.0,7906.0
60,60,glass-sc.mps.gz,4522.013984800001,4073.5584018,262210.0,256139.0,0,0,0,0,4073.5584018,256139.0,4073.5584018,4073.5584018,4073.5584018,256139.0,256139.0,256139.0
61,61,uct-subprob.mps.gz,3255.584086,18129.9375644,75300.0,2047898.0,1,1,1,1,3255.584086,75300.0,3255.584086,3255.584086,3255.584086,75300.0,75300.0,75300.0
62,62,neos-3611689-kaihu.mps.gz,3.2487311999999995,35.462727,21.0,29199.0,1,1,1,1,3.2487311999999995,21.0,3.2487311999999995,3.2487311999999995,3.2487311999999995,21.0,21.0,21.0
63,63,sp98ir.mps.gz,72.28588740000001,84.93818220000001,2280.0,2444.0,1,1,1,1,72.28588740000001,2280.0,72.28588740000001,72.28588740000001,72.28588740000001,2280.0,2280.0,2280.0
64,64,aflow40b.mps.gz,960.8512724,14453.954203999998,34552.0,5221215.0,1,1,1,1,960.8512724,34552.0,960.8512724,960.8512724,960.8512724,34552.0,34552.0,34552.0
65,65,mkc1.mps.gz,3635.7543562,18095.0987074,701606.0,6588731.8,1,1,1,1,3635.7543562,701606.0,3635.7543562,3635.7543562,3635.7543562,701606.0,701606.0,701606.0
66,66,neos-1445738.mps.gz,50.0537714,64.1621966,349.0,583.0,1,1,1,1,50.0537714,349.0,50.0537714,50.0537714,50.0537714,349.0,349.0,349.0
67,67,neos-4260495-otere.mps.gz,1266.5597655999998,1289.8178876000002,155.0,86.0,1,1,1,1,1266.5597655999998,86.0,1266.5597655999998,1266.5597655999998,1266.5597655999998,155.0,155.0,155.0
68,68,bc.mps.gz,590.3336384,18040.137141200004,2375.0,523141.4,1,1,1,1,590.3336384,2375.0,590.3336384,590.3336384,590.3336384,2375.0,2375.0,2375.0
69,69,iis-hc-cov.mps.gz,2756.8226012,2318.8649926000003,69969.0,76535.0,0,0,0,0,2318.8649926000003,69969.0,2318.8649926000003,2318.8649926000003,2318.8649926000003,76535.0,76535.0,76535.0
70,70,neos-525149.mps.gz,6.505825200000001,12.026817000000001,1.0,1.0,1,1,1,1,6.505825200000001,1.0,6.505825200000001,6.505825200000001,6.505825200000001,1.0,1.0,1.0
71,71,gr4x6.mps.gz,0.0165812,0.053229200000000004,1.0,24.0,1,1,1,1,0.0165812,1.0,0.0165812,0.0165812,0.0165812,1.0,1.0,1.0
72,72,neos-3402294-bobin.mps.gz,289.6103916,18052.8483316,621.0,1569830.6,1,1,1,1,289.6103916,621.0,289.6103916,289.6103916,289.6103916,621.0,621.0,621.0
73,73,qnet1.mps.gz,2.5307009999999996,4.263889600000001,3.0,102.0,1,1,1,1,2.5307009999999996,3.0,2.5307009999999996,2.5307009999999996,2.5307009999999996,3.0,3.0,3.0
74,74,nursesched-sprint-late03.mps.gz,238.99023100000005,18044.498872599997,423.0,77575.2,1,1,1,1,238.99023100000005,423.0,238.99023100000005,238.99023100000005,238.99023100000005,423.0,423.0,423.0
75,75,istanbul-no-cutoff.mps.gz,150.2962278,292.0852332,301.0,1207.0,1,1,1,1,150.2962278,301.0,150.2962278,150.2962278,150.2962278,301.0,301.0,301.0
76,76,piperout-d27.mps.gz,77.11861880000001,70.3771638,902.0,152.0,0,1,1,0,70.3771638,152.0,77.11861880000001,70.3771638,77.11861880000001,902.0,152.0,902.0
77,77,lectsched-1.mps.gz,867.9176520000001,833.1125278000002,5518.0,1410.0,0,1,0,0,833.1125278000002,1410.0,833.1125278000002,833.1125278000002,867.9176520000001,1410.0,1410.0,5518.0
78,78,transportmoment.mps.gz,2924.7427318,1370.3830024,10643.0,75129.0,0,1,0,0,1370.3830024,10643.0,1370.3830024,1370.3830024,2924.7427318,75129.0,75129.0,10643.0
79,79,icir97_tension.mps.gz,4717.400735,15653.046966999998,1112767.0,12716437.0,1,1,1,1,4717.400735,1112767.0,4717.400735,4717.400735,4717.400735,1112767.0,1112767.0,1112767.0
80,80,neos-480878.mps.gz,38.4754612,48.908301200000004,1347.0,4246.0,1,1,1,1,38.4754612,1347.0,38.4754612,38.4754612,38.4754612,1347.0,1347.0,1347.0
81,81,mcsched.mps.gz,252.7370788,309.8460824,4272.0,20843.0,1,1,1,1,252.7370788,4272.0,252.7370788,252.7370788,252.7370788,4272.0,4272.0,4272.0
82,82,neos-933966.mps.gz,6024.285113,1513.0224954000003,734.0,87.0,0,1,0,0,1513.0224954000003,87.0,1513.0224954000003,1513.0224954000003,6024.285113,87.0,87.0,734.0
83,83,map06.mps.gz,1056.2841810000002,1010.452008,738.0,756.0,1,1,1,0,1010.452008,738.0,1056.2841810000002,1056.2841810000002,1056.2841810000002,738.0,738.0,738.0
84,84,neos-3592146-hawea.mps.gz,18000.019898399998,4257.709032200001,802754.0,378205.0,0,0,0,0,4257.709032200001,378205.0,4257.709032200001,4257.709032200001,4257.709032200001,378205.0,378205.0,378205.0
85,85,npmv07.mps.gz,238.2280322,420.50242280000003,3.0,16.0,1,1,1,1,238.2280322,3.0,238.2280322,238.2280322,238.2280322,3.0,3.0,3.0
86,86,ns2034125.mps.gz,14247.738842800001,19651.3772742,12420.0,174532.0,1,1,1,1,14247.738842800001,12420.0,14247.738842800001,14247.738842800001,14247.738842800001,12420.0,12420.0,12420.0
87,87,markshare_4_0.mps.gz,206.5255008,166.4555846,2188801.0,2130216.0,0,0,0,0,166.4555846,2130216.0,166.4555846,166.4555846,166.4555846,2130216.0,2130216.0,2130216.0
88,88,beavma.mps.gz,1.5795578000000001,10.393686399999998,1.0,5697.0,1,1,1,1,1.5795578000000001,1.0,1.5795578000000001,1.5795578000000001,1.5795578000000001,1.0,1.0,1.0
89,89,supportcase37.mps.gz,119.99913280000001,248.2825686,23.0,1140.0,1,1,1,1,119.99913280000001,23.0,119.99913280000001,119.99913280000001,119.99913280000001,23.0,23.0,23.0
90,90,neos-1171448.mps.gz,7.233580999999999,40.6969446,1.0,8.0,1,1,1,1,7.233580999999999,1.0,7.233580999999999,7.233580999999999,7.233580999999999,1.0,1.0,1.0
91,91,biella1.mps.gz,1142.0292748000002,3262.7166184,199.0,10432.0,1,1,1,1,1142.0292748000002,199.0,1142.0292748000002,1142.0292748000002,1142.0292748000002,199.0,199.0,199.0
92,92,neos-5192052-neckar.mps.gz,0.0443422,0.0852812,1.0,1.0,1,1,1,1,0.0443422,1.0,0.0443422,0.0443422,0.0443422,1.0,1.0,1.0
93,93,gen-ip036.mps.gz,734.7128842,662.7741472000001,2144143.0,2023646.0,0,0,0,0,662.7741472000001,2023646.0,662.7741472000001,662.7741472000001,662.7741472000001,2023646.0,2023646.0,2023646.0
94,94,fastxgemm-n2r7s4t1.mps.gz,1527.5183824,14102.9914986,187498.0,1794161.0,1,1,1,1,1527.5183824,187498.0,1527.5183824,1527.5183824,1527.5183824,187498.0,187498.0,187498.0
95,95,dano3_3.mps.gz,135.0684252,231.6364242,16.0,20.0,1,1,1,1,135.0684252,16.0,135.0684252,135.0684252,135.0684252,16.0,16.0,16.0
96,96,neos-1367061.mps.gz,109.14186839999999,243.30316199999996,1.0,1.0,1,1,1,1,109.14186839999999,1.0,109.14186839999999,109.14186839999999,109.14186839999999,1.0,1.0,1.0
97,97,neos-1445765.mps.gz,59.223764200000005,66.0319464,263.0,612.0,1,1,1,1,59.223764200000005,263.0,59.223764200000005,59.223764200000005,59.223764200000005,263.0,263.0,263.0
98,98,neos-4338804-snowy.mps.gz,8287.774171000001,18009.154231599998,4344551.0,21969663.6,1,1,1,1,8287.774171000001,4344551.0,8287.774171000001,8287.774171000001,8287.774171000001,4344551.0,4344551.0,4344551.0
99,99,timtab1.mps.gz,70.7734738,10529.7979868,32472.0,17501066.0,1,1,1,1,70.7734738,32472.0,70.7734738,70.7734738,70.7734738,32472.0,32472.0,32472.0
100,100,timtab1CUTS.mps.gz,151.2333056,125.9339336,45864.0,147008.0,0,1,1,0,125.9339336,45864.0,151.2333056,125.9339336,151.2333056,45864.0,147008.0,45864.0
101,101,neos-5140963-mincio.mps.gz,16224.7060062,21488.056024,5624805.0,5551626.6,1,1,1,1,16224.7060062,5551626.6,16224.7060062,16224.7060062,16224.7060062,5624805.0,5624805.0,5624805.0
102,102,neos9.mps.gz,2487.5486386000002,18181.647711,1296.0,42940.0,1,1,1,1,2487.5486386000002,1296.0,2487.5486386000002,2487.5486386000002,2487.5486386000002,1296.0,1296.0,1296.0
103,103,gus-sch.mps.gz,6.703771000000001,14.5269178,136.0,2150.0,1,1,1,1,6.703771000000001,136.0,6.703771000000001,6.703771000000001,6.703771000000001,136.0,136.0,136.0
104,104,ns2071214.mps.gz,3678.6600276,1817.9340856000001,209906.0,171030.0,0,1,0,0,1817.9340856000001,171030.0,1817.9340856000001,1817.9340856000001,3678.6600276,171030.0,171030.0,209906.0
105,105,cap6000.mps.gz,5.2067074,4.6783784,2009.0,1906.0,0,1,1,0,4.6783784,1906.0,5.2067074,4.6783784,5.2067074,2009.0,1906.0,2009.0
106,106,p500x2988d.mps.gz,2.5675902,209.14213279999998,1.0,17714.0,1,1,1,1,2.5675902,1.0,2.5675902,2.5675902,2.5675902,1.0,1.0,1.0
107,107,supportcase34.mps.gz,1295.9650344,17181.4060388,5869.0,95297.8,1,1,1,1,1295.9650344,5869.0,1295.9650344,1295.9650344,1295.9650344,5869.0,5869.0,5869.0
108,108,neos-5093327-huahum.mps.gz,8115.829919599999,18593.907626400007,33313.0,512358.8,1,1,1,1,8115.829919599999,33313.0,8115.829919599999,8115.829919599999,8115.829919599999,33313.0,33313.0,33313.0
109,109,dsbmip.mps.gz,1.8040791999999999,2.4468683999999996,12.0,10.0,1,1,1,1,1.8040791999999999,10.0,1.8040791999999999,1.8040791999999999,1.8040791999999999,12.0,12.0,12.0
110,110,mik-250-20-75-1.mps.gz,13.430595199999999,36.8691332,993.0,94342.0,1,1,1,1,13.430595199999999,993.0,13.430595199999999,13.430595199999999,13.430595199999999,993.0,993.0,993.0
111,111,supportcase43.mps.gz,21.9629302,20.433117399999997,1.0,1.0,0,1,1,0,20.433117399999997,1.0,21.9629302,20.433117399999997,21.9629302,1.0,1.0,1.0
112,112,neos-4333596-skien.mps.gz,150.098923,641.4708605999999,91755.0,472118.0,1,1,1,1,150.098923,91755.0,150.098923,150.098923,150.098923,91755.0,91755.0,91755.0
113,113,neos-4413714-turia.mps.gz,379.8644968,830.3206736,63.0,890.0,1,1,1,1,379.8644968,63.0,379.8644968,379.8644968,379.8644968,63.0,63.0,63.0
114,114,bab5.mps.gz,17866.5860734,18506.063999,204062.2,298315.4,1,1,1,1,17866.5860734,204062.2,17866.5860734,17866.5860734,17866.5860734,204062.2,204062.2,204062.2
115,115,neos-2987310-joes.mps.gz,22.828121000000003,29.047006999999997,1.0,1.0,1,1,1,1,22.828121000000003,1.0,22.828121000000003,22.828121000000003,22.828121000000003,1.0,1.0,1.0
116,116,neos4.mps.gz,1.0173299999999998,0.9805075999999999,1.0,1.0,0,1,0,0,0.9805075999999999,1.0,0.9805075999999999,0.9805075999999999,1.0173299999999998,1.0,1.0,1.0
117,117,neos-885524.mps.gz,668.3628896000001,18659.952656799996,176.0,286520.2,1,1,1,1,668.3628896000001,176.0,668.3628896000001,668.3628896000001,668.3628896000001,176.0,176.0,176.0
118,118,chromaticindex512-7.mps.gz,6847.2236672,1685.7394512,36950.0,375.0,0,1,1,0,1685.7394512,375.0,6847.2236672,1685.7394512,6847.2236672,36950.0,375.0,36950.0
119,119,piperout-27.mps.gz,29.7227794,61.78697639999999,102.0,758.0,1,1,1,1,29.7227794,102.0,29.7227794,29.7227794,29.7227794,102.0,102.0,102.0
120,120,rocII-5-11.mps.gz,17982.472482,18310.9288304,1116519.0,1273813.8,1,1,1,1,17982.472482,1116519.0,17982.472482,17982.472482,17982.472482,1116519.0,1116519.0,1116519.0
121,121,arki001.mps.gz,18000.7384716,3441.9720611999996,2267074.2,1761208.0,0,1,1,0,3441.9720611999996,1761208.0,18000.7384716,3441.9720611999996,18000.7384716,2267074.2,1761208.0,2267074.2
122,122,23588.mps.gz,5.0133938,4.3162748,576.0,981.0,0,1,1,0,4.3162748,576.0,5.0133938,4.3162748,5.0133938,576.0,981.0,576.0
123,123,neos-4971100-bodrog.mps.gz,3.8867165999999997,3.8209796,1.0,1.0,0,1,1,0,3.8209796,1.0,3.8867165999999997,3.8209796,3.8867165999999997,1.0,1.0,1.0
124,124,n2seq36f.mps.gz,19.359966800000002,22.9280198,1580.0,3982.0,1,1,1,1,19.359966800000002,1580.0,19.359966800000002,19.359966800000002,19.359966800000002,1580.0,1580.0,1580.0
125,125,ran13x13.mps.gz,44.481120999999995,149.90139520000002,2468.0,250267.0,1,1,1,1,44.481120999999995,2468.0,44.481120999999995,44.481120999999995,44.481120999999995,2468.0,2468.0,2468.0
126,126,supportcase33.mps.gz,705.3632031999999,1097.0980582,4878.0,17526.0,1,1,1,1,705.3632031999999,4878.0,705.3632031999999,705.3632031999999,705.3632031999999,4878.0,4878.0,4878.0
127,127,pw-myciel4.mps.gz,524.4857786,1120.03485,46551.0,128785.0,1,1,1,1,524.4857786,46551.0,524.4857786,524.4857786,524.4857786,46551.0,46551.0,46551.0
128,128,mik-250-20-75-2.mps.gz,15.7628142,42.396155,427.0,90650.0,1,1,1,1,15.7628142,427.0,15.7628142,15.7628142,15.7628142,427.0,427.0,427.0
129,129,neos-5195221-niemur.mps.gz,2236.5565446000005,3112.564327,44657.0,117919.0,1,1,1,1,2236.5565446000005,44657.0,2236.5565446000005,2236.5565446000005,2236.5565446000005,44657.0,44657.0,44657.0
130,130,neos-5013590-toitoi.mps.gz,18000.013552800003,30526.9186232,1.0,31417.0,1,1,1,1,18000.013552800003,1.0,18000.013552800003,18000.013552800003,18000.013552800003,1.0,1.0,1.0
131,131,shipschedule8shipsmixuci.mps.gz,118.40626320000001,132.82183819999997,1822.0,1222.0,1,1,1,1,118.40626320000001,1222.0,118.40626320000001,118.40626320000001,118.40626320000001,1822.0,1822.0,1822.0
132,132,neos-950242.mps.gz,236.16797899999997,106.51700240000001,100.0,46.0,0,1,0,0,106.51700240000001,46.0,106.51700240000001,106.51700240000001,236.16797899999997,46.0,46.0,100.0
133,133,neos-3759587-noosa.mps.gz,15.419613600000002,16.589990800000002,1.0,1.0,1,1,1,1,15.419613600000002,1.0,15.419613600000002,15.419613600000002,15.419613600000002,1.0,1.0,1.0
134,134,nu120-pr12.mps.gz,4.5727108,13.961900800000002,49.0,1073.0,1,1,1,1,4.5727108,49.0,4.5727108,4.5727108,4.5727108,49.0,49.0,49.0
135,135,neos-555343.mps.gz,18000.0134128,7660.969841,572326.6,1209040.0,0,1,1,0,7660.969841,572326.6,18000.0134128,7660.969841,18000.0134128,572326.6,1209040.0,572326.6
136,136,neos-3755335-nizao.mps.gz,16.0719456,16.4432422,1.0,1.0,1,1,1,1,16.0719456,1.0,16.0719456,16.0719456,16.0719456,1.0,1.0,1.0
137,137,bienst1.mps.gz,211.2598324,74.4663852,17052.0,11113.0,0,1,1,0,74.4663852,11113.0,211.2598324,74.4663852,211.2598324,17052.0,11113.0,17052.0
138,138,neos-3611447-jijia.mps.gz,2.0169395999999997,14.474637999999997,143.0,9767.0,1,1,1,1,2.0169395999999997,143.0,2.0169395999999997,2.0169395999999997,2.0169395999999997,143.0,143.0,143.0
139,139,neos-913984.mps.gz,182.8153186,2433.6142505999997,23.0,12540.0,1,1,1,1,182.8153186,23.0,182.8153186,182.8153186,182.8153186,23.0,23.0,23.0
140,140,neos-3696678-lyvia.mps.gz,0.1954478,0.1945666,1.0,1.0,0,1,1,0,0.1945666,1.0,0.1954478,0.1945666,0.1954478,1.0,1.0,1.0
141,141,disctom.mps.gz,8.990438000000001,8.4325328,1.0,1.0,0,1,1,0,8.4325328,1.0,8.990438000000001,8.4325328,8.990438000000001,1.0,1.0,1.0
142,142,app2-1.mps.gz,0.43652100000000005,0.44605880000000003,1.0,1.0,1,1,1,1,0.43652100000000005,1.0,0.43652100000000005,0.43652100000000005,0.43652100000000005,1.0,1.0,1.0
143,143,tbfp-network.mps.gz,1033.9815594,2095.6854118,34.0,419.0,1,1,1,1,1033.9815594,34.0,1033.9815594,1033.9815594,1033.9815594,34.0,34.0,34.0
144,144,neos-3761878-oglio.mps.gz,99.6009578,129.9695598,1210.0,1475.0,1,1,1,1,99.6009578,1210.0,99.6009578,99.6009578,99.6009578,1210.0,1210.0,1210.0
145,145,bppc8-02.mps.gz,0.862453,0.6037996,125.0,177.0,0,1,0,0,0.6037996,125.0,0.6037996,0.6037996,0.862453,177.0,177.0,125.0
146,146,khb05250.mps.gz,0.6839504,2.9299243999999995,1.0,1560.0,1,1,1,1,0.6839504,1.0,0.6839504,0.6839504,0.6839504,1.0,1.0,1.0
147,147,neos-4391920-timok.mps.gz,671.8408569999999,1329.4285934,1.0,1.0,1,1,1,1,671.8408569999999,1.0,671.8408569999999,671.8408569999999,671.8408569999999,1.0,1.0,1.0
148,148,map16715-04.mps.gz,1972.4648276,1823.8907792000002,1657.0,2000.0,0,1,1,0,1823.8907792000002,1657.0,1972.4648276,1823.8907792000002,1972.4648276,1657.0,2000.0,1657.0
149,149,gasprod2-1.mps.gz,3712.1331164000003,15519.108922599999,3032.0,9609.0,1,1,1,1,3712.1331164000003,3032.0,3712.1331164000003,3712.1331164000003,3712.1331164000003,3032.0,3032.0,3032.0
150,150,ic97_tension.mps.gz,25.183063600000004,46.016782000000006,22278.0,83938.0,1,1,1,1,25.183063600000004,22278.0,25.183063600000004,25.183063600000004,25.183063600000004,22278.0,22278.0,22278.0
151,151,neos-1337307.mps.gz,220.9335462,18118.370800999997,2479.0,3106927.8,1,1,1,1,220.9335462,2479.0,220.9335462,220.9335462,220.9335462,2479.0,2479.0,2479.0
152,152,seymour1.mps.gz,61.215216999999996,159.8903326,972.0,2878.0,1,1,1,1,61.215216999999996,972.0,61.215216999999996,61.215216999999996,61.215216999999996,972.0,972.0,972.0
153,153,opm2-z7-s8.mps.gz,233.121931,264.4138932,2835.0,2984.0,1,1,1,1,233.121931,2835.0,233.121931,233.121931,233.121931,2835.0,2835.0,2835.0
154,154,neos-932721.mps.gz,8.0800218,14.0708382,1.0,1.0,1,1,1,1,8.0800218,1.0,8.0800218,8.0800218,8.0800218,1.0,1.0,1.0
155,155,blp-ir98.mps.gz,172.1880328,1764.1968294,2945.0,247091.0,1,1,1,1,172.1880328,2945.0,172.1880328,172.1880328,172.1880328,2945.0,2945.0,2945.0
156,156,air03.mps.gz,2.9411408000000003,5.0736492,1.0,1.0,1,1,1,1,2.9411408000000003,1.0,2.9411408000000003,2.9411408000000003,2.9411408000000003,1.0,1.0,1.0
157,157,neos-960392.mps.gz,961.4744880000001,1699.9934698,43.0,131.0,1,1,1,1,961.4744880000001,43.0,961.4744880000001,961.4744880000001,961.4744880000001,43.0,43.0,43.0
158,158,f2gap201600.mps.gz,0.6654115999999999,957.9391058,1.0,621511.0,1,1,1,1,0.6654115999999999,1.0,0.6654115999999999,0.6654115999999999,0.6654115999999999,1.0,1.0,1.0
159,159,prod1.mps.gz,21.8696718,39.29601900000001,23996.0,84130.0,1,1,1,1,21.8696718,23996.0,21.8696718,21.8696718,21.8696718,23996.0,23996.0,23996.0
160,160,ran12x21.mps.gz,79.9657558,451.7017362,2246.0,588324.0,1,1,1,1,79.9657558,2246.0,79.9657558,79.9657558,79.9657558,2246.0,2246.0,2246.0
161,161,drayage-25-27.mps.gz,65.1316818,7508.6599582,2023.0,929340.0,1,1,1,1,65.1316818,2023.0,65.1316818,65.1316818,65.1316818,2023.0,2023.0,2023.0
162,162,acc-tight2.mps.gz,19.537958800000002,30.3616034,7.0,80.0,1,1,1,1,19.537958800000002,7.0,19.537958800000002,19.537958800000002,19.537958800000002,7.0,7.0,7.0
163,163,qnet1_o.mps.gz,2.4268121999999996,3.7403718,1.0,237.0,1,1,1,1,2.4268121999999996,1.0,2.4268121999999996,2.4268121999999996,2.4268121999999996,1.0,1.0,1.0
164,164,neos-3734794-moppy.mps.gz,9517.204972799998,18045.693396399998,1209474.0,2356256.4,1,1,1,1,9517.204972799998,1209474.0,9517.204972799998,9517.204972799998,9517.204972799998,1209474.0,1209474.0,1209474.0
165,165,swath3.mps.gz,221.8988,237.3959726,26005.0,15491.0,1,1,1,1,221.8988,15491.0,221.8988,221.8988,221.8988,26005.0,26005.0,26005.0
166,166,piperout-08.mps.gz,26.674481200000002,57.8036812,135.0,1377.0,1,1,1,1,26.674481200000002,135.0,26.674481200000002,26.674481200000002,26.674481200000002,135.0,135.0,135.0
167,167,neos-4754521-awarau.mps.gz,82.1169042,99.8804714,1.0,1.0,1,1,1,1,82.1169042,1.0,82.1169042,82.1169042,82.1169042,1.0,1.0,1.0
168,168,neos-1061020.mps.gz,488.3858472,244.9498906,1442.0,480.0,0,1,1,0,244.9498906,480.0,488.3858472,244.9498906,488.3858472,1442.0,480.0,1442.0
169,169,graph20-20-1rand.mps.gz,16.101377399999997,9.6354916,629.0,1111.0,0,1,0,0,9.6354916,629.0,9.6354916,9.6354916,16.101377399999997,1111.0,1111.0,629.0
170,170,neos-1122047.mps.gz,13.7897356,14.9106168,1.0,1.0,1,1,1,1,13.7897356,1.0,13.7897356,13.7897356,13.7897356,1.0,1.0,1.0
171,171,fast0507.mps.gz,344.670931,472.8923362,708.0,1014.0,1,1,1,1,344.670931,708.0,344.670931,344.670931,344.670931,708.0,708.0,708.0
172,172,neos-3116779-oban.mps.gz,0.03977200000000001,0.036554800000000005,1.0,1.0,0,1,1,0,0.036554800000000005,1.0,0.03977200000000001,0.036554800000000005,0.03977200000000001,1.0,1.0,1.0
173,173,unitcal_7.mps.gz,1045.1985802,14291.122965400002,705.0,196989.0,1,1,1,1,1045.1985802,705.0,1045.1985802,1045.1985802,1045.1985802,705.0,705.0,705.0
174,174,supportcase27i.mps.gz,36.256676,49.75019420000001,3221.0,5720.0,1,1,1,1,36.256676,3221.0,36.256676,36.256676,36.256676,3221.0,3221.0,3221.0
175,175,hypothyroid-k1.mps.gz,25.219137999999997,33.800747,1.0,1.0,1,1,1,1,25.219137999999997,1.0,25.219137999999997,25.219137999999997,25.219137999999997,1.0,1.0,1.0
176,176,momentum2.mps.gz,11076.647026,18019.332652399997,279602.0,214635.4,1,1,1,1,11076.647026,214635.4,11076.647026,11076.647026,11076.647026,279602.0,279602.0,279602.0
177,177,mushroom-best.mps.gz,18000.004564000003,3221.0545123999996,660851.0,64701.0,0,1,1,0,3221.0545123999996,64701.0,18000.004564000003,3221.0545123999996,18000.004564000003,660851.0,64701.0,660851.0
178,178,aflow30a.mps.gz,32.080764,60.3437684,1923.0,42445.0,1,1,1,1,32.080764,1923.0,32.080764,32.080764,32.080764,1923.0,1923.0,1923.0
179,179,opm2-z8-s0.mps.gz,1444.7253865999999,1760.4599506,3495.0,6931.0,1,1,1,1,1444.7253865999999,3495.0,1444.7253865999999,1444.7253865999999,1444.7253865999999,3495.0,3495.0,3495.0
180,180,h80x6320.mps.gz,2.3469636,2.3053452,1.0,1.0,0,1,1,0,2.3053452,1.0,2.3469636,2.3053452,2.3469636,1.0,1.0,1.0
181,181,rmatr100-p10.mps.gz,223.90211000000005,196.4976084,739.0,797.0,0,1,1,0,196.4976084,739.0,223.90211000000005,196.4976084,223.90211000000005,739.0,797.0,739.0
182,182,mik-250-20-75-3.mps.gz,12.4214392,39.855114,678.0,93985.0,1,1,1,1,12.4214392,678.0,12.4214392,12.4214392,12.4214392,678.0,678.0,678.0
183,183,neos-503737.mps.gz,295.419806,187.74319119999998,2729.0,5196.0,0,1,1,0,187.74319119999998,2729.0,295.419806,187.74319119999998,295.419806,2729.0,5196.0,2729.0
184,184,neos-585192.mps.gz,35.0591484,26.769796799999998,621.0,599.0,0,1,1,0,26.769796799999998,599.0,35.0591484,26.769796799999998,35.0591484,621.0,599.0,621.0
185,185,p500x2988c.mps.gz,2.5278176,3.5819532,1.0,27.0,1,1,1,1,2.5278176,1.0,2.5278176,2.5278176,2.5278176,1.0,1.0,1.0
186,186,neos-5178119-nalagi.mps.gz,1520.2884126000001,1050.9077558000001,18327.0,36256.0,0,1,1,0,1050.9077558000001,18327.0,1520.2884126000001,1050.9077558000001,1520.2884126000001,18327.0,36256.0,18327.0
187,187,nu25-pr12.mps.gz,4.4199665999999995,134.3983096,11.0,9816.0,1,1,1,1,4.4199665999999995,11.0,4.4199665999999995,4.4199665999999995,4.4199665999999995,11.0,11.0,11.0
188,188,air04.mps.gz,71.47907760000001,115.22622739999998,134.0,499.0,1,1,1,1,71.47907760000001,134.0,71.47907760000001,71.47907760000001,71.47907760000001,134.0,134.0,134.0
189,189,neos-807639.mps.gz,11.04434,6.9665669999999995,2243.0,1797.0,0,1,1,0,6.9665669999999995,1797.0,11.04434,6.9665669999999995,11.04434,2243.0,1797.0,2243.0
190,190,neos-4724674-aorere.mps.gz,1560.8528101999998,2461.3306866,3221.0,6920.0,1,1,1,1,1560.8528101999998,3221.0,1560.8528101999998,1560.8528101999998,1560.8528101999998,3221.0,3221.0,3221.0
191,191,nsa.mps.gz,2.2458152,3.9381714000000003,219.0,230.0,1,1,1,1,2.2458152,219.0,2.2458152,2.2458152,2.2458152,219.0,219.0,219.0
192,192,30_70_45_05_100.mps.gz,303.66586900000004,408.81663399999996,46.0,201.0,1,1,1,1,303.66586900000004,46.0,303.66586900000004,303.66586900000004,303.66586900000004,46.0,46.0,46.0
193,193,neos-935769.mps.gz,18000.0418124,10859.9901936,1640.6,552.0,0,1,0,0,10859.9901936,552.0,10859.9901936,10859.9901936,18000.0418124,552.0,552.0,1640.6
194,194,manna81.mps.gz,0.5649234,18000.6184738,1.0,3858194.0,1,1,1,1,0.5649234,1.0,0.5649234,0.5649234,0.5649234,1.0,1.0,1.0
195,195,enlight8.mps.gz,0.0136824,0.0127946,1.0,1.0,0,1,1,0,0.0127946,1.0,0.0136824,0.0127946,0.0136824,1.0,1.0,1.0
196,196,neos-3045796-mogo.mps.gz,3.1314582,5.168594799999999,1.0,1.0,1,1,1,1,3.1314582,1.0,3.1314582,3.1314582,3.1314582,1.0,1.0,1.0
197,197,ns1644855.mps.gz,1036.9228677999997,864.3341208000002,1.0,1.0,0,1,1,0,864.3341208000002,1.0,1036.9228677999997,864.3341208000002,1036.9228677999997,1.0,1.0,1.0
198,198,supportcase4.mps.gz,2.6410476,80.22579259999999,1.0,160.0,1,1,1,1,2.6410476,1.0,2.6410476,2.6410476,2.6410476,1.0,1.0,1.0
199,199,neos-829552.mps.gz,458.02035720000003,335.06904799999995,213.0,123.0,0,1,1,0,335.06904799999995,123.0,458.02035720000003,335.06904799999995,458.02035720000003,213.0,123.0,213.0
200,200,rentacar.mps.gz,1.6117329999999999,3.9376166,8.0,10.0,1,1,1,1,1.6117329999999999,8.0,1.6117329999999999,1.6117329999999999,1.6117329999999999,8.0,8.0,8.0
201,201,neos-3004026-krka.mps.gz,371.2821294,100.1624576,13955.0,5663.0,0,1,1,0,100.1624576,5663.0,371.2821294,100.1624576,371.2821294,13955.0,5663.0,13955.0
202,202,rout.mps.gz,20.869835000000002,23.226486599999998,1366.0,10946.0,1,1,1,1,20.869835000000002,1366.0,20.869835000000002,20.869835000000002,20.869835000000002,1366.0,1366.0,1366.0
203,203,f2gap401600.mps.gz,0.5830056,512.4161252,1.0,198577.0,1,1,1,1,0.5830056,1.0,0.5830056,0.5830056,0.5830056,1.0,1.0,1.0
204,204,neos-565672.mps.gz,13295.056427200001,31295.0664996,1.0,3113.4,1,1,1,1,13295.056427200001,1.0,13295.056427200001,13295.056427200001,13295.056427200001,1.0,1.0,1.0
205,205,ab71-20-100.mps.gz,199.4783308,206.94809260000002,699.0,706.0,1,1,1,1,199.4783308,699.0,199.4783308,199.4783308,199.4783308,699.0,699.0,699.0
206,206,noswot.mps.gz,28.409096200000004,96.43855339999999,54539.0,325750.0,1,1,1,1,28.409096200000004,54539.0,28.409096200000004,28.409096200000004,28.409096200000004,54539.0,54539.0,54539.0
207,207,fhnw-binpack4-48.mps.gz,85.30917040000001,94.2875138,24649.0,40138.0,1,1,1,1,85.30917040000001,24649.0,85.30917040000001,85.30917040000001,85.30917040000001,24649.0,24649.0,24649.0
208,208,neos-787933.mps.gz,3.2287155999999997,2.8909084,1.0,1.0,0,1,0,0,2.8909084,1.0,2.8909084,2.8909084,3.2287155999999997,1.0,1.0,1.0
209,209,bienst2.mps.gz,791.2176833999999,338.2013332,80837.0,102409.0,0,1,1,0,338.2013332,80837.0,791.2176833999999,338.2013332,791.2176833999999,80837.0,102409.0,80837.0
210,210,supportcase7.mps.gz,188.47620419999998,258.36649099999994,24.0,3061.0,1,1,1,1,188.47620419999998,24.0,188.47620419999998,188.47620419999998,188.47620419999998,24.0,24.0,24.0
211,211,csched008.mps.gz,997.0527198,1283.0683348,56979.0,177227.0,1,1,1,1,997.0527198,56979.0,997.0527198,997.0527198,997.0527198,56979.0,56979.0,56979.0
212,212,bmocbd.mps.gz,61.76835900000001,64.49014220000001,1.0,1.0,1,1,1,1,61.76835900000001,1.0,61.76835900000001,61.76835900000001,61.76835900000001,1.0,1.0,1.0
213,213,neos-820879.mps.gz,51.4950206,130.82793619999998,123.0,3015.0,1,1,1,1,51.4950206,123.0,51.4950206,51.4950206,51.4950206,123.0,123.0,123.0
214,214,chromaticindex32-8.mps.gz,1.2355254,4.0261532,1.0,249.0,1,1,1,1,1.2355254,1.0,1.2355254,1.2355254,1.2355254,1.0,1.0,1.0
215,215,neos-3665875-lesum.mps.gz,11191.473609600002,18168.661689800003,339994.0,1342478.2,1,1,1,1,11191.473609600002,339994.0,11191.473609600002,11191.473609600002,11191.473609600002,339994.0,339994.0,339994.0
216,216,p0201.mps.gz,0.6728649999999999,0.7649896,15.0,85.0,1,1,1,1,0.6728649999999999,15.0,0.6728649999999999,0.6728649999999999,0.6728649999999999,15.0,15.0,15.0
217,217,osorio-cta.mps.gz,2.4897904,4.2688276,127.0,187.0,1,1,1,1,2.4897904,127.0,2.4897904,2.4897904,2.4897904,127.0,127.0,127.0
218,218,pk1.mps.gz,112.56722199999999,91.913647,325579.0,372837.0,0,1,0,0,91.913647,325579.0,91.913647,91.913647,112.56722199999999,372837.0,372837.0,325579.0
219,219,lectsched-4-obj.mps.gz,6.439342600000001,25.702099000000004,5.0,1395.0,1,1,1,1,6.439342600000001,5.0,6.439342600000001,6.439342600000001,6.439342600000001,5.0,5.0,5.0
220,220,neos-4359986-taipa.mps.gz,18000.013354,21355.355027,1.0,544.0,1,1,1,1,18000.013354,1.0,18000.013354,18000.013354,18000.013354,1.0,1.0,1.0
221,221,dano3_5.mps.gz,527.6915971999999,559.5763428,229.0,138.0,1,1,1,1,527.6915971999999,138.0,527.6915971999999,527.6915971999999,527.6915971999999,229.0,229.0,229.0
222,222,ns1760995.mps.gz,17456.574543199997,33582.0833566,871.6,1.0,1,1,1,1,17456.574543199997,1.0,17456.574543199997,17456.574543199997,17456.574543199997,871.6,871.6,871.6
223,223,map18.mps.gz,266.17980480000006,408.9213812,306.0,799.0,1,1,1,1,266.17980480000006,306.0,266.17980480000006,266.17980480000006,266.17980480000006,306.0,306.0,306.0
224,224,neos-3083784-nive.mps.gz,0.0504784,0.0482474,1.0,1.0,0,1,0,0,0.0482474,1.0,0.0482474,0.0482474,0.0504784,1.0,1.0,1.0
225,225,app1-2.mps.gz,1647.7680719999996,865.1337881999999,40804.0,11191.0,0,1,1,0,865.1337881999999,11191.0,1647.7680719999996,865.1337881999999,1647.7680719999996,40804.0,11191.0,40804.0
226,226,bnatt400.mps.gz,278.49436319999995,233.7463172,4071.0,6778.0,0,1,1,0,233.7463172,4071.0,278.49436319999995,233.7463172,278.49436319999995,4071.0,6778.0,4071.0
227,227,10teams.mps.gz,10.6121332,15.390291399999999,30.0,276.0,1,1,1,1,10.6121332,30.0,10.6121332,10.6121332,10.6121332,30.0,30.0,30.0
228,228,neos-3610040-iskar.mps.gz,3.0390189999999997,11.313135,197.0,8620.0,1,1,1,1,3.0390189999999997,197.0,3.0390189999999997,3.0390189999999997,3.0390189999999997,197.0,197.0,197.0
229,229,rail507.mps.gz,282.55678780000005,345.464821,836.0,1010.0,1,1,1,1,282.55678780000005,836.0,282.55678780000005,282.55678780000005,282.55678780000005,836.0,836.0,836.0
230,230,gen-ip054.mps.gz,1451.8444118,1135.6518054000003,5682228.0,4609954.0,0,0,0,0,1135.6518054000003,4609954.0,1135.6518054000003,1135.6518054000003,1135.6518054000003,4609954.0,4609954.0,4609954.0
231,231,net12.mps.gz,577.6360064,740.2537392,1147.0,2375.0,1,1,1,1,577.6360064,1147.0,577.6360064,577.6360064,577.6360064,1147.0,1147.0,1147.0
232,232,tanglegram4.mps.gz,3272.9228162,2684.0479108000004,67.0,111.0,0,0,0,0,2684.0479108000004,67.0,2684.0479108000004,2684.0479108000004,2684.0479108000004,111.0,111.0,111.0
233,233,neos-1601936.mps.gz,13487.386810799999,22627.2977794,14529.0,1.0,1,1,1,1,13487.386810799999,1.0,13487.386810799999,13487.386810799999,13487.386810799999,14529.0,14529.0,14529.0
234,234,neos-555424.mps.gz,417.9169036,6708.927455800001,21771.0,826575.0,1,1,1,1,417.9169036,21771.0,417.9169036,417.9169036,417.9169036,21771.0,21771.0,21771.0
235,235,gasprod2-2.mps.gz,1029.3327755999999,4770.7883784,1250.0,6990.0,1,1,1,1,1029.3327755999999,1250.0,1029.3327755999999,1029.3327755999999,1029.3327755999999,1250.0,1250.0,1250.0
236,236,square23.mps.gz,191.54572259999998,200.307441,178.0,178.0,1,1,1,1,191.54572259999998,178.0,191.54572259999998,191.54572259999998,191.54572259999998,178.0,178.0,178.0
237,237,gen-ip002.mps.gz,1746.1170927999997,1417.1779254000003,5859548.0,5112787.0,0,0,0,0,1417.1779254000003,5112787.0,1417.1779254000003,1417.1779254000003,1417.1779254000003,5112787.0,5112787.0,5112787.0
238,238,rocI-4-11.mps.gz,118.18039800000001,96.8813974,14096.0,23652.0,0,1,1,0,96.8813974,14096.0,118.18039800000001,96.8813974,118.18039800000001,14096.0,23652.0,14096.0
239,239,neos-1425699.mps.gz,0.0136686,0.035905000000000006,1.0,1.0,1,1,1,1,0.0136686,1.0,0.0136686,0.0136686,0.0136686,1.0,1.0,1.0
240,240,drayage-100-23.mps.gz,9.814938,19.6444124,1.0,12.0,1,1,1,1,9.814938,1.0,9.814938,9.814938,9.814938,1.0,1.0,1.0
241,241,netdiversion.mps.gz,11210.8353336,2282.4839936,194.0,14.0,0,1,1,0,2282.4839936,14.0,11210.8353336,2282.4839936,11210.8353336,194.0,14.0,194.0
242,242,chromaticindex128-5.mps.gz,85.96095420000002,1262.3955194,1316.0,100314.0,1,1,1,1,85.96095420000002,1316.0,85.96095420000002,85.96095420000002,85.96095420000002,1316.0,1316.0,1316.0
243,243,neos-3660371-kurow.mps.gz,409.77370840000003,357.75179639999993,95347.0,67129.0,0,1,1,0,357.75179639999993,67129.0,409.77370840000003,357.75179639999993,409.77370840000003,95347.0,67129.0,95347.0
244,244,neos-860300.mps.gz,31.2543042,56.770596,1.0,5.0,1,1,1,1,31.2543042,1.0,31.2543042,31.2543042,31.2543042,1.0,1.0,1.0
245,245,neos-4738912-atrato.mps.gz,3759.9816466,173.659745,278355.0,4714.0,0,1,1,0,173.659745,4714.0,3759.9816466,173.659745,3759.9816466,278355.0,4714.0,278355.0
246,246,mod011.mps.gz,228.5926748,471.0759052,1164.0,38117.0,1,1,1,1,228.5926748,1164.0,228.5926748,228.5926748,228.5926748,1164.0,1164.0,1164.0
247,247,mine-90-10.mps.gz,379.6720676,220.2449188,27540.0,31964.0,0,1,1,0,220.2449188,27540.0,379.6720676,220.2449188,379.6720676,27540.0,31964.0,27540.0
248,248,neos-2978193-inde.mps.gz,2674.3467293999997,2525.1857424,128708.0,146860.0,0,1,1,0,2525.1857424,128708.0,2674.3467293999997,2525.1857424,2674.3467293999997,128708.0,146860.0,128708.0
249,249,mappingmesh3x3mpeg2i.mps.gz,176.68997900000002,211.33766219999998,3368.0,1045.0,1,1,1,1,176.68997900000002,1045.0,176.68997900000002,176.68997900000002,176.68997900000002,3368.0,3368.0,3368.0
250,250,rpp22falsei.mps.gz,103.816029,93.38077480000001,1111.0,254.0,0,1,1,0,93.38077480000001,254.0,103.816029,93.38077480000001,103.816029,1111.0,254.0,1111.0
251,251,var-smallemery-m6j6.mps.gz,8376.1473438,11852.882985999999,685889.0,836578.0,1,1,1,1,8376.1473438,685889.0,8376.1473438,8376.1473438,8376.1473438,685889.0,685889.0,685889.0
252,252,neos-595904.mps.gz,38.753719600000004,18038.736676,7.0,1129247.4,1,1,1,1,38.753719600000004,7.0,38.753719600000004,38.753719600000004,38.753719600000004,7.0,7.0,7.0
253,253,nw04.mps.gz,29.8233834,53.32499,1.0,1.0,1,1,1,1,29.8233834,1.0,29.8233834,29.8233834,29.8233834,1.0,1.0,1.0
254,254,neos-3610173-itata.mps.gz,1.9099793999999999,16.766122000000003,1.0,6854.0,1,1,1,1,1.9099793999999999,1.0,1.9099793999999999,1.9099793999999999,1.9099793999999999,1.0,1.0,1.0
255,255,fastxgemm-n2r6s0t2.mps.gz,951.4450860000001,1714.3202960000003,127278.0,237583.0,1,1,1,1,951.4450860000001,127278.0,951.4450860000001,951.4450860000001,951.4450860000001,127278.0,127278.0,127278.0
256,256,lectsched-2.mps.gz,10.6769632,17.2126904,15.0,101.0,1,1,1,1,10.6769632,15.0,10.6769632,10.6769632,10.6769632,15.0,15.0,15.0
257,257,reblock166.mps.gz,2260.1649952,14289.801580799998,194918.0,3126462.0,1,1,1,1,2260.1649952,194918.0,2260.1649952,2260.1649952,2260.1649952,194918.0,194918.0,194918.0
258,258,sp98ic.mps.gz,9372.314164200001,14512.898481600001,141964.0,432282.0,1,1,1,1,9372.314164200001,141964.0,9372.314164200001,9372.314164200001,9372.314164200001,141964.0,141964.0,141964.0
259,259,gasprod1-2.mps.gz,72.2564726,442.568127,612.0,34724.0,1,1,1,1,72.2564726,612.0,72.2564726,72.2564726,72.2564726,612.0,612.0,612.0
260,260,f2gap801600.mps.gz,1.1939875999999998,607.5192506,1.0,176006.0,1,1,1,1,1.1939875999999998,1.0,1.1939875999999998,1.1939875999999998,1.1939875999999998,1.0,1.0,1.0
261,261,neos-799711.mps.gz,6600.965804400001,4623.524976000001,622.0,179.0,0,1,1,0,4623.524976000001,179.0,6600.965804400001,4623.524976000001,6600.965804400001,622.0,179.0,622.0
262,262,l2p12.mps.gz,167.8645894,1463.361562,650.0,99012.0,1,1,1,1,167.8645894,650.0,167.8645894,167.8645894,167.8645894,650.0,650.0,650.0
263,263,neos-954925.mps.gz,14873.0956884,19174.6051102,2258.0,1696.6,1,1,1,1,14873.0956884,1696.6,14873.0956884,14873.0956884,14873.0956884,2258.0,2258.0,2258.0
264,264,csched007.mps.gz,2452.0992442,18058.0817552,123917.0,3993177.4,1,1,1,1,2452.0992442,123917.0,2452.0992442,2452.0992442,2452.0992442,123917.0,123917.0,123917.0
265,265,nursesched-sprint-hidden09.mps.gz,100.07384859999999,18048.4155442,66.0,314305.2,1,1,1,1,100.07384859999999,66.0,100.07384859999999,100.07384859999999,100.07384859999999,66.0,66.0,66.0
266,266,neos-555884.mps.gz,255.78597639999998,18009.4953014,6120.0,1922042.4,1,1,1,1,255.78597639999998,6120.0,255.78597639999998,255.78597639999998,255.78597639999998,6120.0,6120.0,6120.0
267,267,roll3000.mps.gz,57.78920039999999,18005.873717799997,2830.0,6825628.0,1,1,1,1,57.78920039999999,2830.0,57.78920039999999,57.78920039999999,57.78920039999999,2830.0,2830.0,2830.0
268,268,bmocbd2.mps.gz,61.06275959999999,60.2604428,1.0,1.0,0,1,0,0,60.2604428,1.0,60.2604428,60.2604428,61.06275959999999,1.0,1.0,1.0
269,269,graphdraw-domain.mps.gz,1605.7332378,10799.5193186,2008061.0,24553839.0,1,1,1,1,1605.7332378,2008061.0,1605.7332378,1605.7332378,1605.7332378,2008061.0,2008061.0,2008061.0
270,270,splice1k1.mps.gz,8924.6806366,5685.679688599999,592.0,546.0,0,1,0,0,5685.679688599999,546.0,5685.679688599999,5685.679688599999,8924.6806366,546.0,546.0,592.0
271,271,neos-827015.mps.gz,1858.6028714,1276.6110372,296.0,151.0,0,1,1,0,1276.6110372,151.0,1858.6028714,1276.6110372,1858.6028714,296.0,151.0,296.0
272,272,rococoC10-001000.mps.gz,1293.1925448,2355.3855132,50312.0,571173.0,1,1,1,1,1293.1925448,50312.0,1293.1925448,1293.1925448,1293.1925448,50312.0,50312.0,50312.0
273,273,blend2.mps.gz,2.8151020000000004,2.7359207999999997,854.0,1041.0,0,1,1,0,2.7359207999999997,854.0,2.8151020000000004,2.7359207999999997,2.8151020000000004,854.0,1041.0,854.0
274,274,co-100.mps.gz,9705.921982,23364.614126200002,6091.0,287414.0,1,1,1,1,9705.921982,6091.0,9705.921982,9705.921982,9705.921982,6091.0,6091.0,6091.0
275,275,traininstance6.mps.gz,18000.016974799997,17712.0085352,3994495.0,3497685.6,0,1,1,0,17712.0085352,3497685.6,18000.016974799997,17712.0085352,18000.016974799997,3994495.0,3497685.6,3994495.0
276,276,map14860-20.mps.gz,180.90357519999998,433.8129972,199.0,695.0,1,1,1,1,180.90357519999998,199.0,180.90357519999998,180.90357519999998,180.90357519999998,199.0,199.0,199.0
277,277,neos-953928.mps.gz,1140.9615306,18329.914604600002,114.0,2255.4,1,1,1,1,1140.9615306,114.0,1140.9615306,1140.9615306,1140.9615306,114.0,114.0,114.0
278,278,australia-abs-cta.mps.gz,359.7438778,1958.4244181999998,1849.0,95605.0,1,1,1,1,359.7438778,1849.0,359.7438778,359.7438778,359.7438778,1849.0,1849.0,1849.0
279,279,neos-3024952-loue.mps.gz,5128.3657796,18106.528874999996,91480.0,2202033.6,1,1,1,1,5128.3657796,91480.0,5128.3657796,5128.3657796,5128.3657796,91480.0,91480.0,91480.0
280,280,neos-1223462.mps.gz,7.513496200000001,14.421681799999998,1.0,1.0,1,1,1,1,7.513496200000001,1.0,7.513496200000001,7.513496200000001,7.513496200000001,1.0,1.0,1.0
281,281,mspsphard01i.mps.gz,11175.250066999997,3243.550525,323371.0,152457.0,0,1,1,0,3243.550525,152457.0,11175.250066999997,3243.550525,11175.250066999997,323371.0,152457.0,323371.0
282,282,neos-5115478-kaveri.mps.gz,18000.005446199997,14031.862946,2689346.4,2615641.0,0,1,1,0,14031.862946,2615641.0,18000.005446199997,14031.862946,18000.005446199997,2689346.4,2615641.0,2689346.4
283,283,neos-3610051-istra.mps.gz,2.0242648,11.6713552,192.0,5098.0,1,1,1,1,2.0242648,192.0,2.0242648,2.0242648,2.0242648,192.0,192.0,192.0
284,284,bc1.mps.gz,173.2603628,649.9788272,1691.0,17530.0,1,1,1,1,173.2603628,1691.0,173.2603628,173.2603628,173.2603628,1691.0,1691.0,1691.0
285,285,beasleyC1.mps.gz,6.3865798,19.1026888,1.0,1752.0,1,1,1,1,6.3865798,1.0,6.3865798,6.3865798,6.3865798,1.0,1.0,1.0
286,286,map10.mps.gz,1125.8240944,1780.1308736000003,732.0,2333.0,1,1,1,1,1125.8240944,732.0,1125.8240944,1125.8240944,1125.8240944,732.0,732.0,732.0
287,287,neos-3048764-nadi.mps.gz,0.3194366,0.31708820000000004,1.0,1.0,0,1,0,0,0.31708820000000004,1.0,0.31708820000000004,0.31708820000000004,0.3194366,1.0,1.0,1.0
288,288,supportcase16.mps.gz,0.12418180000000001,0.240477,1.0,1.0,1,1,1,1,0.12418180000000001,1.0,0.12418180000000001,0.12418180000000001,0.12418180000000001,1.0,1.0,1.0
289,289,neos-941313.mps.gz,1686.2797535999998,19490.5788768,7.0,901.2,1,1,1,1,1686.2797535999998,7.0,1686.2797535999998,1686.2797535999998,1686.2797535999998,7.0,7.0,7.0
290,290,shipschedule6shipsmixi.mps.gz,26.834089,53.9968358,10.0,170.0,1,1,1,1,26.834089,10.0,26.834089,26.834089,26.834089,10.0,10.0,10.0
291,291,mod010.mps.gz,0.7160896,1.5628618,1.0,3.0,1,1,1,1,0.7160896,1.0,0.7160896,0.7160896,0.7160896,1.0,1.0,1.0
292,292,neos-933638.mps.gz,15511.635736999999,1924.9598648,983.0,64.0,0,1,0,0,1924.9598648,64.0,1924.9598648,1924.9598648,15511.635736999999,64.0,64.0,983.0
293,293,square31.mps.gz,14323.626608199998,16082.766869999998,1367.0,1367.0,1,1,1,1,14323.626608199998,1367.0,14323.626608199998,14323.626608199998,14323.626608199998,1367.0,1367.0,1367.0
294,294,neos-1599274.mps.gz,3.4118182,6.2464218,1.0,1.0,1,1,1,1,3.4118182,1.0,3.4118182,3.4118182,3.4118182,1.0,1.0,1.0
295,295,gen.mps.gz,0.055514799999999996,0.171442,1.0,5.0,1,1,1,1,0.055514799999999996,1.0,0.055514799999999996,0.055514799999999996,0.055514799999999996,1.0,1.0,1.0
296,296,piperout-03.mps.gz,20.107330400000002,52.1855594,402.0,2130.0,1,1,1,1,20.107330400000002,402.0,20.107330400000002,20.107330400000002,20.107330400000002,402.0,402.0,402.0
297,297,pigeon-08.mps.gz,0.8208780000000001,2.5405754,1947.0,6820.0,1,1,1,1,0.8208780000000001,1947.0,0.8208780000000001,0.8208780000000001,0.8208780000000001,1947.0,1947.0,1947.0
298,298,neos-3437289-erdre.mps.gz,0.13494520000000002,0.1350276,1.0,1.0,1,1,1,1,0.13494520000000002,1.0,0.13494520000000002,0.13494520000000002,0.13494520000000002,1.0,1.0,1.0
299,299,neos-5107597-kakapo.mps.gz,16895.3387406,2682.721981,2635953.8,519969.0,0,1,0,0,2682.721981,519969.0,2682.721981,2682.721981,16895.3387406,519969.0,519969.0,2635953.8
300,300,irp.mps.gz,18.619616,36.2042144,1.0,10.0,1,1,1,1,18.619616,1.0,18.619616,18.619616,18.619616,1.0,1.0,1.0
301,301,neos-780889.mps.gz,170.2696034,486.0927872,1.0,1.0,1,1,1,1,170.2696034,1.0,170.2696034,170.2696034,170.2696034,1.0,1.0,1.0
302,302,drayage-25-32.mps.gz,357.38164780000005,1264.7665992,11988.0,136931.0,1,1,1,1,357.38164780000005,11988.0,357.38164780000005,357.38164780000005,357.38164780000005,11988.0,11988.0,11988.0
303,303,peg-solitaire-a3.mps.gz,18000.0009174,2779.8819002,4057.2,2298.0,0,1,1,0,2779.8819002,2298.0,18000.0009174,2779.8819002,18000.0009174,4057.2,2298.0,4057.2
304,304,app2-2.mps.gz,1.5827601999999998,0.9656334,1.0,1.0,0,1,1,0,0.9656334,1.0,1.5827601999999998,0.9656334,1.5827601999999998,1.0,1.0,1.0
305,305,neos-1330346.mps.gz,6080.053193199999,4171.7122996,363848.0,292491.0,0,1,1,0,4171.7122996,292491.0,6080.053193199999,4171.7122996,6080.053193199999,363848.0,292491.0,363848.0
306,306,pigeon-13.mps.gz,6848.651485799999,18009.6134022,11370579.0,8662982.8,1,1,1,1,6848.651485799999,8662982.8,6848.651485799999,6848.651485799999,6848.651485799999,11370579.0,11370579.0,11370579.0
307,307,swath2.mps.gz,46.0695346,45.187601599999994,1926.0,1333.0,0,1,1,0,45.187601599999994,1333.0,46.0695346,45.187601599999994,46.0695346,1926.0,1333.0,1926.0
308,308,neos-1456979.mps.gz,5813.238375599999,19085.8411778,37883.0,71989.4,1,1,1,1,5813.238375599999,37883.0,5813.238375599999,5813.238375599999,5813.238375599999,37883.0,37883.0,37883.0
309,309,ta2-UUE.mps.gz,1357.6303258,2385.1937054,20746.0,60389.0,1,1,1,1,1357.6303258,20746.0,1357.6303258,1357.6303258,1357.6303258,20746.0,20746.0,20746.0
310,310,bley_xl1.mps.gz,26.6726662,79.1085178,8.0,150.0,1,1,1,1,26.6726662,8.0,26.6726662,26.6726662,26.6726662,8.0,8.0,8.0
311,311,neos-3216931-puriri.mps.gz,12848.476204,16224.7609272,8769.0,17134.0,1,1,1,1,12848.476204,8769.0,12848.476204,12848.476204,12848.476204,8769.0,8769.0,8769.0
312,312,ns1830653.mps.gz,240.7236852,321.603748,4151.0,17854.0,1,1,1,1,240.7236852,4151.0,240.7236852,240.7236852,240.7236852,4151.0,4151.0,4151.0
313,313,fiber.mps.gz,1.8249650000000002,17.769197800000004,1.0,2602.0,1,1,1,1,1.8249650000000002,1.0,1.8249650000000002,1.8249650000000002,1.8249650000000002,1.0,1.0,1.0
314,314,drayage-25-23.mps.gz,18.7389826,129.3260618,266.0,17749.0,1,1,1,1,18.7389826,266.0,18.7389826,18.7389826,18.7389826,266.0,266.0,266.0
315,315,fiball.mps.gz,1137.6859004,1324.9728046,3495.0,5442.0,1,1,1,1,1137.6859004,3495.0,1137.6859004,1137.6859004,1137.6859004,3495.0,3495.0,3495.0
316,316,neos-956971.mps.gz,1395.8721096,18377.409259199998,61.0,11016.2,1,1,1,1,1395.8721096,61.0,1395.8721096,1395.8721096,1395.8721096,61.0,61.0,61.0
317,317,neos-5106984-jizera.mps.gz,10212.9822144,23452.3856186,28.0,93.6,1,1,1,1,10212.9822144,28.0,10212.9822144,10212.9822144,10212.9822144,28.0,28.0,28.0
318,318,neos-848589.mps.gz,15109.323876999999,28970.867062600002,989.0,8956.4,1,1,1,1,15109.323876999999,989.0,15109.323876999999,15109.323876999999,15109.323876999999,989.0,989.0,989.0
319,319,neos-3699377-maori.mps.gz,1046.5779522,596.3055138,22984.0,14774.0,0,1,1,0,596.3055138,14774.0,1046.5779522,596.3055138,1046.5779522,22984.0,14774.0,22984.0
320,320,ab67-40-100.mps.gz,314.06308260000003,338.1384174,73.0,75.0,1,1,1,1,314.06308260000003,73.0,314.06308260000003,314.06308260000003,314.06308260000003,73.0,73.0,73.0
321,321,rlp1.mps.gz,0.23079139999999998,0.3453252,51.0,225.0,1,1,1,1,0.23079139999999998,51.0,0.23079139999999998,0.23079139999999998,0.23079139999999998,51.0,51.0,51.0
322,322,neos-3354841-apure.mps.gz,322.89475980000003,591.5297711999999,1.0,1.0,1,1,1,1,322.89475980000003,1.0,322.89475980000003,322.89475980000003,322.89475980000003,1.0,1.0,1.0
323,323,neos-5193246-nerang.mps.gz,1134.5181418000002,1549.8689956,7082.0,17117.0,1,1,1,1,1134.5181418000002,7082.0,1134.5181418000002,1134.5181418000002,1134.5181418000002,7082.0,7082.0,7082.0
324,324,nursesched-sprint02.mps.gz,38.106145600000005,378.4159342,5.0,2272.0,1,1,1,1,38.106145600000005,5.0,38.106145600000005,38.106145600000005,38.106145600000005,5.0,5.0,5.0
325,325,neos-3209519-ruhr.mps.gz,810.5677479999997,2002.0726518000001,61448.0,198275.0,1,1,1,1,810.5677479999997,61448.0,810.5677479999997,810.5677479999997,810.5677479999997,61448.0,61448.0,61448.0
326,326,k1mushroom.mps.gz,2490.722604,4761.0011856,1.0,9.0,1,1,1,1,2490.722604,1.0,2490.722604,2490.722604,2490.722604,1.0,1.0,1.0
327,327,cbs-cta.mps.gz,39.8278776,100.1140048,1.0,58.0,1,1,1,1,39.8278776,1.0,39.8278776,39.8278776,39.8278776,1.0,1.0,1.0
328,328,neos-1445743.mps.gz,30.696198,42.858846799999995,69.0,182.0,1,1,1,1,30.696198,69.0,30.696198,30.696198,30.696198,69.0,69.0,69.0
329,0,sorrell3.mps.gz,17329.188579799997,23904.287422399997,31084.4,556362.8,1,1,1,1,17329.188579799997,31084.4,17329.188579799997,17329.188579799997,17329.188579799997,31084.4,31084.4,31084.4
330,1,neos-1430701.mps.gz,14.6553226,10.372995,4417.0,4846.0,1,1,1,0,10.372995,4417.0,14.6553226,14.6553226,14.6553226,4417.0,4417.0,4417.0
331,2,neos-4805882-barwon.mps.gz,595.2386819999999,1083.3516046,14721.0,36738.0,1,1,1,1,595.2386819999999,14721.0,595.2386819999999,595.2386819999999,595.2386819999999,14721.0,14721.0,14721.0
332,3,p200x1188c.mps.gz,4.1358418,3511.6035676,1.0,1044095.0,0,1,1,1,4.1358418,1.0,4.1358418,3511.6035676,4.1358418,1.0,1044095.0,1.0
333,4,pigeon-10.mps.gz,15.774714800000002,126.74137660000002,36051.0,436711.0,1,1,1,1,15.774714800000002,36051.0,15.774714800000002,15.774714800000002,15.774714800000002,36051.0,36051.0,36051.0
334,5,swath1.mps.gz,16.400427999999998,57.77037180000001,370.0,2697.0,1,1,1,1,16.400427999999998,370.0,16.400427999999998,16.400427999999998,16.400427999999998,370.0,370.0,370.0
335,6,msc98-ip.mps.gz,14340.491459,23809.365663999997,27544.0,3096.6,0,1,1,1,14340.491459,3096.6,14340.491459,23809.365663999997,14340.491459,27544.0,3096.6,27544.0
336,7,ab69-40-100.mps.gz,398.3907398,432.8657074000001,89.0,109.0,1,1,1,1,398.3907398,89.0,398.3907398,398.3907398,398.3907398,89.0,89.0,89.0
337,8,aligninq.mps.gz,44.73877960000001,49.3555778,979.0,343.0,0,1,1,1,44.73877960000001,343.0,44.73877960000001,49.3555778,44.73877960000001,979.0,343.0,979.0
338,9,neos-578379.mps.gz,759.7969198000001,2373.8868048,2269.0,7086.0,1,1,1,1,759.7969198000001,2269.0,759.7969198000001,759.7969198000001,759.7969198000001,2269.0,2269.0,2269.0
339,10,s55.mps.gz,29.988008400000002,29.3405198,1.0,1.0,0,1,1,0,29.3405198,1.0,29.988008400000002,29.3405198,29.988008400000002,1.0,1.0,1.0
340,11,csched010.mps.gz,2902.190778,4613.646505000001,98303.0,1030671.0,1,1,1,1,2902.190778,98303.0,2902.190778,2902.190778,2902.190778,98303.0,98303.0,98303.0
341,12,neos-5100895-inster.mps.gz,2453.216349,2274.8173426000003,10140.0,58065.0,1,1,1,0,2274.8173426000003,10140.0,2453.216349,2453.216349,2453.216349,10140.0,10140.0,10140.0
342,13,neos-3572885-glina.mps.gz,18.49243,18.4058266,1.0,1.0,1,1,1,0,18.4058266,1.0,18.49243,18.49243,18.49243,1.0,1.0,1.0
343,14,qap10.mps.gz,23.7680114,23.712504000000003,1.0,1.0,1,1,1,0,23.712504000000003,1.0,23.7680114,23.7680114,23.7680114,1.0,1.0,1.0
344,15,ej.mps.gz,429.67782180000006,18000.725975799996,123786.0,35418095.0,0,0,0,1,429.67782180000006,123786.0,18000.725975799996,18000.725975799996,18000.725975799996,35418095.0,35418095.0,35418095.0
345,16,neos-633273.mps.gz,0.9529984,0.933133,1.0,1.0,1,1,1,0,0.933133,1.0,0.9529984,0.9529984,0.9529984,1.0,1.0,1.0
346,17,neos-1324574.mps.gz,295.80130640000004,489.8699616,2543.0,5701.0,0,1,1,1,295.80130640000004,2543.0,295.80130640000004,489.8699616,295.80130640000004,2543.0,5701.0,2543.0
347,18,ab72-40-100.mps.gz,669.115438,670.6161404000001,152.0,152.0,1,1,1,1,669.115438,152.0,669.115438,669.115438,669.115438,152.0,152.0,152.0
348,19,neos-3083819-nubu.mps.gz,19.089718400000002,64.7037278,1041.0,5915.0,0,1,1,1,19.089718400000002,1041.0,19.089718400000002,64.7037278,19.089718400000002,1041.0,5915.0,1041.0
349,20,piperout-d20.mps.gz,48.8613986,84.93534600000001,506.0,208.0,0,1,1,1,48.8613986,208.0,48.8613986,84.93534600000001,48.8613986,506.0,208.0,506.0
350,21,binkar10_1.mps.gz,60.4656562,6514.3270219999995,2269.0,4442017.0,1,1,1,1,60.4656562,2269.0,60.4656562,60.4656562,60.4656562,2269.0,2269.0,2269.0
351,22,supportcase21i.mps.gz,93.40345500000001,20.1570374,2539.0,2633.0,1,1,0,0,20.1570374,2539.0,20.1570374,93.40345500000001,93.40345500000001,2633.0,2539.0,2539.0
352,23,cod105.mps.gz,96.6755196,102.8116064,3.0,3.0,1,1,1,1,96.6755196,3.0,96.6755196,96.6755196,96.6755196,3.0,3.0,3.0
353,24,mitre.mps.gz,9.422444,19.7667816,1.0,18.0,1,1,1,1,9.422444,1.0,9.422444,9.422444,9.422444,1.0,1.0,1.0
354,25,neos-914441.mps.gz,11.552625600000002,17.5747498,1.0,1.0,0,1,1,1,11.552625600000002,1.0,11.552625600000002,17.5747498,11.552625600000002,1.0,1.0,1.0
355,26,neos-3581454-haast.mps.gz,399.3848016,3747.9579946,11475.0,202155.0,1,1,1,1,399.3848016,11475.0,399.3848016,399.3848016,399.3848016,11475.0,11475.0,11475.0
356,27,triptim1.mps.gz,4083.3915736000004,1831.2040662,78.0,11.0,1,1,1,0,1831.2040662,11.0,4083.3915736000004,4083.3915736000004,4083.3915736000004,78.0,78.0,78.0
357,28,shipschedule3shipsi.mps.gz,10.7819658,21.057796000000003,1.0,1.0,1,1,1,1,10.7819658,1.0,10.7819658,10.7819658,10.7819658,1.0,1.0,1.0
358,29,newdano.mps.gz,6996.430306800001,3729.2856710000005,885909.0,2751921.0,1,1,1,0,3729.2856710000005,885909.0,6996.430306800001,6996.430306800001,6996.430306800001,885909.0,885909.0,885909.0
359,30,s250r10.mps.gz,4793.6113376,11850.757191800001,8846.0,42176.0,1,1,1,1,4793.6113376,8846.0,4793.6113376,4793.6113376,4793.6113376,8846.0,8846.0,8846.0
360,31,neos-5075914-elvire.mps.gz,18000.0142472,3119.5315914000003,1046494.2,231220.0,1,1,1,0,3119.5315914000003,231220.0,18000.0142472,18000.0142472,18000.0142472,1046494.2,1046494.2,1046494.2
361,32,flugpl.mps.gz,0.027246799999999998,0.030592599999999998,1.0,68.0,0,1,0,1,0.027246799999999998,1.0,0.030592599999999998,0.030592599999999998,0.027246799999999998,68.0,68.0,1.0
362,33,acc-tight5.mps.gz,288.46804640000005,263.0681978,733.0,713.0,1,1,1,0,263.0681978,713.0,288.46804640000005,288.46804640000005,288.46804640000005,733.0,733.0,733.0
363,34,neos17.mps.gz,10.808173,18.2276498,2965.0,6293.0,0,1,1,1,10.808173,2965.0,10.808173,18.2276498,10.808173,2965.0,6293.0,2965.0
364,35,physiciansched6-2.mps.gz,780.9655394,18780.966187800004,1.0,92.6,0,1,1,1,780.9655394,1.0,780.9655394,18780.966187800004,780.9655394,1.0,92.6,1.0
365,36,neos2.mps.gz,269.3349452,212.07674840000004,17852.0,24258.0,1,1,1,0,212.07674840000004,17852.0,269.3349452,269.3349452,269.3349452,17852.0,17852.0,17852.0
366,37,mik-250-20-75-5.mps.gz,13.221888000000002,37.438962,1409.0,91136.0,1,1,1,1,13.221888000000002,1409.0,13.221888000000002,13.221888000000002,13.221888000000002,1409.0,1409.0,1409.0
367,38,eil33-2.mps.gz,161.13040399999997,151.9063514,777.0,565.0,1,1,1,0,151.9063514,565.0,161.13040399999997,161.13040399999997,161.13040399999997,777.0,777.0,777.0
368,39,neos-826224.mps.gz,23.583583400000002,38.2782,1.0,1.0,0,1,1,1,23.583583400000002,1.0,23.583583400000002,38.2782,23.583583400000002,1.0,1.0,1.0
369,40,reblock115.mps.gz,6614.879863,17742.4521732,639825.0,5546069.0,0,1,1,1,6614.879863,639825.0,6614.879863,17742.4521732,6614.879863,639825.0,5546069.0,639825.0
370,41,enlight_hard.mps.gz,0.0172632,0.0163708,1.0,1.0,0,1,1,0,0.0163708,1.0,0.0172632,0.0163708,0.0172632,1.0,1.0,1.0
371,42,neos-850681.mps.gz,11.623141,18010.7946392,1.0,927240.4,1,1,1,1,11.623141,1.0,11.623141,11.623141,11.623141,1.0,1.0,1.0
372,43,rocI-3-11.mps.gz,10.8033198,7.8389688,1381.0,1292.0,0,1,1,0,7.8389688,1292.0,10.8033198,7.8389688,10.8033198,1381.0,1292.0,1381.0
373,44,neos18.mps.gz,23.4569738,50.6446846,1144.0,6376.0,1,1,1,1,23.4569738,1144.0,23.4569738,23.4569738,23.4569738,1144.0,1144.0,1144.0
374,45,mzzv11.mps.gz,438.2002598,1500.5242262,1356.0,8880.0,1,1,1,1,438.2002598,1356.0,438.2002598,438.2002598,438.2002598,1356.0,1356.0,1356.0
375,46,neos-4306827-ravan.mps.gz,18000.013914400002,2964.3754288,119470.8,17917.0,1,1,1,0,2964.3754288,17917.0,18000.013914400002,18000.013914400002,18000.013914400002,119470.8,119470.8,119470.8
376,47,supportcase14.mps.gz,0.1393118,0.1440584,1.0,1.0,1,1,1,1,0.1393118,1.0,0.1393118,0.1393118,0.1393118,1.0,1.0,1.0
377,48,cvs16r70-62.mps.gz,16536.219138599998,5627.049881999999,459553.0,524799.0,1,1,1,0,5627.049881999999,459553.0,16536.219138599998,16536.219138599998,16536.219138599998,459553.0,459553.0,459553.0
378,49,opm2-z6-s1.mps.gz,107.3804848,92.36235000000002,2164.0,2214.0,1,1,1,0,92.36235000000002,2164.0,107.3804848,107.3804848,107.3804848,2164.0,2164.0,2164.0
379,50,wachplan.mps.gz,1482.6987246,1987.5899774,67520.0,98056.0,0,1,1,1,1482.6987246,67520.0,1482.6987246,1987.5899774,1482.6987246,67520.0,98056.0,67520.0
380,51,30n20b8.mps.gz,175.8839852,303.95923099999993,1617.0,13632.0,1,1,1,1,175.8839852,1617.0,175.8839852,175.8839852,175.8839852,1617.0,1617.0,1617.0
381,52,22433.mps.gz,2.8948542,3.6958172000000005,1.0,5.0,1,1,1,1,2.8948542,1.0,2.8948542,2.8948542,2.8948542,1.0,1.0,1.0
382,53,nh97_tension.mps.gz,12.4622438,10.525070399999999,1240.0,1765.0,0,1,1,0,10.525070399999999,1240.0,12.4622438,10.525070399999999,12.4622438,1240.0,1765.0,1240.0
383,54,misc07.mps.gz,5.1959318,4.798665200000001,1345.0,1566.0,0,1,1,0,4.798665200000001,1345.0,5.1959318,4.798665200000001,5.1959318,1345.0,1566.0,1345.0
384,55,neos-3703351-marne.mps.gz,31.258534199999996,59.84713360000001,593.0,2263.0,1,1,1,1,31.258534199999996,593.0,31.258534199999996,31.258534199999996,31.258534199999996,593.0,593.0,593.0
385,56,neos-799716.mps.gz,10.0846022,22.083579199999996,1.0,1.0,1,1,1,1,10.0846022,1.0,10.0846022,10.0846022,10.0846022,1.0,1.0,1.0
386,57,mario-t-hard5i.mps.gz,124.41534239999999,1466.7868798,1.0,614.0,0,1,1,1,124.41534239999999,1.0,124.41534239999999,1466.7868798,124.41534239999999,1.0,614.0,1.0
387,58,neos-4984115-canche.mps.gz,26.336160800000005,49.095235200000005,1.0,1.0,1,1,1,1,26.336160800000005,1.0,26.336160800000005,26.336160800000005,26.336160800000005,1.0,1.0,1.0
388,59,neos-831188.mps.gz,472.2391874,277.41995840000004,2993.0,3542.0,1,1,1,0,277.41995840000004,2993.0,472.2391874,472.2391874,472.2391874,2993.0,2993.0,2993.0
389,60,neos-3118745-obra.mps.gz,141.39939760000001,2940.870901,34481.0,2741681.0,1,1,1,1,141.39939760000001,34481.0,141.39939760000001,141.39939760000001,141.39939760000001,34481.0,34481.0,34481.0
390,61,decomp1.mps.gz,5.3629844,24.504840800000004,1.0,1334.0,0,1,1,1,5.3629844,1.0,5.3629844,24.504840800000004,5.3629844,1.0,1334.0,1.0
391,62,neos-2328163-agri.mps.gz,6339.419999,18432.6807784,139404.0,759309.4,1,1,1,1,6339.419999,139404.0,6339.419999,6339.419999,6339.419999,139404.0,139404.0,139404.0
392,63,loopha13.mps.gz,18000.0008304,10625.7223046,1762096.4,1570481.0,1,1,1,0,10625.7223046,1570481.0,18000.0008304,18000.0008304,18000.0008304,1762096.4,1762096.4,1762096.4
393,64,mas74.mps.gz,2415.5244454,1265.0908292000001,7103212.0,5967997.0,1,0,1,0,1265.0908292000001,5967997.0,2415.5244454,2415.5244454,1265.0908292000001,7103212.0,7103212.0,5967997.0
394,65,neos-3065804-namu.mps.gz,12.811283800000002,12.490247399999998,1.0,1.0,0,1,1,0,12.490247399999998,1.0,12.811283800000002,12.490247399999998,12.811283800000002,1.0,1.0,1.0
395,66,chromaticindex256-8.mps.gz,302.3985392000001,2518.7487118,863.0,20756.0,0,1,1,1,302.3985392000001,863.0,302.3985392000001,2518.7487118,302.3985392000001,863.0,20756.0,863.0
396,67,ci-s4.mps.gz,197.12492,91.28000580000001,81683.0,36900.0,0,1,1,0,91.28000580000001,36900.0,197.12492,91.28000580000001,197.12492,81683.0,36900.0,81683.0
397,68,app3.mps.gz,5.5190117999999995,7.1538532,3.0,98.0,1,1,1,1,5.5190117999999995,3.0,5.5190117999999995,5.5190117999999995,5.5190117999999995,3.0,3.0,3.0
398,69,breastcancer-regularized.mps.gz,3586.7793438,5348.760035800001,1184081.0,2424498.0,1,1,1,1,3586.7793438,1184081.0,3586.7793438,3586.7793438,3586.7793438,1184081.0,1184081.0,1184081.0
399,70,mas76.mps.gz,145.49008440000003,74.1390564,326705.0,178175.0,1,0,1,0,74.1390564,178175.0,145.49008440000003,145.49008440000003,74.1390564,326705.0,326705.0,178175.0
400,71,30_70_45_095_100.mps.gz,855.3036821999998,247.2948738,201.0,1.0,1,1,1,0,247.2948738,1.0,855.3036821999998,855.3036821999998,855.3036821999998,201.0,201.0,201.0
401,72,neos-5149806-wieprz.mps.gz,7295.5161324,2794.2594120000003,13350.0,276.0,0,1,1,0,2794.2594120000003,276.0,7295.5161324,2794.2594120000003,7295.5161324,13350.0,276.0,13350.0
402,73,roi2alpha3n4.mps.gz,2246.2835160000004,18647.812568200003,14515.0,330817.8,1,1,1,1,2246.2835160000004,14515.0,2246.2835160000004,2246.2835160000004,2246.2835160000004,14515.0,14515.0,14515.0
403,74,lectsched-3.mps.gz,367.3885958,337.93766380000005,1652.0,678.0,0,1,1,0,337.93766380000005,678.0,367.3885958,337.93766380000005,367.3885958,1652.0,678.0,1652.0
404,75,neos-4760493-puerua.mps.gz,18000.1446886,25340.474685999998,1.0,15407.0,1,1,1,1,18000.1446886,1.0,18000.1446886,18000.1446886,18000.1446886,1.0,1.0,1.0
405,76,30_70_45_095_98.mps.gz,72.45650499999999,100.9018222,1.0,1.0,1,1,1,1,72.45650499999999,1.0,72.45650499999999,72.45650499999999,72.45650499999999,1.0,1.0,1.0
406,77,neos-1582420.mps.gz,76.4092718,341.7427204,6.0,18818.0,1,1,1,1,76.4092718,6.0,76.4092718,76.4092718,76.4092718,6.0,6.0,6.0
407,78,nh97_potential.mps.gz,423.88266439999995,91.0854018,39116.0,32984.0,0,1,1,0,91.0854018,32984.0,423.88266439999995,91.0854018,423.88266439999995,39116.0,32984.0,39116.0
408,79,gfd-schedulen55f2d50m30k3i.mps.gz,17791.4732414,29786.4183976,3366.8,8032.6,1,1,1,1,17791.4732414,3366.8,17791.4732414,17791.4732414,17791.4732414,3366.8,3366.8,3366.8
409,80,Test3.mps.gz,8.1710178,27.0804992,1.0,426.0,1,1,1,1,8.1710178,1.0,8.1710178,8.1710178,8.1710178,1.0,1.0,1.0
410,81,app1-1.mps.gz,8.0588746,8.822928600000001,12.0,4.0,0,1,1,1,8.0588746,4.0,8.0588746,8.822928600000001,8.0588746,12.0,4.0,12.0
411,82,drayage-100-12.mps.gz,43.086464,1539.5387204,1373.0,217992.0,1,1,1,1,43.086464,1373.0,43.086464,43.086464,43.086464,1373.0,1373.0,1373.0
