NAME,INITIAL LP,FIRST ROUND CUT,ROUND OF CUTS,OBJECTIVE VALUE ROOT NODE,BEST SOLUTION,SOLUTION TIME,PRESOLVING TIME,BEST PRIMAL BOUND,GAP,No. OF CUTS GENERATED,No. OF CUTS APPLIED,No. OF CUTS PRESENT IN LP AT THE END,No. OF NODES,INITIAL LP TIME,TIME FIRST ROUND,TIME ROOT END,RANDOM SEED,CUT SETTING,STATUS,END
10teams.mps.gz,20.0,917.0,13,923.9999999999999,924.0,10.5431,0.08373599999999999,924.0,0.0,261,49,0,30,0.087368,1.490006,3.467127,32,1,optimal,DONE
22433.mps.gz,21240.526170798898,21278.0,58,21471.13885990249,21477.0,2.9060319999999997,0.090999,21477.0,0.0,3167,6,0,1,0.070016,0.22903099999999998,2.906003,32,1,optimal,DONE
23588.mps.gz,7649.866133822501,7660.0,34,7765.0,8090.0,5.068528,0.04958,8090.0,0.0,4400,145,0,576,0.045471,0.17346399999999998,2.121954,32,1,optimal,DONE
30_70_45_05_100.mps.gz,-5336.0,8.5,13,9.0,9.0,305.169922,5.423166,9.0,0.0,12402,101,0,46,5.477684,22.06962,160.390231,32,1,optimal,DONE
30_70_45_095_100.mps.gz,-6132.0,3.0,12,3.0,3.0,819.28474,5.405451,3.0,0.0,13215,324,0,201,5.4563749999999995,23.025433,185.562075,32,1,optimal,DONE
30_70_45_095_98.mps.gz,-5967.0,11.5,11,12.0,12.0,73.270904,5.2822890000000005,12.0,0.0,13035,153,0,1,5.330471,18.375729,73.270761,32,1,optimal,DONE
30n20b8.mps.gz,107.09839101758216,121.76599018734493,90,151.38060569174547,302.0,179.806002,24.358953,302.0,0.0,16344,1105,0,1617,24.202585,26.151036,156.439448,32,1,optimal,DONE
CMS750_4.mps.gz,250.0,250.0,22,250.0,260.0,18000.257615,4.983814,260.0,0.04,155394,1740,0,1,4.682262,5.571438,18000.257384,32,1,timelimit,DONE
Test3.mps.gz,2241736.0000091013,2671192.2167286817,32,2673520.2113535767,2673520.2113535767,8.172219,2.479161,2673520.2113535767,0.0,4993,9,0,1,2.845927,4.771423,8.171369,32,1,optimal,DONE
ab51-40-100.mps.gz,-3998177155848.0,0,0,-3998177155848.0,-10420305975.0,808.684581,8.159651,-10420305975.0,0.0,10723,92,0,1316,8.228177,0,0,32,1,optimal,DONE
ab67-40-100.mps.gz,-4706401663115.0,-4706401663115.0,1,-4706401663115.0,-11186253442.0,313.978909,8.164508,-11186253442.0,0.0,10294,4,0,73,8.232996,19.257622,19.257622,32,1,optimal,DONE
ab69-40-100.mps.gz,-4636145206664.0,0,0,-4636145206664.0,-11186281442.0,398.494323,7.345212,-11186281442.0,0.0,10119,1,0,89,7.395289,0,0,32,1,optimal,DONE
ab71-20-100.mps.gz,-2595744808603.0,-10885807586.685564,2,-2595744808603.0,-10420305975.0,199.895148,2.916613,-10420305975.0,0.0,5868,79,0,699,2.9328,6.262059,9.129634,32,1,optimal,DONE
ab72-40-100.mps.gz,-4570070608537.0,0,0,-4570070608537.0,-11186620442.0,670.539643,7.725401,-11186620442.0,0.0,9879,0,0,152,7.778151,0,0,32,1,optimal,DONE
acc-tight2.mps.gz,0,0.0,11,0,0.0,19.533899,0.116462,0.0,0.0,2713,126,0,7,0.12387999999999999,5.385821,17.766348,32,1,optimal,DONE
acc-tight4.mps.gz,0,0.0,11,0,0.0,229.577517,0.9259139999999999,0.0,0.0,3803,217,0,1087,0.9333319999999999,11.645072,32.072036,32,1,optimal,DONE
acc-tight5.mps.gz,0,0.0,22,0,0.0,286.19433,1.876066,0.0,0.0,12369,670,0,733,1.7403499999999998,5.189606,188.930014,32,1,optimal,DONE
aflow30a.mps.gz,-32161.0,1006.2110928412112,60,1103.8298423870674,1158.0,32.11973,0.08591,1158.0,0.0,44341,3041,0,1923,0.07901699999999999,0.134353,11.606046,32,1,optimal,DONE
aflow40b.mps.gz,-66091.0,1007.5518896388348,68,1104.8952792858,1168.0,950.713557,0.382223,1168.0,0.0,510004,23397,0,34552,0.278035,0.47476399999999996,401.667078,32,1,optimal,DONE
air03.mps.gz,-513715782.0,338889.25,19,340033.75,340160.0,2.982318,0.8225359999999999,340160.0,0.0,124,33,0,1,0.851479,1.686153,2.982256,32,1,optimal,DONE
air04.mps.gz,-83210.0,55558.52412719808,24,55749.079647408835,56137.0,73.920405,7.68101,56137.0,0.0,764,103,0,134,7.721709,13.692954,27.580791,32,1,optimal,DONE
air05.mps.gz,-40465.0,25910.38419520768,4,25966.549980305383,26374.0,56.374523,0.508992,26374.0,0.0,466,57,0,523,0.529365,2.822458,9.039045,32,1,optimal,DONE
aligninq.mps.gz,2654.736802205333,2659.7265675585027,21,2678.210564395061,2713.0,44.894577,0.126903,2713.0,0.0,6407,438,0,979,0.093469,0.45237499999999997,28.561087,32,1,optimal,DONE
app1-1.mps.gz,-23.0,-21.62335335868207,113,-3.0,-3.0,8.125862,0.49210699999999996,-3.0,0.0,6524,84,0,12,0.477473,0.57844,8.102535,32,1,optimal,DONE
app1-2.mps.gz,-266.0,-262.3455439392425,186,-54.0,-41.0,1692.898043,10.881212,-41.0,0.0,220430,16922,0,40804,10.371554,21.738935,400.329126,32,1,optimal,DONE
app2-1.mps.gz,19294.25,0,0,19294.25,19294.25,0.421506,0.19023299999999999,19294.25,0.0,997,0,0,1,0.19697499999999998,0,0,32,1,optimal,DONE
app2-2.mps.gz,212040.35714285713,212040.35714285713,59,212040.35714285713,212040.5,1.59307,0.090849,212040.5,0.0,1110,0,0,1,0.053429,0.08423699999999999,0.585476,32,1,optimal,DONE
app3.mps.gz,-31829377681.21209,5627880.206645966,78,5743108.628356934,5751714.328903198,5.575653,0.076795,5751714.328903198,0.0,14602,256,0,3,0.072532,0.135538,5.536816,32,1,optimal,DONE
arki001.mps.gz,1273480.9000000001,7579621.852068745,28,7580142.415401723,7580813.065371048,18000.545467,0.126819,7580813.065371048,1.0302608450712222e-05,102919126,792219,0,2267605,0.119033,0.34712699999999996,68.860097,32,1,timelimit,DONE
atlanta-ip.mps.gz,3.00157865668,81.25524491414605,41,81.7538147737422,91.00968519061,18000.003192,2.5290150000000002,91.00968519061,0.024331690159453242,211669,9703,0,50985,2.326699,37.227656,1554.063082,32,1,timelimit,DONE
australia-abs-cta.mps.gz,104.0290678921603,44.99468627530809,31,105.77309319632383,106.90466814284001,359.675556,0.821197,106.90466814284001,0.0,27657,3185,0,1849,0.65143,1.8322379999999998,198.540104,32,1,optimal,DONE
bab5.mps.gz,-1775422.122400002,-114930.53533333333,48,-107477.29309999998,-106411.8401,18000.001365,6.590419,-106411.8401,0.0014231686986870364,928926,100335,0,203959,6.323556,18.561929,507.861667,32,1,timelimit,DONE
bc.mps.gz,4.289050631437719,4.5472317618938405,103,5.185645626298372,7.0,598.236581,5.162337,7.0,0.0,47279,1909,0,2375,5.211011,8.120625,202.772398,32,1,optimal,DONE
bc1.mps.gz,2.1887763488011416,2.192710148043759,97,2.6957328917021495,3.338362547646319,154.837151,3.366141,3.338362547646319,0.0,14922,589,0,1691,3.28891,5.263991,52.166022,32,1,optimal,DONE
beasleyC1.mps.gz,25.0,61.0,140,83.86398438402362,85.0,6.229983,0.045635999999999996,85.0,0.0,5379,579,0,1,0.051541,0.081191,6.229916,32,1,optimal,DONE
beavma.mps.gz,128906.80000000002,333724.0712815307,78,338419.6999999999,383284.99999999994,1.601699,0.048036999999999996,383284.99999999994,0.0,1886,0,0,1,0.034885,0.057741999999999995,1.586593,32,1,optimal,DONE
biella1.mps.gz,3060037.430763108,3060287.28307585,61,3063511.1293882434,3065005.779999996,1147.947512,2.6904969999999997,3065005.779999997,0.0,8231,139,0,199,1.534968,7.502502,1078.353362,32,1,optimal,DONE
bienst1.mps.gz,11.724137931034484,18.65670992982674,36,37.50394143304985,46.75,212.479941,0.019691,46.75,0.0,154034,5857,0,17052,0.021417,0.062621,6.034608,32,1,optimal,DONE
bienst2.mps.gz,11.724137931034482,18.65670992982674,51,37.336444135607046,54.6,798.180818,0.022681999999999997,54.6,0.0,1152094,35732,0,80837,0.019788,0.06311599999999999,64.967379,32,1,optimal,DONE
binkar10_1.mps.gz,-16000599.24000705,6644.706029481107,49,6714.6758837913485,6742.200023999493,60.755953,0.068636,6742.200023999493,0.0,52599,5225,0,2269,0.062503,0.11731599999999999,3.310153,32,1,optimal,DONE
blend2.mps.gz,7.043999070402349,7.04399907040235,6,7.047626604978829,7.598985000000001,3.141907,0.046804,7.598985000000001,0.0,1671,389,0,854,0.044663999999999995,0.080301,1.343534,32,1,optimal,DONE
bley_xl1.mps.gz,80.0,184.4391691056099,26,189.9182994627406,190.0,26.900861,10.433253,190.0,0.0,9115,262,0,8,10.735649,12.509881,21.90388,32,1,optimal,DONE
blp-ir98.mps.gz,96.16916160000001,2277.8121230358547,49,2308.8303511943677,2342.3154879999997,167.675425,1.321267,2342.3154879999997,0.0,4230,462,0,2945,0.544272,30.183613,61.775423,32,1,optimal,DONE
bmocbd.mps.gz,-32041010095048.54,0,0,-32041010095048.54,-32041010095048.54,73.537552,10.768011999999999,-32041010095048.54,0.0,0,0,0,1,0,0,0,32,1,optimal,DONE SOLVED THROUGH LP RELAXATION
bmocbd2.mps.gz,-31953009810551.355,0,0,-31953009810551.355,-31953009810551.355,42.781288,9.487997,-31953009810551.355,0.0,0,0,0,1,0,0,0,32,1,optimal,DONE SOLVED THROUGH LP RELAXATION
bnatt400.mps.gz,0,0.0,22,0,1.0,295.045011,0.919524,1.0,0.0,87231,27074,0,4071,0.805835,2.943642,118.849075,32,1,optimal,DONE
bppc4-08.mps.gz,51.589999999999996,52.0,24,52.0,53.0,18000.000252,0.541728,53.0,0.019230769230769232,3666900,263013,0,998236,0.292765,0.643428,22.634527,32,1,timelimit,DONE
bppc8-02.mps.gz,36.0,487.0,26,487.0,507.0,0.858161,0.040195,507.0,0.0,1894,53,0,125,0.034492999999999996,0.07127499999999999,0.441943,32,1,optimal,DONE
brazil3.mps.gz,1.9999999999999858,3.8333333333333286,25,24.0,37.000000000000014,18000.003014,2.470154,37.000000000000014,0.5416666666666654,15778,3052,0,3969,2.362585,34.022224,8552.652266,32,1,timelimit,DONE
breastcancer-regularized.mps.gz,0.10438504146670737,1.2236296151418689,39,9.011327381407414,35.767842105263156,3612.029281,0.149993,35.767842105263156,0.0,4027717,191251,0,1184081,0.124764,0.21498599999999998,24.662032,32,1,optimal,DONE
cap6000.mps.gz,-10950240.0,-2451535.8057408705,33,-2451438.276292859,-2451377.0,5.170853,0.380335,-2451377.0,0.0,5150,572,0,2009,0.26364,0.6243449999999999,2.5366489999999997,32,1,optimal,DONE
cbs-cta.mps.gz,0,0.0,15,0,0.0,41.788617,0.40556,0.0,0.0,13205,1813,0,1,0.460175,4.380852,41.788437,32,1,optimal,DONE
chromaticindex128-5.mps.gz,3.0,3.0,11,2.9999999999999996,4.0,86.005041,0.322946,4.0,0.0,15755,450,0,1316,0.35375799999999996,8.705631,23.018676,32,1,optimal,DONE
chromaticindex256-8.mps.gz,3.0,3.0,11,3.0,4.0,287.745098,0.745532,4.0,0.0,27211,2648,0,863,0.8057489999999999,30.929577,59.264591,32,1,optimal,DONE
chromaticindex32-8.mps.gz,3.0,0,0,3.0,4.0,1.284771,0.07765899999999999,4.0,0.0,2111,0,0,1,0.084934,0,0,32,1,optimal,DONE
chromaticindex512-7.mps.gz,3.0,3.0,11,3.0,4.0,7595.812344,2.340656,4.0,0.0,200834,20296,0,36950,2.502948,299.648467,629.36821,32,1,optimal,DONE
ci-s4.mps.gz,-82.59640741576601,47.75323019655569,51,1521.9303483374588,3336.239848457267,201.222165,0.6063339999999999,3336.239848457267,0.0,391412,20393,0,81683,0.603058,0.77627,31.594303,32,1,optimal,DONE
cmflsp50-24-8-8.mps.gz,2240280.5300000003,54656461.35527221,8,54737889.129534304,55798317.616699986,18000.001188,2.516474,55798317.616699986,0.0033871181594074327,61350,1642,0,132632,2.415337,10.89625,928.649631,32,1,timelimit,DONE
co-100.mps.gz,8260.0,1340576.9441059488,390,1992155.501285204,2639942.06,8488.890679,18.496229,2639942.06,0.0,105017,5305,0,6091,16.116562,46.559514,4721.492635,32,1,optimal,DONE
cod105.mps.gz,-480.0,-14.976773879641916,163,-13.784316051598404,-12.0,93.4822,2.56952,-12.0,0.0,2815,804,0,3,2.579971,5.105562,78.045176,32,1,optimal,DONE
comp08-2idx.mps.gz,30.585101231898744,0.0,48,31.475415070242658,37.0,1234.672945,4.381061,37.0,0.0,66108,7205,0,4218,4.309799,7.514956,587.006957,32,1,optimal,DONE
core2536-691.mps.gz,8.0,688.4760340423485,15,688.6085437438093,689.0,372.983996,1.154884,689.0,0.0,2517,279,0,893,1.211026,19.024517,61.430006,32,1,optimal,DONE
csched007.mps.gz,-3648.0,274.18999999999915,28,303.61114058597605,351.0000000000009,2476.344957,0.39047,351.0000000000009,0.0,1290134,130832,0,123917,0.09385399999999999,0.475877,58.653931,32,1,optimal,DONE
csched008.mps.gz,171.0,171.0,24,171.0,173.0,1000.209726,0.288469,173.0,0.0,314428,73100,0,56979,0.11202799999999999,0.7406469999999999,57.33125,32,1,optimal,DONE
csched010.mps.gz,-3237.0,337.5798099156091,33,361.3727771197555,408.0,2998.087923,0.301208,408.0,0.0,1079381,115265,0,98303,0.18090099999999998,0.541079,82.286455,32,1,optimal,DONE
cvs16r70-62.mps.gz,-798.0,-56.03137460381464,20,-54.52951815916871,-42.0,16041.257027,0.600451,-42.0,0.0,315568,39065,0,459553,0.498382,1.767134,10.002423,32,1,optimal,DONE
dano3_3.mps.gz,288.5,576.2473826729314,3,576.2523320640265,576.3446330306436,130.774737,0.981131,576.3446330306436,0.0,3178,9,0,16,1.021898,57.520624,85.333871,32,1,optimal,DONE
dano3_5.mps.gz,288.5,576.2395243633358,13,576.361196399868,576.9249159565587,525.646441,0.99361,576.9249159565587,0.0,4240,143,0,229,1.038229,79.099552,134.291932,32,1,optimal,DONE
danoint.mps.gz,40.5,62.64145623829797,29,62.78927975275411,65.66666666666666,6864.350633,0.036137999999999997,65.66666666666666,0.0,138779956,106708,0,1239048,0.034325999999999995,0.49115499999999995,30.868228,32,1,optimal,DONE
dcmulti.mps.gz,-1217.0000000000005,184933.30627918465,29,187298.54618520112,188181.99999999997,2.522874,0.027052999999999997,188181.99999999997,0.0,1066,242,0,90,0.028741,0.060122999999999996,1.693074,32,1,optimal,DONE
decomp1.mps.gz,-120.0,-120.0,8,-120.0,-120.0,5.220122,1.136692,-120.0,0.0,8642,1638,0,1,1.163545,2.749222,5.220021,32,1,optimal,DONE
decomp2.mps.gz,-160.0,-160.0,13,-160.0,-160.0,109.723765,1.923051,-160.0,0.0,13849,3496,0,6,1.960328,3.5727,71.663419,32,1,optimal,DONE
disctom.mps.gz,-5000.0,0,0,-5000.0,-5000.0,8.565528,0.301073,-5000.0,0.0,394,0,0,1,0.317897,0,0,32,1,optimal,DONE
drayage-100-12.mps.gz,91134.07608032227,91134.07608032218,143,94116.73782729059,94941.58910751341,43.213306,7.894521,94941.58910751341,0.0,7540,816,0,1373,7.807381,8.366671,31.752335,32,1,optimal,DONE
drayage-100-23.mps.gz,103333.87407302856,103333.87407302856,11,103333.87407302856,103333.87407302856,9.607954,7.468196,103333.87407302856,0.0,1432,417,0,1,7.490648,7.997439,9.607785,32,1,optimal,DONE
drayage-25-23.mps.gz,99718.79053115842,99718.79053115842,52,101211.10079025986,101282.64701843262,19.101021,8.454777,101282.64701843262,0.0,3765,186,0,266,8.40693,9.186431,16.926333,32,1,optimal,DONE
drayage-25-27.mps.gz,95288.77935278724,95337.2186090607,148,101280.59151649517,102183.50532531737,67.107284,8.66128,102183.50532531737,0.0,15044,2135,0,2023,8.604925,9.172569,39.538076,32,1,optimal,DONE
drayage-25-32.mps.gz,88256.30653381345,88256.30653381273,58,88919.74209944399,91395.84915161128,350.381153,7.765595,91395.84915161128,0.0,55271,8614,0,11988,7.7907589999999995,8.418283,18.661712,32,1,optimal,DONE
dsbmip.mps.gz,-132008.45875044586,-305.1981750094818,35,-305.19817500948216,-305.19817500948,1.92197,0.129599,-305.19817500948,0.0,1665,57,0,12,0.12625999999999998,0.414298,1.6508289999999999,32,1,optimal,DONE
eil33-2.mps.gz,-5984556.395949088,812.8383533035949,49,821.1026633946403,934.0079159999996,171.221245,1.327956,934.0079159999996,0.0,511,68,0,777,0.562313,1.353565,17.622708,32,1,optimal,DONE
eilA101-2.mps.gz,-36611038.04935484,804.0247603939642,29,806.1984436639223,880.9201079999993,18000.015508,47.202708,880.9201079999993,0.07249105100206897,465,51,0,13204,22.390129,114.019924,8116.698652,32,1,timelimit,DONE
eilC76-2.mps.gz,-12133722.198931783,726.6887075000664,140,741.5466614849515,762.5147819999988,2825.826859,21.959762,762.5147819999988,0.0,4701,289,0,7851,6.2100159999999995,21.880049,2157.754837,32,1,optimal,DONE
ej.mps.gz,1.0,2.0,14,26.0,25507.999999999996,454.139365,0.008306,25507.999999999996,0.0,84,32,0,123786,0.00893,0.19531099999999998,0.20532599999999998,32,1,optimal,DONE
enlight8.mps.gz,0,0,0,0,27.0,0.011151999999999999,0.008879999999999999,27.0,0.0,64,0,0,1,0.009847999999999999,0,0,32,1,optimal,DONE
enlight_hard.mps.gz,0,0,0,0,37.0,0.01656,0.013663999999999999,37.0,0.0,100,0,0,1,0.014719999999999999,0,0,32,1,optimal,DONE
f2gap201600.mps.gz,-770.0,76430.43983114016,14,76451.40118929363,76453.0,0.660701,0.038091,76453.0,0.0,976,229,0,1,0.041696,0.08792699999999999,0.660616,32,1,optimal,DONE
f2gap401600.mps.gz,-503.0,82275.02923664087,9,82305.17850751597,82307.0,0.58027,0.034395999999999996,82307.0,0.0,1157,252,0,1,0.038045999999999996,0.08520699999999999,0.580217,32,1,optimal,DONE
f2gap40400.mps.gz,-84.0,20665.085006049274,5,20753.041329419786,20772.0,0.09932099999999999,0.01141,20772.0,0.0,545,107,0,1,0.012712999999999999,0.028270999999999998,0.09926499999999999,32,1,optimal,DONE
f2gap801600.mps.gz,-311.0,86576.00913592617,8,86677.18618713462,86678.99997225266,1.189505,0.033805,86679.0,0.0,1603,418,0,1,0.037369,0.112382,1.189448,32,1,optimal,DONE
fast0507.mps.gz,16.0,172.21798513886708,2,172.22126474059093,174.0,330.698778,2.917993,174.0,0.0,784,44,0,708,3.117615,9.285481,25.979732,32,1,optimal,DONE
fastxgemm-n2r6s0t2.mps.gz,26.999999999999975,27.000000000000004,22,26.999999999999996,230.0,939.411172,0.314416,230.0,0.0,228393,18952,0,127278,0.296197,0.524392,47.411556,32,1,optimal,DONE
fastxgemm-n2r7s4t1.mps.gz,27.0,26.999999999999996,14,26.999999999999996,42.0,1489.41032,0.32969299999999996,42.0,0.0,355548,48083,0,187498,0.320966,0.5611039999999999,37.225217,32,1,optimal,DONE
fhnw-binpack4-48.mps.gz,0,0.0,11,0,0.0,83.841674,0.435276,0.0,0.0,22016,5310,0,24649,0.44684199999999996,1.18304,3.864686,32,1,optimal,DONE
fiball.mps.gz,5.0,138.0,25,138.0,138.0,1124.902319,7.154254,138.0,0.0,22792,1316,0,3495,7.043801,11.804079,1026.348527,32,1,optimal,DONE
fiber.mps.gz,58462.8,287395.183426704,85,405933.3273722474,405935.17999999993,1.845446,0.0615,405935.17999999993,0.0,6402,30,0,1,0.028086,0.064224,1.845402,32,1,optimal,DONE
fjspeasy01i.mps.gz,216.0,217.0,71,240.0,253.0,349.129583,300.425607,253.0,0.0,464807,1695,0,31,300.072329,307.841518,341.682524,32,1,optimal,DONE
flugpl.mps.gz,1018500.0,0,0,1167875.1663773148,1201500.0,0.026357,0.0047279999999999996,1201500.0,0.0,13,0,0,1,0.00519,0,0,32,1,optimal,DONE
gasprod1-2.mps.gz,-123584.2728712976,-2060.624016101996,58,721.7873897340614,983.040619922831,71.536346,2.501493,983.040619922831,0.0,54748,5561,0,612,2.489104,4.957566,17.300332,32,1,optimal,DONE
gasprod1-3.mps.gz,-122678.76199836184,-246.44372170214774,37,2267.595714266601,2310.108984719074,62.120021,2.684343,2310.108984719074,0.0,24616,3586,0,378,2.7592879999999997,6.675259,16.177305,32,1,optimal,DONE
gasprod2-1.mps.gz,508232.48325932526,1508215.5878505346,3,1508303.394537187,1628548.3099065754,3694.989026,3.796663,1628548.3099065754,0.0,113142,8833,0,3032,3.99793,40.365317,112.421974,32,1,optimal,DONE
gasprod2-2.mps.gz,298722.3288687249,1330553.9175318717,30,1368322.8358361903,1375631.6634233277,1001.179267,16.044764,1375631.6634233277,0.0,36455,3138,0,1250,16.21858,111.121399,300.612887,32,1,optimal,DONE
gen-ip002.mps.gz,-4840.541961300889,-4839.79412821554,14,-4837.370894641831,-4783.733391599999,1714.723908,0.011729999999999999,-4783.733391599999,0.0,72264,75,0,5859548,0.009080999999999999,0.021315,0.1283,32,1,optimal,DONE
gen-ip021.mps.gz,2327.8425844887574,2328.0600616634742,23,2329.2831390553547,2361.4541951916,549.646516,0.014176,2361.4541951916,0.0,19822,60,0,2101666,0.011894,0.020082,1.781025,32,1,optimal,DONE
gen-ip036.mps.gz,-52491.20486913999,-4631.760259111426,32,-4630.739836886037,-4606.6796098376,736.087632,0.012211999999999999,-4606.6796098376,0.0,833,19,0,2144143,0.009608,0.022631,2.394741,32,1,optimal,DONE
gen-ip054.mps.gz,6765.209042593413,6766.249839710655,5,6767.637131189353,6840.9656417920005,1478.532918,0.010499999999999999,6840.9656417920005,0.0,226736,179,0,5682228,0.008848,0.015201999999999999,1.424633,32,1,optimal,DONE
gen.mps.gz,68621.12467699999,112301.21996055162,5,112313.36271799999,112313.36271799999,0.05821,0.034512999999999995,112313.36271799999,0.0,310,14,0,1,0.037085,0.047806999999999995,0.057911,32,1,optimal,DONE
gfd-schedulen55f2d50m30k3i.mps.gz,3.0,3.1436294765840245,30,4.0,6.0,16941.976349,2.572091,6.0,0.0,289890,30904,0,5998,2.698015,91.258485,11534.949016,32,1,optimal,DONE
glass-sc.mps.gz,14.080295856534113,14.113717368485341,13,14.192618036180262,23.0,4490.678983,0.336818,23.0,0.0,422881,4715,0,262210,0.234806,0.572099,25.680963,32,1,optimal,DONE
glass4.mps.gz,800002400.0,800002400.0,35,800004728.7412418,1200012599.9997327,913.6646,0.039230999999999995,1200012599.9997327,0.0,2714115,249970,0,652204,0.031894,0.07053999999999999,8.890473,32,1,optimal,DONE
gr4x6.mps.gz,185.55,191.0003401360544,5,202.35000000000002,202.35000000000002,0.018040999999999998,0.010400999999999999,202.35000000000002,0.0,125,15,0,1,0.011023,0.013193999999999999,0.017997,32,1,optimal,DONE
graph20-20-1rand.mps.gz,-13.0,-13.0,12,-13.0,-9.0,16.111711,0.297054,-9.0,0.0,3705,345,0,629,0.308218,0.372455,2.064782,32,1,optimal,DONE
graphdraw-domain.mps.gz,-323.0,12672.0,26,12950.014802631578,19685.999999999978,1498.754615,0.04324,19685.999999999978,0.0,4037028,285296,0,2008061,0.035532999999999995,0.075026,7.917972,32,1,optimal,DONE
graphdraw-gemcutter.mps.gz,-183.5,4310.0,49,4505.077504168727,7118.499999999999,128.950573,0.034745,7118.499999999999,0.0,347204,26673,0,175780,0.025533,0.04544,6.540352,32,1,optimal,DONE
gt2.mps.gz,11908.0,20639.26298023938,3,21166.0,21166.0,0.08385999999999999,0.009214,21166.0,0.0,51,10,0,5,0.010085,0.026687,0.048895,32,1,optimal,DONE
gus-sch.mps.gz,-3163.0,-1191.3215579710145,29,-1173.6692113030897,-1167.0,6.7479949999999995,0.352962,-1167.0,0.0,1867,201,0,136,0.37466099999999997,0.55906,1.937331,32,1,optimal,DONE
h80x6320.mps.gz,3700.0,0,0,3700.0,3700.0,2.303294,2.005643,3700.0,0.0,0,0,0,1,0,0,0,32,1,optimal,DONE SOLVED THROUGH LP RELAXATION
hypothyroid-k1.mps.gz,-2952.0,-2851.246017024606,2,-2851.0,-2851.0,25.234249,23.877611,-2851.0,0.0,5280,26,0,1,23.956199,24.993467,25.230206,32,1,optimal,DONE
ic97_tension.mps.gz,2606.0,3900.6985552513897,40,3935.9999999999986,3941.9999999999986,24.370717,0.05699,3941.9999999999986,0.0,25621,1607,0,22278,0.050366,0.089571,6.3088049999999996,32,1,optimal,DONE
icir97_tension.mps.gz,6248.0,6311.156643356643,58,6358.921052631578,6375.0,4702.685434,0.391669,6375.0,0.0,31272868,956611,0,1112767,0.381717,0.538581,39.576642,32,1,optimal,DONE
iis-glass-cov.mps.gz,13.460608514719016,13.509643951207678,30,13.605934350115351,21.0,781.043088,0.345146,21.0,0.0,148689,4805,0,24361,0.217962,0.512743,15.517856,32,1,optimal,DONE
iis-hc-cov.mps.gz,9.517060774198477,9.582698790593076,36,9.670821501139313,17.0,2925.384111,0.893401,17.0,0.0,246705,5129,0,69969,0.60664,1.140255,26.417355,32,1,optimal,DONE
irp.mps.gz,-8943293.133276382,12130.876719499996,107,12159.491459754961,12159.492836000096,18.753953,4.761487,12159.492836000096,0.0,3326,6,0,1,1.870353,6.572149,18.753916,32,1,optimal,DONE
istanbul-no-cutoff.mps.gz,-3027.5614379769922,73.31205675137448,69,127.56454675829758,204.08174924146232,154.15021,4.182533,204.08174924146232,0.0,42746,7249,0,301,4.216922,5.39836,43.410501,32,1,optimal,DONE
k1mushroom.mps.gz,-4208.0,-4090.78579194065,28,-3344.6666666666665,-3288.0,2469.604348,2091.851394,-3288.0,0.0,1994797,4,0,1,2091.417872,2100.231514,2469.604317,32,1,optimal,DONE
khb05250.mps.gz,95919464.0,103554140.2058639,30,106939241.26843597,106940226.0,0.699531,0.040812,106940226.0,0.0,719,19,0,1,0.036109999999999996,0.051114,0.699477,32,1,optimal,DONE
l2p12.mps.gz,2.0,2.0,22,3.0,5.0,165.705296,2.077666,5.0,0.0,46771,3091,0,650,1.965834,4.769693,70.072576,32,1,optimal,DONE
lectsched-1.mps.gz,0,0.0,22,0,0.0,852.088503,7.805939,0.0,0.0,113590,13281,0,5518,7.82611,10.337515,553.875819,32,1,optimal,DONE
lectsched-2.mps.gz,0,0.0,11,0,0.0,10.966177,2.684555,0.0,0.0,13334,879,0,15,2.77243,4.57273,7.895716,32,1,optimal,DONE
lectsched-3.mps.gz,0,0.0,11,0,0.0,371.271736,6.202703,0.0,0.0,34510,6453,0,1652,6.325713,8.844714,16.203429,32,1,optimal,DONE
lectsched-4-obj.mps.gz,3.0,3.0,20,4.0,4.0,6.60136,1.182846,4.0,0.0,9542,1447,0,5,1.220293,2.028842,5.747012,32,1,optimal,DONE
loopha13.mps.gz,0.8697966666666661,6.278999999999996,14,6.279000000000001,6.40233,18000.000315,0.653799,6.40233,0.006734806195455816,18621652,2495412,0,1825531,0.669439,2.365891,69.606711,32,1,timelimit,DONE
manna81.mps.gz,-21649.0,-13164.0,1,-13164.0,-13164.0,0.5535559999999999,0.09782199999999999,-13164.0,0.0,6770,272,0,1,0.11195999999999999,0.506091,0.553526,32,1,optimal,DONE
map06.mps.gz,-1675.0,-403.56486175306793,15,-397.83267304221147,-289.0,1091.589823,3.721053,-289.0,0.0,33215,775,0,738,4.476633,17.49209,66.02991,32,1,optimal,DONE
map10.mps.gz,-1675.0,-598.6340907846084,19,-588.4419739557513,-495.0,1149.789745,4.173087,-495.0,0.0,60766,610,0,732,4.0493,15.637435,601.273767,32,1,optimal,DONE
map14860-20.mps.gz,-1675.0,-993.5724078252889,13,-985.1215569935353,-922.0,181.659989,3.2521839999999997,-922.0,0.0,29029,196,0,199,4.226606,10.673274,37.620664,32,1,optimal,DONE
map16715-04.mps.gz,-1675.0,-294.38075862770677,17,-288.70847977647855,-111.0,1864.632829,2.865923,-111.0,0.0,37847,1549,0,1657,3.536603,13.44095,42.370433,32,1,optimal,DONE
map18.mps.gz,-1675.0,-928.0939090446936,17,-916.8498079038012,-847.0,267.59477,2.900939,-847.0,0.0,28920,223,0,306,3.4777329999999997,10.324099,105.120642,32,1,optimal,DONE
mappingmesh3x3mpeg2i.mps.gz,308.0,308.0,12,308.0,905.0,179.773544,0.9733809999999999,905.0,0.0,11804,1783,0,3368,1.012843,1.92913,5.195699,32,1,optimal,DONE
mario-t-hard5i.mps.gz,-4482.0,-4482.0,11,-4482.0,-4482.0,86.800106,61.503727,-4482.0,0.0,11478,641,0,1,61.732401,67.133624,86.800001,32,1,optimal,DONE
markshare_4_0.mps.gz,-3084.0,0.0,22,-3084.0,1.0,207.764739,0.008147999999999999,1.0,0.0,98538,2910,0,2188801,0.0073,0.019253,0.522332,32,1,optimal,DONE
mas74.mps.gz,10482.795280331204,10489.793534149549,71,10694.108177642414,11801.185729000033,2411.759632,0.015806,11801.185729000033,0.0,4884380,9798,0,7103212,0.009871999999999999,0.040493999999999995,8.513973,32,1,optimal,DONE
mas76.mps.gz,38893.90364052266,38913.36574022403,57,39178.42503717719,40005.054142,146.037984,0.017107999999999998,40005.054142,0.0,448486,7538,0,326705,0.011294,0.02922,19.690964,32,1,optimal,DONE
mcsched.mps.gz,-878973.0,193782.19797774113,18,193837.23717825185,211913.0,248.483281,0.126184,211913.0,0.0,54522,6350,0,4272,0.09690599999999999,0.7634679999999999,83.985633,32,1,optimal,DONE
mik-250-20-75-1.mps.gz,-207474.0,-52997.0,42,-50659.75189659716,-49716.0,13.395819,0.041394,-49716.0,0.0,40040,1674,0,993,0.034281,0.063146,8.035458,32,1,optimal,DONE
mik-250-20-75-2.mps.gz,-206974.0,-54241.700051894135,59,-51512.12631461606,-50768.0,15.782423,0.045391999999999995,-50768.0,0.0,15399,895,0,427,0.030493,0.059767999999999995,13.308812,32,1,optimal,DONE
mik-250-20-75-3.mps.gz,-224541.0,-55479.0,86,-53010.65639263784,-52242.0,12.398604,0.045252,-52242.0,0.0,23283,1175,0,678,0.031585999999999996,0.061236,9.191316,32,1,optimal,DONE
mik-250-20-75-4.mps.gz,-224089.0,-56618.0,53,-53614.17689827359,-52301.0,42.145163,0.045051999999999995,-52301.0,0.0,254574,5957,0,7906,0.032588,0.062018,23.406405,32,1,optimal,DONE
mik-250-20-75-5.mps.gz,-205732.0,-54821.0,47,-52475.981689554144,-51531.99999999999,13.211309,0.038528,-51531.99999999999,0.0,67089,2130,0,1409,0.031847,0.063066,5.934984,32,1,optimal,DONE
mine-166-5.mps.gz,-1056607342.6040109,-739461032.3738562,47,-586057700.8281691,-566395707.87083,49.842223,1.474365,-566395707.87083,0.0,19712,151,0,2681,1.356771,2.454086,39.226007,32,1,optimal,DONE
mine-90-10.mps.gz,-1353911856.528028,-861492539.2396343,19,-808604507.8577132,-784302337.6331725,372.38685,1.193006,-784302337.6331725,0.0,193828,8766,0,27540,1.052867,1.720008,108.684208,32,1,optimal,DONE
misc07.mps.gz,1425.0,1425.0,20,1611.0527289994072,2810.0,5.232841,0.11792899999999999,2810.0,0.0,3458,232,0,1345,0.11988,0.166989,0.765895,32,1,optimal,DONE
mitre.mps.gz,-2347860.0,115155.0,9,115155.0,115155.0,9.585423,8.814053,115155.0,0.0,1594,90,0,1,8.840841,9.337132,9.58538,32,1,optimal,DONE
mkc1.mps.gz,-60311.23200000071,-611.85,66,-607.21,-607.207,3601.481158,0.345448,-607.207,0.0,258188,28633,0,701606,0.255548,0.35587799999999997,92.697828,32,1,optimal,DONE
mod010.mps.gz,80.0,6532.5,11,6534.375,6548.0,0.724955,0.192416,6548.0,0.0,301,3,0,1,0.16938899999999998,0.445109,0.7249169999999999,32,1,optimal,DONE
mod011.mps.gz,-948674293.3319967,-62047195.769443154,111,-56520044.80837594,-54558535.0142274,230.836541,0.44321499999999997,-54558535.0142274,0.0,60233,1828,0,1164,0.46707,0.71078,32.970487,32,1,optimal,DONE
momentum2.mps.gz,9102.0,9102.0,1,9102.000000000115,12314.214629786606,11099.024619,14.491624999999999,12314.214629786606,0.0,1567506,41693,0,279602,14.363621,19.465244,19.465244,32,1,optimal,DONE
msc98-ip.mps.gz,1057700.0007078452,19540481.066971023,45,19702877.005819876,19839497.005874474,14357.770047,1.391408,19839497.005874474,0.0,146764,11724,0,27544,1.253704,15.76758,5826.069864,32,1,optimal,DONE
mspsphard01i.mps.gz,21.0,22.0,67,31.0,35.0,11077.96751,71.712503,35.0,0.0,2392047,578929,0,323371,71.220968,77.949883,358.848547,32,1,optimal,DONE
mushroom-best.mps.gz,-0.0013157894736842124,0.00555512195121951,12,0.014146342664821544,0.055333761232349135,18000.018931,1.55729,0.055333761232349135,0.1857506361323153,139499,1409,0,658781,1.310483,2.713105,457.181485,32,1,timelimit,DONE
mzzv11.mps.gz,-25998.0,-22874.76756247053,34,-21920.932208055685,-21718.0,447.57473,23.711011,-21718.0,0.0,22579,3170,0,1356,23.760306,56.15647,91.214736,32,1,optimal,DONE
mzzv42z.mps.gz,-22278.0,-21571.1243317777,86,-20814.940201342375,-20540.0,460.840098,4.162885,-20540.0,0.0,33520,347,0,11,3.6576589999999998,26.758185,446.201564,32,1,optimal,DONE
n13-3.mps.gz,9105.0,11923.60775748819,75,13125.335286628935,13385.0,7.576791,0.125666,13385.0,0.0,3970,473,0,185,0.132848,0.17510099999999998,4.557716,32,1,optimal,DONE
n2seq36f.mps.gz,52000.0,52000.0,33,52000.0,52200.0,19.596305,0.26515099999999997,52200.0,0.0,7746,692,0,1580,0.201873,0.5796169999999999,8.485973,32,1,optimal,DONE
n2seq36q.mps.gz,52000.0,52000.0,11,52000.000000000015,52200.0,246.741194,1.268127,52200.0,0.0,29016,1009,0,934,1.326886,4.280646,71.117945,32,1,optimal,DONE
n3div36.mps.gz,114333.37474120082,114373.70176188285,57,123422.56923088054,130800.0,13191.394375,4.2626159999999995,130800.0,0.0,1831588,6439,0,306128,1.937116,24.377685,996.539594,32,1,optimal,DONE
n7-3.mps.gz,7370.0,13117.719690853242,72,15141.510936669929,15426.0,51.284762,0.17804899999999999,15426.0,0.0,9759,1132,0,437,0.189735,0.379702,10.601912,32,1,optimal,DONE
neos-1061020.mps.gz,-8408868215.400042,-145778.62200769185,9,-145743.80238906146,-142745.29999996425,485.839218,1.051272,-142745.29999996425,0.0,10922,405,0,1442,1.045099,19.190993,45.333227,32,1,optimal,DONE
neos-1122047.mps.gz,0,0,0,0,161.0,13.012452,12.554581,161.0,0.0,57171,0,0,1,12.665545999999999,0,0,32,1,optimal,DONE
neos-1171448.mps.gz,-7371.0,-309.0,11,-309.0,-309.0,7.050816,1.686451,-309.0,0.0,13882,138,0,1,1.733121,4.336103,7.050662,32,1,optimal,DONE
neos-1223462.mps.gz,-2314.0,-751.0,1,-751.0,-751.0,7.47621,0.9479409999999999,-751.0,0.0,3443,17,0,1,0.967594,7.476145,7.476159,32,1,optimal,DONE
neos-1324574.mps.gz,4.5,4.5,11,4.5,8.0,294.021655,0.240135,8.0,0.0,22633,1647,0,2543,0.252672,3.8178039999999998,34.785877,32,1,optimal,DONE
neos-1330346.mps.gz,4.5,4.500000000000001,22,4.5,8.0,6105.425208,0.172918,8.0,0.0,28804657,30808,0,363848,0.110806,1.042223,334.525552,32,1,optimal,DONE
neos-1337307.mps.gz,-1482271.0,-203808.24691358025,34,-202783.58623897334,-202319.0,201.402007,0.8203349999999999,-202319.0,0.0,128908,6400,0,2479,0.595694,1.840427,107.420649,32,1,optimal,DONE
neos-1367061.mps.gz,-1750000.0,1e+20,1,31320456.264497157,31320456.26449716,100.246304,8.148279,31320456.26449716,0.0,93875,21,0,1,8.325336,100.246206,100.246227,32,1,optimal,DONE
neos-1396125.mps.gz,-1.8519907829528393e-14,1116.3944339015259,67,1902.7310608035727,3000.04533730195,215.93477,0.117808,3000.04533730195,0.0,34112,4431,0,18493,0.105844,2.021074,76.528589,32,1,optimal,DONE
neos-1425699.mps.gz,3175561447.5053167,3175589317.300717,4,3179698977.0,3179698977.0,0.013365,0.006072,3179698977.0,0.0,31,4,0,1,0.006921999999999999,0.010126,0.013182,32,1,optimal,DONE
neos-1430701.mps.gz,-468.0,-78.0,17,-78.0,-77.0,14.287481,0.038763,-77.0,0.0,51610,2781,0,4417,0.029238999999999998,0.054298,4.124439,32,1,optimal,DONE
neos-1445738.mps.gz,-554439.0,-18474.00468970582,37,-18270.94225092582,-17380.0,50.041119,8.265832,-17380.0,0.0,1359,197,0,349,8.313918,8.866888,18.285127,32,1,optimal,DONE
neos-1445743.mps.gz,-561456.0,-18813.36477794356,50,-18470.915122895978,-17905.0,30.827131,8.074347,-17905.0,0.0,1375,223,0,69,8.127421,8.535521,14.58101,32,1,optimal,DONE
neos-1445765.mps.gz,-566161.0,-18915.482695442737,54,-18455.961706787402,-17783.0,58.225591,7.196901,-17783.0,0.0,2073,362,0,263,7.241179,7.770991,18.656299,32,1,optimal,DONE
neos-1456979.mps.gz,154.0,154.0,32,162.33333333333334,176.0,5820.944235,0.36402199999999996,176.0,0.0,133132,42692,0,37883,0.323839,1.274822,1084.175727,32,1,optimal,DONE
neos-1516309.mps.gz,33432.33333333333,33432.33333333333,48,35735.25,35954.0,1.047248,0.606691,35954.0,0.0,1048,23,0,1,0.588279,0.640062,1.047202,32,1,optimal,DONE
neos-1582420.mps.gz,87.5761183958495,87.78495854245037,144,90.35573423926408,91.0,80.076578,1.117463,91.0,0.0,24706,19,0,6,0.9528449999999999,1.642741,71.775043,32,1,optimal,DONE
neos-1599274.mps.gz,31235.74285714286,31235.74285714286,26,31875.600000000002,32075.6,3.589171,1.639346,32075.599999999995,0.0,1974,10,0,1,1.5916549999999998,1.984476,3.589106,32,1,optimal,DONE
neos-1601936.mps.gz,-2500.0,3.0,21,3.0000000000005116,3.0,13850.538533,0.464701,3.0,0.0,8975,815,0,14529,0.372071,24.403607,5729.303415,32,1,optimal,DONE
neos-2328163-agri.mps.gz,-870184.0,26589.153846153848,113,27420.208333333336,27674.0,6416.702988,0.524828,27674.0,0.0,138471,15651,0,139404,0.40102499999999996,3.152211,435.681503,32,1,optimal,DONE
neos-2978193-inde.mps.gz,-83.58174971199999,-2.418518186,24,-2.418518186,-2.3880616859999986,2365.106106,0.536131,-2.388061686,0.0,511568,15951,0,128708,0.419695,0.9002159999999999,175.089591,32,1,optimal,DONE
neos-2987310-joes.mps.gz,-6179478186.413497,0,0,-607702988.290905,-607702988.290905,20.717343,19.159454,-607702988.290905,0.0,9064,0,0,1,19.270917,0,0,32,1,optimal,DONE
neos-3004026-krka.mps.gz,0,0.0,22,0,0.0,416.622359,1.285051,0.0,0.0,204997,68508,0,13955,1.29298,2.2175,54.176542,32,1,optimal,DONE
neos-3024952-loue.mps.gz,-3965000.0,22882.0,52,25448.755478728403,26756.000000000004,5129.633772,0.110389,26756.000000000004,0.0,3762065,60689,0,91480,0.084754,1.566544,102.660232,32,1,optimal,DONE
neos-3045796-mogo.mps.gz,-715.0,-175.0,11,-175.0,-175.0,2.909219,1.193904,-175.0,0.0,2628,228,0,1,1.215192,1.834984,2.909038,32,1,optimal,DONE
neos-3048764-nadi.mps.gz,-7593345122.286358,0,0,-3883988306.366688,-3883988306.366688,0.320405,0.192233,-3883988306.366688,0.0,634,0,0,1,0.21265599999999998,0,0,32,1,optimal,DONE
neos-3065804-namu.mps.gz,-368972913.8000001,0,0,-368972913.8000001,0.0,11.074116,6.537399,0.0,0.0,2668,0,0,1,6.6106110000000005,0,0,32,1,optimal,DONE
neos-3083784-nive.mps.gz,0,0,0,0,0.0,0.049511,0.039124,0.0,0.0,55,0,0,1,0.047786999999999996,0,0,32,1,optimal,DONE
neos-3083819-nubu.mps.gz,-6681188.0,6293450.671758262,18,6301883.1915684305,6307996.0,20.264854,0.289238,6307996.0,0.0,3002,220,0,1041,0.31039,0.455769,2.019335,32,1,optimal,DONE
neos-3116779-oban.mps.gz,0,0,0,0.0,0.0,0.043142,0.055727,0.0,0.0,0,0,0,1,0,0,0,32,1,optimal,DONE SOLVED THROUGH LP RELAXATION
neos-3118745-obra.mps.gz,-14544.0,253.83333333333348,24,253.83333333333348,255.0,138.998372,0.184881,255.0,0.0,126360,14747,0,34481,0.025818999999999998,0.100936,46.717492,32,1,optimal,DONE
neos-3148108-pahi.mps.gz,0,0,0,0.0,0.0,4.19428,4.022322,0.0,0.0,0,0,0,1,0,0,0,32,1,optimal,DONE SOLVED THROUGH LP RELAXATION
neos-3209519-ruhr.mps.gz,332.85,332.85,47,342.8233333333334,467.5,784.930813,43.827815,467.5,0.0,71021,16116,0,61448,43.695842999999996,44.222272,97.609368,32,1,optimal,DONE
neos-3216931-puriri.mps.gz,-7600.0,58939.6826171875,23,61003.28168704279,71320.0,12792.585202,12.9182,71320.0,0.0,124850,19662,0,8769,12.58086,21.107556,5551.316508,32,1,optimal,DONE
neos-3226448-wkra.mps.gz,0,0.0,3,0,0.0,18000.004477,0.231602,1e+20,1e+20,2214,11,0,181,0.25240599999999996,1230.292074,1522.002902,32,1,timelimit,DONE
neos-3354841-apure.mps.gz,48560.0,48680.0,2,48800.00000000001,48800.00000000001,323.51119,311.064018,48800.00000000001,0.0,320,2,0,1,314.085379,323.507443,323.510148,32,1,optimal,DONE
neos-3402294-bobin.mps.gz,-11.0,0.0,11,-2.220446049250313e-16,0.06725000000000003,303.216918,5.106136,0.06725000000000003,0.0,38489,257,0,621,5.92285,12.006945,55.315706,32,1,optimal,DONE
neos-3437289-erdre.mps.gz,0,0,0,0.0,0.0,0.135619,0.1014,0.0,0.0,0,0,0,1,0,0,0,32,1,optimal,DONE SOLVED THROUGH LP RELAXATION
neos-3572885-glina.mps.gz,0,0,0,0,0.0,17.932314,17.30888,0.0,0.0,10288,0,0,1,17.470442,0,0,32,1,optimal,DONE
neos-3581454-haast.mps.gz,1655.0,1662.625,43,2043.0330804667096,2295.0,408.611211,6.978289,2295.0,0.0,54712,4874,0,11475,6.758651,8.176207,149.321438,32,1,optimal,DONE
neos-3592146-hawea.mps.gz,-1.0031840566680256e+16,7622533.75,24,-1.0031840560989654e+16,15465800.875,18000.018218,0.260771,15465800.875,0.1863748414952677,489120,58167,0,798462,0.20739,0.523795,63.390295,32,1,timelimit,DONE
neos-3610040-iskar.mps.gz,15.0,33.95306727850062,74,35.416269827882246,37.0,3.086858,0.022827,37.0,0.0,4237,311,0,197,0.013876999999999999,0.028568,1.930104,32,1,optimal,DONE
neos-3610051-istra.mps.gz,24.0,45.522911876711504,30,46.935067998281525,49.0,2.088815,0.024121,49.0,0.0,1306,211,0,192,0.026517,0.063875,0.74844,32,1,optimal,DONE
neos-3610173-itata.mps.gz,80.0,138.57716252128913,109,146.9110184453179,148.0,2.057485,0.065385,148.0,0.0,4278,212,0,1,0.029300999999999997,0.062484,2.05623,32,1,optimal,DONE
neos-3611447-jijia.mps.gz,43.0,99.60604062499999,45,104.16127525091402,107.0,1.910262,0.024419999999999997,107.0,0.0,2249,177,0,143,0.016645,0.03069,1.306619,32,1,optimal,DONE
neos-3611689-kaihu.mps.gz,37.0,106.84283429290718,79,116.417273561498,119.0,3.233968,0.022060999999999997,119.0,0.0,2673,181,0,21,0.013297999999999999,0.031656,2.953274,32,1,optimal,DONE
neos-3636886-kereu.mps.gz,2010.477804201666,3144.6818435634323,5,4865.646346437557,100001768.08181478,687.579205,14.119905,100001768.08181478,0.0,26762,953,0,14209,14.117814,17.968031,21.921197,32,1,optimal,DONE
neos-3660371-kurow.mps.gz,286.5343834383438,293.1146168915978,14,294.7,2270.85,435.528965,0.07486999999999999,2270.85,0.0,111259,5297,0,95347,0.086709,0.305016,2.009547,32,1,optimal,DONE
neos-3661949-lesse.mps.gz,611154810.786521,0,0,611154810.786521,689000000.0,0.20621899999999999,0.135145,689000000.0,0.0,406,0,0,1,0.144644,0,0,32,1,optimal,DONE
neos-3665875-lesum.mps.gz,248.32500000000002,286.6875,31,429.517,3274.81,11040.39098,0.152561,3274.81,0.0,5579753,50762,0,339994,0.091888,0.827199,168.515432,32,1,optimal,DONE
neos-3696678-lyvia.mps.gz,1.25,0,0,83.75,83.75,0.191468,0.14557,83.75,0.0,796,0,0,1,0.163604,0,0,32,1,optimal,DONE
neos-3699377-maori.mps.gz,135877.22426508006,135877.22426508006,121,135877.22426508003,135877.22426508003,1050.093938,3.877093,135877.22426508003,0.0,49373,7346,0,22984,3.611288,4.943311,185.414749,32,1,optimal,DONE
neos-3703351-marne.mps.gz,317056.2103864032,317056.2103864032,36,317056.21038640325,317056.2103864036,29.789153,0.704426,317056.2103864036,0.0,9006,187,0,593,0.683272,1.317126,6.61193,32,1,optimal,DONE
neos-3734794-moppy.mps.gz,-4623772493.242987,5892075177.326548,33,5897410463.206388,5900905694.594587,10342.558579,0.610101,5900905694.594587,0.0,7985988,27587,0,1209474,0.38587,1.335661,53.390172,32,1,optimal,DONE
neos-3755335-nizao.mps.gz,0,0,0,0,50.0301565326,18.539016,16.679561,50.0301565326,0.0,111056,0,0,1,16.977181,0,0,32,1,optimal,DONE
neos-3759587-noosa.mps.gz,48.3344677694,0,0,48.3344677694,48.33446776939999,17.179017,15.179341,48.33446776939999,0.0,72116,0,0,1,15.396119,0,0,32,1,optimal,DONE
neos-3761878-oglio.mps.gz,422769.02254465374,422769.02254465374,66,422769.02254465374,422769.02254465385,79.738878,0.5211399999999999,422769.02254465385,0.0,21700,1598,0,1210,0.43023799999999995,0.732216,55.79963,32,1,optimal,DONE
neos-4260495-otere.mps.gz,3382.9320744975475,3559.0225937733653,65,4033.523180818817,5290.000000000006,1305.397856,61.425547,5290.000000000006,0.0,182391,356,0,155,61.116799,119.94033,1180.493399,32,1,optimal,DONE
neos-4306827-ravan.mps.gz,-57090.0,-27154.537336574645,97,4450.450566412647,10326.57425742632,18000.017163,21.438394,10326.57425742632,0.06909550600248889,694785,61178,0,114379,20.264584,51.768179,1743.3474,32,1,timelimit,DONE
neos-4322846-ryton.mps.gz,0.41984836400000003,0.419848364,11,0.4198483640000001,0.419848364,1270.046572,159.312796,0.419848364,0.0,110038,1514,0,664,159.744001,298.73107,376.581132,32,1,optimal,DONE
neos-4333596-skien.mps.gz,-18738130.0,-14641039.820008025,30,-14621170.0,-14610731.0,128.223007,0.077217,-14610731.0,0.0,130304,3632,0,91755,0.044212999999999995,0.060918999999999994,15.306996,32,1,optimal,DONE
neos-4338804-snowy.mps.gz,1447.0,1447.0,14,1447.0,1470.9999999999786,8688.01593,0.145956,1470.9999999999786,0.0,12859847,4966551,0,4344551,0.11796799999999999,0.19630299999999998,9.495689,32,1,optimal,DONE
neos-4359986-taipa.mps.gz,0.4040030556149637,0.6784198040887648,107,20.720093826557637,19.750465914031622,18000.010325,19.009551,1e+20,1e+20,66504,11639,0,1,19.13716,1593.217284,17802.998011,32,1,timelimit,DONE
neos-4391920-timok.mps.gz,0.0022822186121558216,0.002282218612156023,111,0.005451422480443335,0.005455408199999998,695.64058,82.616925,0.005455408199999998,0.0,189500,16,0,1,82.301053,671.058636,695.640506,32,1,optimal,DONE
neos-4413714-turia.mps.gz,43.47465101,43.47465101,34,44.33555868223928,45.37016702,390.736005,87.813781,45.37016702,0.0,219146,668,0,63,86.326075,305.141018,369.820641,32,1,optimal,DONE
neos-4722843-widden.mps.gz,-17666.000000000004,5334.6729772839335,69,14160.603214522975,25009.66336627653,1569.641275,93.058013,25009.66336627653,0.0,170555,1911,0,1048,92.12555,136.741503,1317.25672,32,1,optimal,DONE
neos-4724674-aorere.mps.gz,-1033.0000000000018,3971.2905621205537,74,5090.095221257422,8609.198019801981,1519.455685,140.505836,8609.198019801981,0.0,158039,980,0,3221,138.27562,167.555319,871.684746,32,1,optimal,DONE
neos-4738912-atrato.mps.gz,136997598.99049997,277028267.3783375,44,282521101.6237254,283627956.59528,3955.595749,0.24631799999999998,283627956.59528,0.0,605620,39759,0,278355,0.14418599999999998,0.5854039999999999,82.364427,32,1,optimal,DONE
neos-4754521-awarau.mps.gz,0,0,0,0,0.0,84.313767,83.704336,0.0,0.0,0,0,0,1,84.311309,0,0,32,1,optimal,DONE
neos-4760493-puerua.mps.gz,1908.2436950684867,1926.473086513144,97,2031.810157765103,10159.087202096936,18000.203007,16.95873,10159.087202096936,4.000017921591386,108425,155,0,1,17.33092,124.616943,18000.084819,32,1,timelimit,DONE
neos-4805882-barwon.mps.gz,-1015.8,1896.0514736151486,42,2426.540307772879,3009.9999999999995,634.399717,23.916943,3009.9999999999995,0.0,95150,4359,0,14721,24.018113,27.826285,52.624105,32,1,optimal,DONE
neos-480878.mps.gz,479.13879602731765,479.1641450682717,37,486.80359200458565,492.51444928794547,40.83015,0.26859,492.51444928794547,0.0,26193,918,0,1347,0.235815,0.46785699999999997,27.958048,32,1,optimal,DONE
neos-4966258-blicks.mps.gz,446.59343248854475,448.5530227210002,42,499.2227923443151,556.0,11324.232111,40.320865,556.0,0.0,336266,6693,0,2560,40.060735,184.593333,6125.798275,32,1,optimal,DONE
neos-4971100-bodrog.mps.gz,0,0,0,0,0.0,4.680959,4.294795,0.0,0.0,8391,0,0,1,4.357639,0,0,32,1,optimal,DONE
neos-4976951-bunnoo.mps.gz,427.9256595479411,427.9256595479411,36,439.5412591924687,454.0,18000.038201,70.846535,454.0,0.01599940865790786,228787,893,0,44,72.868825,3580.486708,6473.575817,32,1,timelimit,DONE
neos-4984115-canche.mps.gz,-108144379.3332972,-9946708.677880604,2,-9946708.677880606,-9946659.920632808,19.100269,17.497971,-9946659.920632808,0.0,6547,2,0,1,18.158742,18.294478,19.10023,32,1,optimal,DONE
neos-498623.mps.gz,-6623.5999999999285,16.000000000000018,29,16.60000000000002,16.60000000000002,29.682937,1.273255,16.60000000000002,0.0,3213,179,0,13,1.170317,3.90026,26.018759,32,1,optimal,DONE
neos-5013590-toitoi.mps.gz,1064.447092007282,1074.0583228428486,83,1114.8090754053546,8783.679746780612,18000.004097,2.908676,8783.679746780612,6.879088841815166,56290,141,0,1,3.08131,124.289224,17947.876711,32,1,timelimit,DONE
neos-5018451-chiese.mps.gz,-186479476.8660822,-148329314.22913364,18,-148114084.19391802,-147988824.80262047,1343.656218,20.077932,-147988824.80262047,0.0,280354,488,0,3511,21.373532,30.957939,70.222798,32,1,optimal,DONE
neos-503737.mps.gz,50.000000000000014,50.000000000000036,24,49.99999999999999,50.0,293.788233,0.257851,50.0,0.0,1527,298,0,2729,0.241917,1.841981,11.73183,32,1,optimal,DONE
neos-5075914-elvire.mps.gz,-8835015.541949868,277.3418879029341,115,278.2810861694161,-6522502.841641324,18000.01445,0.707676,1e+20,1e+20,2304332,716212,0,1065515,0.6476729999999999,2.815259,1058.035792,32,1,timelimit,DONE
neos-5079731-flyers.mps.gz,2004.0,2011.3076923076922,36,2330.0,2440.000000000001,2450.573965,5.095438,2440.0000000000005,0.0,544160,17097,0,7457,4.90714,15.787051,652.163056,32,1,optimal,DONE
neos-5083528-gimone.mps.gz,0,0.0,9,0,0.0,55.605126,18.506661,0.0,0.0,647,44,0,4,18.712467,27.781309,47.158522,32,1,optimal,DONE
neos-5093327-huahum.mps.gz,3934.0,3944.575,45,4929.200000000003,6404.000000000001,7375.507991,6.240002,6404.000000000001,0.0,2191974,98422,0,33313,6.141443,15.256369,851.456924,32,1,optimal,DONE
neos-5100895-inster.mps.gz,2084.0,2096.412449135273,30,2587.0,3160.0000000000236,2428.352094,3.124709,3160.0000000000236,0.0,751129,37358,0,10140,3.025011,9.716321,537.659923,32,1,optimal,DONE
neos-5106984-jizera.mps.gz,809.5,810.7,17,820.3333333333334,820.9999999999999,11321.945427,66.892112,820.9999999999999,0.0,362565,253,0,28,69.134148,1520.902549,5984.905332,32,1,optimal,DONE
neos-5107597-kakapo.mps.gz,-79002.0,0.10810810810653493,63,494.1509348896361,3645.00000000991,14961.000263,0.60442,3645.00000000991,0.0,15205622,1839090,0,2636428,0.561425,1.010757,53.785281,32,1,optimal,DONE
neos-5115478-kaveri.mps.gz,-80370.0,0.02402402402367443,68,203.6234770219453,1233.9999999999418,18000.005541,0.66555,1233.9999999999418,1.0329489291597065,19021534,3252114,0,2775640,0.609333,1.1512229999999999,55.013501,32,1,timelimit,DONE
neos-5129192-manaia.mps.gz,0,0,0,0,0.0,85.761236,48.888548,0.0,0.0,670637,0,0,1,50.557464,0,0,32,1,optimal,DONE
neos-5140963-mincio.mps.gz,8877.0,8877.0,29,10598.0,14393.0,16019.958659,0.058814,14393.0,0.0,492321,6938,0,5624805,0.017964,0.037929,3533.290488,32,1,optimal,DONE
neos-5149806-wieprz.mps.gz,0.027744731938611416,0.027744731938611412,18,11.0,21.0,7015.366917,104.381743,21.0,0.0,415669,6479,0,13350,104.636856,243.947874,1279.813688,32,1,optimal,DONE
neos-5178119-nalagi.mps.gz,8.569858952216467,8.569858952216462,150,15.369999999999989,22.740000000000002,1500.902837,3.1179,22.740000000000002,0.0,95497,15571,0,18327,2.340616,3.918832,579.782516,32,1,optimal,DONE
neos-5188808-nattai.mps.gz,0,0.0,21,0,0.11028713199999643,2517.980201,1.493693,0.11028713199999643,0.0,78774,3048,0,11023,1.419537,8.063431,380.250181,32,1,optimal,DONE
neos-5192052-neckar.mps.gz,-707720000.0,-11980000.0,11,-11890000.0,-11670000.0,0.046484,0.011046,-11670000.0,0.0,121,7,0,1,0.011216,0.014138999999999999,0.046439,32,1,optimal,DONE
neos-5193246-nerang.mps.gz,0,0.0,17,0,0.038219763,1134.016965,15.812543,0.038219763,0.0,118693,23034,0,7082,15.604159,24.848993,201.503006,32,1,optimal,DONE
neos-5195221-niemur.mps.gz,0,0.0,24,0,0.003835496399999992,2228.79138,15.151926,0.003835496399999992,0.0,177666,40677,0,44657,14.986531,21.1614,121.491799,32,1,optimal,DONE
neos-525149.mps.gz,9.0,60.0,22,60.166666666666664,61.0,5.913777,2.111984,61.0,0.0,2745,49,0,1,2.484702,3.014526,5.91362,32,1,optimal,DONE
neos-555001.mps.gz,310000.0,962625.0,20,1210625.0,1210625.0,1.801515,0.438306,1210625.0,0.0,2484,244,0,1,0.45042899999999997,0.9755809999999999,1.801391,32,1,optimal,DONE
neos-555343.mps.gz,318400.00000000006,1332000.0000000002,47,1512800.0,1542800.0,18000.010911,0.378306,1542800.0,0.01983077736647245,1775782,450517,0,539600,0.324187,2.774859,177.533406,32,1,timelimit,DONE
neos-555424.mps.gz,318400.00000000006,1286800.0000000002,26,1286800.0000000002,1286800.0000000002,424.12911,0.540542,1286800.0000000002,0.0,42199,7284,0,21771,0.47559599999999996,1.524073,31.303297,32,1,optimal,DONE
neos-555884.mps.gz,-216500.00000000003,1112400.0000000002,99,1211200.0000000002,1232700.0000000002,268.137061,0.5002869999999999,1232700.0000000002,0.0,597419,4540,0,6120,0.514996,1.367926,10.050728,32,1,optimal,DONE
neos-565672.mps.gz,43987.412702026755,63899.773792623615,190,90660.7197086222,90693.5495512488,13555.865308,15.264188,90693.5495512488,0.0,355788,34,0,1,9.157429,530.637701,13555.865264,32,1,optimal,DONE
neos-578379.mps.gz,0,0.0,10,0,0.0,770.217954,169.938149,0.0,0.0,9754,284,0,2269,170.01737,189.712229,231.391257,32,1,optimal,DONE
neos-585192.mps.gz,27.85742618200038,384.32897935200003,23,389.92609545471703,461.179717296,33.790829,2.067864,461.179717296,0.0,6070,1112,0,621,2.084222,2.701372,5.627598,32,1,optimal,DONE
neos-585467.mps.gz,32.3245383680005,347.224530804,20,354.20221712720723,399.373917848,17.733522,1.385545,399.373917848,0.0,2673,337,0,124,1.401797,1.84476,5.443448,32,1,optimal,DONE
neos-595904.mps.gz,-11800.0,60614.90596920393,237,64828.315243034485,64829.59000000001,38.687871,7.810401,64829.590000000004,0.0,42047,128,0,7,6.818451,8.699341,38.653787,32,1,optimal,DONE
neos-633273.mps.gz,-79879147257.94121,0,0,6996841097.997791,6996841097.997791,0.919805,0.313598,6996841097.997791,0.0,5498,0,0,1,0.363576,0,0,32,1,optimal,DONE
neos-686190.mps.gz,5134.813829787234,5134.813829787234,21,5303.559050126465,6730.0,152.995711,0.312297,6730.0,0.0,10356,1315,0,4101,0.227301,1.404023,6.040451,32,1,optimal,DONE
neos-780889.mps.gz,-15459225.000000002,3421500.0000000005,5,3421500.0000000005,3421500.0000000005,169.941016,69.002573,3421500.0000000005,0.0,26254,7,0,1,69.633346,133.191313,160.488098,32,1,optimal,DONE
neos-787933.mps.gz,30.0,0,0,30.0,30.0,3.02971,2.382982,30.0,0.0,130,0,0,1,2.829312,0,0,32,1,optimal,DONE
neos-799711.mps.gz,-2929787128.942113,-11228065.15379686,1,-11228065.15379686,-11170211.733637778,6572.851109,6.708994,-11170211.733637778,0.0,13704,2,0,622,6.875671,31.0456,135.00537,32,1,optimal,DONE
neos-799716.mps.gz,1244862.0530973452,4932670.661692028,2,4932670.66169203,4932670.661692031,9.190839,3.235216,4932670.661692031,0.0,11007,18,0,1,3.337808,3.837207,9.190673,32,1,optimal,DONE
neos-807639.mps.gz,152.0,364.88596897210573,13,382.6536283148406,454.20000000000005,10.507462,0.08597099999999999,454.20000000000005,0.0,7900,1436,0,2243,0.08930199999999999,0.192097,0.6513829999999999,32,1,optimal,DONE
neos-820879.mps.gz,24874.26785714286,24974.80202492212,21,25312.553720735785,25468.0,52.098267,11.785615,25468.0,0.0,557,106,0,123,11.81342,13.344686,21.536299,32,1,optimal,DONE
neos-824661.mps.gz,2.0,33.0,12,33.0,33.0,879.248035,12.399089,33.0,0.0,15567,180,0,36,12.530747,28.830947,290.119355,32,1,optimal,DONE
neos-826224.mps.gz,1.0,121.0,10,121.0,121.0,23.277799,9.452575,121.0,0.0,14012,19,0,1,9.55556,16.238637,21.863244,32,1,optimal,DONE
neos-827015.mps.gz,2.0980707147155306,2.0981880232128,6,2.0990247554470227,2.319589792,1838.090509,5.336153,2.319589792,0.0,15636,41,0,296,5.126823,28.594562,184.446819,32,1,optimal,DONE
neos-827175.mps.gz,1.0,0,0,112.00152000000001,112.00152000000001,13.421304,7.909041,112.00152000000001,0.0,11212,0,0,1,8.005272,0,0,32,1,optimal,DONE
neos-829552.mps.gz,2.0980707147155306,2.0981060548179533,4,2.098591618788897,2.319589792,451.767237,1.237777,2.319589792,0.0,10450,33,0,213,1.151629,10.478819,34.181169,32,1,optimal,DONE
neos-831188.mps.gz,1.767720414,1.7720859560452094,20,1.7957142638329915,2.61377462,434.152379,0.08645599999999999,2.61377462,0.0,55663,2509,0,2993,0.09497799999999999,1.81884,9.049938,32,1,optimal,DONE
neos-848589.mps.gz,2302.555117292305,450.08707399025553,89,2302.5551172923033,2351.4031000000004,14673.811622,73.550159,2351.4031000000004,0.0,166071,1356,0,989,71.321589,108.173638,10524.687302,32,1,optimal,DONE
neos-850681.mps.gz,-1.0,2087.0000000000014,30,2472.000000000005,2472.0,11.010005,0.32154099999999997,2472.0,0.0,4808,46,0,1,0.23835599999999998,1.011296,10.115951,32,1,optimal,DONE
neos-860300.mps.gz,2210.299952716813,2325.815559747654,142,3155.6016118004522,3201.0,34.614176,12.544727,3201.0,0.0,8602,89,0,1,11.403197,12.167798,34.539899,32,1,optimal,DONE
neos-885086.mps.gz,-7830.0,-243.0,13,-242.99999999999994,-243.0,7305.638302,2.847242,-243.0,0.0,14452,583,0,263,2.9203099999999997,12.224407,122.279386,32,1,optimal,DONE
neos-885524.mps.gz,12320.092,12320.092,23,12320.092,12320.092,605.174194,4.831348,12320.092,0.0,17357,274,0,176,4.066791,7.373255,597.252469,32,1,optimal,DONE
neos-911970.mps.gz,23.259999999999994,23.260000000000023,129,52.4929626448296,54.76,67.459621,0.097284,54.76,0.0,89111,9257,0,14550,0.09002399999999999,0.143784,6.041076,32,1,optimal,DONE
neos-913984.mps.gz,1000.0,1000.0,12,1000.0,1000.0,194.570597,17.084264,1000.0,0.0,2114,264,0,23,17.24228,109.845748,151.208908,32,1,optimal,DONE
neos-914441.mps.gz,5660364.283770359,9347772.0,1,9347772.0,9347772.0,10.818839,1.064116,9347772.0,0.0,19314,0,0,1,0.846367,8.303576,8.303576,32,1,optimal,DONE
neos-932721.mps.gz,50000.0,52030.0,1,52030.0,52030.0,8.118866,0.503761,52030.0,0.0,2108,2,0,1,0.588513,4.272321,8.118694,32,1,optimal,DONE
neos-933638.mps.gz,-2492.0,276.0,12,276.0,276.0,13332.576941,1.991218,276.0,0.0,10137,479,0,983,2.139907,51.193394,333.008633,32,1,optimal,DONE
neos-933966.mps.gz,-1837.0,318.0,13,318.0,318.0,4967.568062,1.63177,318.0,0.0,8567,328,0,734,1.7863470000000001,19.262665,196.871697,32,1,optimal,DONE
neos-935769.mps.gz,-201960.0,3010.0,13,3010.0,3032.0,18000.001127,1.2379850000000001,3032.0,0.007308970099667774,13307,4355,0,1638,1.2634859999999999,54.828877,446.33837,32,1,timelimit,DONE
neos-941313.mps.gz,9361.0,9361.0,11,9361.0,9361.0,1651.23588,58.515794,9361.0,0.0,12570,16,0,7,58.949507,277.499484,1461.771197,32,1,optimal,DONE
neos-950242.mps.gz,1.0,1.0000000000000007,12,0.9999999999999998,3.999999999999999,237.320559,1.063227,3.999999999999999,0.0,36727,1638,0,100,1.12639,13.839688,69.049777,32,1,optimal,DONE
neos-953928.mps.gz,-22411.0,-99.92,13,-99.91055555555556,-99.90444444444445,1169.315474,19.968839,-99.90444444444445,0.0,14909,450,0,114,20.057132,70.431613,340.029954,32,1,optimal,DONE
neos-954925.mps.gz,-82472.0,-237.79682012366894,16,-237.7701701085701,-237.76888888888888,14938.36516,43.084924,-237.76888888888888,0.0,11362,1846,0,2258,43.516005,131.447958,1193.696088,32,1,optimal,DONE
neos-956971.mps.gz,-57496.0,-237.80304526748972,11,-237.77,-237.76888888888888,1433.876086,17.931171,-237.76888888888888,0.0,2806,426,0,61,18.169693,64.205595,386.565758,32,1,optimal,DONE
neos-957143.mps.gz,-57576.0,-237.77,4,-237.77000000000004,-237.76888888888888,842.493352,36.43457,-237.76888888888888,0.0,1748,19,0,48,36.67154,59.486384,246.773791,32,1,optimal,DONE
neos-957323.mps.gz,-50451.9306277108,-237.75756999246153,11,-237.75756999246153,-237.75668148400007,193.307974,10.091341,-237.75668148400007,0.0,2810,38,0,19,10.341111,35.424559,116.466673,32,1,optimal,DONE
neos-960392.mps.gz,-1572.0,-238.0,27,-238.0,-238.0,952.24398,9.62543,-238.0,0.0,4734,325,0,43,9.822102,55.053905,666.486647,32,1,optimal,DONE
neos17.mps.gz,0.0006814985014985017,0.0011288011988011988,2,0.04942515484515484,0.15000257742257742,10.860581,0.050693999999999996,0.15000257742257742,0.0,54522,1087,0,2965,0.05305,0.127838,0.555762,32,1,optimal,DONE
neos18.mps.gz,3.0,11.5,17,13.0,16.0,23.115489,0.15526299999999998,16.0,0.0,13391,2060,0,1144,0.17148,0.41658599999999996,1.569417,32,1,optimal,DONE
neos2.mps.gz,-872844.4427719965,-4407.043231404752,495,-1693.8118582412908,454.86469703500006,267.008996,0.9053899999999999,454.86469703500006,0.0,56224,4415,0,17852,0.8370909999999999,0.936496,141.011005,32,1,optimal,DONE
neos22.mps.gz,-1056000.0,772268.5714285715,39,779715.0,779715.0,1.202266,0.198179,779715.0,0.0,5848,498,0,1,0.208068,0.39549599999999996,1.202176,32,1,optimal,DONE
neos4.mps.gz,-53432158412.942856,0,0,-53432158412.942856,-48603440750.58991,1.055713,0.84864,-48603440750.58991,0.0,1990,0,0,1,0.9356099999999999,0,0,32,1,optimal,DONE
neos5.mps.gz,13.0,13.083333333333336,46,13.44585384243609,15.0,1603.685012,0.012879999999999999,15.0,0.0,1847566,10038,0,4441157,0.010359,0.025715,7.742485,32,1,optimal,DONE
neos6.mps.gz,-43113.0,83.0,13,82.99999999999994,83.0,358.019127,1.194995,83.0,0.0,2332,602,0,3667,1.253732,7.817784,35.826398,32,1,optimal,DONE
neos8.mps.gz,-43907.0,-3719.0,1,-3719.0,-3719.0,20.00749,19.583298,-3719.0,0.0,1480,3,0,1,19.716643,20.002823,20.006572,32,1,optimal,DONE
neos9.mps.gz,780.0,782.0,11,793.9999999999999,798.0,2780.059874,91.703596,798.0,0.0,59955,984,0,1296,91.888656,112.329689,151.155695,32,1,optimal,DONE
net12.mps.gz,64.0,70.56862601798832,28,85.29985844971908,214.0,577.573039,3.955384,214.0,0.0,32704,5700,0,1147,4.002044,7.118273,22.434573,32,1,optimal,DONE
netdiversion.mps.gz,230.80000000074506,231.5714285708964,11,234.0,242.0,10631.021495,32.885013,242.0,0.0,101379,557,0,194,33.432087,120.260604,1591.088476,32,1,optimal,DONE
newdano.mps.gz,11.724137931034484,18.656709929826746,109,40.4934643733002,65.66666666666666,7014.763614,0.025703,65.66666666666666,0.0,11373771,127301,0,885909,0.020392999999999998,0.086731,123.41246,32,1,optimal,DONE
nh97_potential.mps.gz,-3776.0,1394.0,23,1394.0,1418.0,429.511337,0.24348899999999998,1418.0,0.0,178953,33275,0,39116,0.230742,0.34859199999999996,31.009146,32,1,optimal,DONE
nh97_tension.mps.gz,-658.0,1418.0,15,1418.0,1418.0,11.872402,0.133709,1418.0,0.0,15988,4137,0,1240,0.137379,0.205205,1.388296,32,1,optimal,DONE
noswot.mps.gz,-97.0,-49.64621477972234,93,-46.744629871581054,-41.0,28.341038,0.019632999999999998,-41.0,0.0,53018,7586,0,54539,0.017136,0.033090999999999995,3.131827,32,1,optimal,DONE
npmv07.mps.gz,-414681474006.5819,104809694647.51404,51,104809800838.48608,104809812554.7821,237.069942,57.81878,104809812554.7821,0.0,124890,11,0,3,56.731549,131.576662,236.4339,32,1,optimal,DONE
ns1208400.mps.gz,0,0.0,11,0,2.0,247.497767,0.348709,2.0,0.0,2367,245,0,567,0.370511,6.642016,18.053736,32,1,optimal,DONE
ns1644855.mps.gz,-200000.0,0,0,-1524.3333333333333,-1524.3333333333333,1062.842358,47.587427,-1524.3333333333333,0.0,30798,0,0,1,48.107142,0,0,32,1,optimal,DONE
ns1760995.mps.gz,-110475.99709820005,-1220.5149335124645,774,-563.6741511040525,-549.2143850499834,16402.637763,463.239411,-549.2143850499834,0.0,1130684,356,0,1,456.945606,689.300271,16402.637703,32,1,optimal,DONE
ns1830653.mps.gz,3526.0,8416.333333333332,28,11622.0,20622.0,241.074803,0.596553,20622.0,0.0,74720,3516,0,4151,0.4826,1.814476,144.278529,32,1,optimal,DONE
ns2034125.mps.gz,59730.0,70270.61168246099,222,113323.27115277547,229287.0,14254.280148,87.487948,229287.0000006437,0.0,867466,114796,0,12420,87.840639,97.831548,2219.241263,32,1,optimal,DONE
ns2071214.mps.gz,0,0.0,23,0,506.9999999999993,3550.935546,1.7796409999999998,506.9999999999993,0.0,255015,66199,0,209906,1.719579,2.506794,30.311678,32,1,optimal,DONE
ns4-pr6.mps.gz,10360.0,29184.25,23,29281.25,29314.0,1.89309,0.13896,29314.0,0.0,2053,108,0,62,0.151087,0.24342899999999998,0.852015,32,1,optimal,DONE
nsa.mps.gz,91.0,114.72824396126528,14,114.98380251346632,120.0,2.117968,1.69006,120.0,0.0,358,14,0,219,1.692515,1.700858,1.8625859999999999,32,1,optimal,DONE
nu120-pr12.mps.gz,8550.0,38501.666666666664,41,41234.17773261066,42215.0,4.268979,0.218875,42215.0,0.0,2744,222,0,49,0.229375,0.34488199999999997,2.125871,32,1,optimal,DONE
nu120-pr9.mps.gz,3625.0,20220.97350764227,51,22137.763530734017,24945.0,18000.000503,0.481896,24945.0,0.027177784784414696,877636,32946,0,239474,0.368985,1.837804,1214.897885,32,1,timelimit,DONE
nu25-pr12.mps.gz,9070.0,53217.25,53,53758.73910598819,53905.0,4.651601,0.32590199999999997,53905.0,0.0,4507,69,0,11,0.30330799999999997,0.489019,3.90975,32,1,optimal,DONE
nursesched-sprint-hidden09.mps.gz,20.0,220.02777777777774,79,337.1333333333333,338.0,98.941357,1.044189,338.0,0.0,9444,93,0,66,0.879608,4.621899,48.849747,32,1,optimal,DONE
nursesched-sprint-late03.mps.gz,34.254806041881224,34.25480604188122,76,46.02583333333333,47.99999999999999,242.778373,0.9042589999999999,47.99999999999999,0.0,8698,1469,0,423,0.9456869999999999,4.508862,44.675973,32,1,optimal,DONE
nursesched-sprint02.mps.gz,54.416666666666664,54.666666666666664,84,57.875,58.000000000000014,38.376367,1.149524,58.000000000000014,0.0,11585,45,0,5,0.8825489999999999,3.451559,30.508337,32,1,optimal,DONE
nw04.mps.gz,-1177281308.0,16311.333333333328,55,16436.705882352937,16862.0,30.004057,18.291296,16862.0,0.0,859,3,0,1,16.457981,21.876539,30.004028,32,1,optimal,DONE
opm2-z6-s1.mps.gz,-65222.0,0,0,-7540.51747191099,-6202.0,107.833259,1.544292,-6202.0,0.0,12267,3,0,2164,1.558758,0,0,32,1,optimal,DONE
opm2-z7-s8.mps.gz,-111718.0,0,0,-13372.055521655635,-11242.0,231.76596,3.534323,-11242.0,0.0,26366,6,0,2835,3.566415,0,0,32,1,optimal,DONE
opm2-z8-s0.mps.gz,-185738.0,0,0,-19394.503124687864,-15775.0,1482.455868,15.016362,-15775.0,0.0,54135,2,0,3495,15.104681,0,0,32,1,optimal,DONE
osorio-cta.mps.gz,0,0.0,2,0.007717120050107754,0.02893920018790403,2.66709,0.411306,0.02893920018790403,0.0,266,34,0,127,0.451628,0.640282,1.051704,32,1,optimal,DONE
p0201.mps.gz,7115.0,7165.0,26,7395.598811879687,7615.0,0.6792429999999999,0.02574,7615.0,0.0,711,42,0,15,0.027104999999999997,0.055444,0.362013,32,1,optimal,DONE
p200x1188c.mps.gz,5678.607088607595,6766.827740083505,202,15059.635443037976,15078.000000000002,4.100797,0.02862,15078.000000000002,0.0,38585,560,0,1,0.032826999999999995,0.066852,4.100731,32,1,optimal,DONE
p500x2988c.mps.gz,14122.962849872774,14255.006301109104,92,15214.933153494352,15215.0,2.481938,0.06596099999999999,15215.0,0.0,9644,136,0,1,0.075358,0.143209,2.481872,32,1,optimal,DONE
p500x2988d.mps.gz,2.1618320610687025,2.3043256997455472,97,6.0,6.0,2.582271,0.06507199999999999,6.0,0.0,11758,255,0,1,0.074305,0.142056,2.577282,32,1,optimal,DONE
peg-solitaire-a3.mps.gz,0.999999999999998,1.0000000000000004,11,1.0,1.0,18000.000669,0.24834399999999998,1e+20,1e+20,11992,705,0,3870,0.261359,21.463202,119.833764,32,1,timelimit,DONE
physiciansched6-2.mps.gz,13370.5,46622.625,59,49324.0,49324.0,790.720084,3.519507,49324.0,0.0,44798,842,0,1,3.6158159999999997,12.911617,790.719895,32,1,optimal,DONE
pigeon-08.mps.gz,-24000.0,-8000.0,23,-8000.0,-7000.0,0.778362,0.027132999999999997,-7000.0,0.0,1390,238,0,1947,0.028842,0.037835,0.117203,32,1,optimal,DONE
pigeon-10.mps.gz,-30000.0,-10000.0,30,-10000.0,-9000.0,15.385543,0.052208,-9000.0,0.0,7961,1511,0,36051,0.044031,0.058157,0.812157,32,1,optimal,DONE
pigeon-13.mps.gz,-39000.0,-13000.0,24,-13000.0,-12000.00000000001,6120.897272,0.088294,-12000.0,0.0,223549,37159,0,11370579,0.07325799999999999,0.10374399999999999,9.467938,32,1,optimal,DONE
piperout-03.mps.gz,9066.0,74832.0,13,74832.0,74982.0,17.177418,9.955716,74982.0,0.0,9409,1371,0,402,9.97473,10.564025,12.115639,32,1,optimal,DONE
piperout-08.mps.gz,38413.0,124955.0,54,125054.99999999999,125055.0,25.656149,10.176698,125055.0,0.0,20872,1446,0,135,10.165551,15.784789,21.017002,32,1,optimal,DONE
piperout-27.mps.gz,1760.0,7986.5,31,8119.749981613336,8124.000000000003,28.353464,14.70048,8124.000000000003,0.0,13594,1206,0,102,14.728967,21.114031,23.635274,32,1,optimal,DONE
piperout-d20.mps.gz,-439327.0,29898.0,31,29948.0,29948.0,48.29537,14.936753,29948.0,0.0,16440,2849,0,506,14.980368,17.320084,24.291561,32,1,optimal,DONE
piperout-d27.mps.gz,-47289.0,7475.466666666667,22,8047.178807947019,8124.0,72.017459,16.656788,8124.0,0.0,24814,5521,0,902,16.704378,19.816188,25.253121,32,1,optimal,DONE
pk1.mps.gz,0,0.0,22,0,11.0,114.384507,0.017051999999999998,11.0,0.0,304334,7360,0,325579,0.011637,0.019653999999999998,4.333137,32,1,optimal,DONE
prod1.mps.gz,-100.0,-84.34767078681655,97,-74.04565911419118,-56.0,20.871938,0.035095,-56.0,0.0,38628,843,0,23996,0.033621,0.0598,2.122644,32,1,optimal,DONE
prod2.mps.gz,-100.0,-86.9220177799621,121,-74.7157175308086,-62.0,123.527605,0.09303199999999999,-62.0,0.0,93753,4664,0,67499,0.067915,0.135813,15.678297,32,1,optimal,DONE
pw-myciel4.mps.gz,4.0,1.0,53,7.0,10.0,527.374803,0.7666179999999999,10.0,0.0,71256,7729,0,46551,0.555968,1.222567,103.800366,32,1,optimal,DONE
qap10.mps.gz,332.56622765365466,0,0,332.56622765365427,332.56622765365427,24.030021,2.465191,332.56622765365427,0.0,1820,0,0,1,2.307109,0,0,32,1,optimal,DONE SOLVED THROUGH LP RELAXATION
qiu.mps.gz,-9200.187427788012,-931.6388553819085,14,-832.5706069267144,-132.87313694699984,66.596565,0.025011,-132.87313694699984,0.0,23390,1353,0,10652,0.027083,0.08169499999999999,4.074827,32,1,optimal,DONE
qnet1.mps.gz,14274.102667094432,14579.932538298006,58,15834.494721660863,16029.692681,2.528593,0.07270399999999999,16029.692681,0.0,1189,47,0,3,0.065348,0.217807,2.153789,32,1,optimal,DONE
qnet1_o.mps.gz,12557.247916666667,13689.840441456901,66,16029.692680999999,16029.692680999999,2.310308,0.031542,16029.692680999999,0.0,1298,42,0,1,0.024553,0.076849,2.31029,32,1,optimal,DONE
rail507.mps.gz,16.0,172.1658716271911,4,172.22139417995828,174.0,268.747976,2.8111319999999997,174.0,0.0,785,77,0,836,2.939801,8.06913,29.313236,32,1,optimal,DONE
railway_8_1_0.mps.gz,397.0,397.0,37,397.6666666666667,400.0,183.111354,0.243977,400.0,0.0,33054,2140,0,516,0.210858,0.30053599999999997,178.553589,32,1,optimal,DONE
ran12x21.mps.gz,3157.377442025726,3207.6218160012645,94,3517.290252762992,3664.0,79.950419,0.027444999999999997,3664.0,0.0,188120,6039,0,2246,0.012653,0.029013999999999998,41.985788,32,1,optimal,DONE
ran13x13.mps.gz,2691.439468864469,2774.3460070000156,68,3086.561209553414,3252.0,44.187606,0.007777999999999999,3252.0,0.0,113060,9202,0,2468,0.008738,0.019672,3.040421,32,1,optimal,DONE
ran14x18-disj-8.mps.gz,3444.4210660029903,3445.1642321888185,47,3470.5619067443863,3711.99999996166,1802.323751,0.09018899999999999,3711.99999996166,0.0,15317320,82192,0,312024,0.075908,0.259272,120.879291,32,1,optimal,DONE
reblock115.mps.gz,-60057950.92867164,-38666905.35623102,25,-38016099.27553306,-36800603.23316174,7129.595392,1.11862,-36800603.23316174,0.0,7371320,99836,0,639825,1.03299,3.3454639999999998,110.138222,32,1,optimal,DONE
reblock166.mps.gz,-1332090746.3666513,-842931433.3668188,144,-610120719.7466074,-600052168.9065473,2299.628022,7.511346,-600052168.9065473,0.0,1633233,32648,0,194918,6.415283,9.331726,394.380225,32,1,optimal,DONE
rentacar.mps.gz,-6648340689644.703,29106642.16589593,5,29374821.69180686,30356760.98414865,1.639752,0.27709,30356760.98414865,0.0,1088,7,0,8,0.299662,0.939344,1.505371,32,1,optimal,DONE
rlp1.mps.gz,13.244444444444444,14.0,13,14.0,15.0,0.235253,0.027703,15.0,0.0,319,90,0,51,0.028947999999999998,0.047160999999999995,0.121393,32,1,optimal,DONE
rmatr100-p10.mps.gz,90.0,361.48989922293777,14,363.65155265473663,423.0,225.485036,0.231102,423.0,0.0,9937,191,0,739,0.24741,2.7701219999999998,11.459767,32,1,optimal,DONE
rmatr100-p5.mps.gz,95.0,763.0244528083632,20,768.1435381520706,976.0,586.186088,0.30700099999999997,976.0,0.0,10820,155,0,405,0.326169,5.701949,61.757066,32,1,optimal,DONE
rocI-3-11.mps.gz,-70503.0,-70503.0,24,-70403.0,-50303.0,10.871498,0.438726,-50303.0,0.0,16928,2303,0,1381,0.44937499999999997,0.554557,5.16437,32,1,optimal,DONE
rocI-4-11.mps.gz,-11070503.0,-11070503.0,26,-11070403.0,-6020203.0,147.640871,0.955062,-6020203.0,0.0,72769,12701,0,14096,0.9314009999999999,1.250705,40.75552,32,1,optimal,DONE
rocII-5-11.mps.gz,-286.88565247021575,-11.882202378931522,41,-11.862388851818372,-6.675504731538448,18000.00149,20.352076,-6.675504731538448,0.6098472841261043,157048,31603,0,1114721,20.312873,22.106366,317.857588,32,1,timelimit,DONE
rococoC10-001000.mps.gz,7515.271029411765,8788.823534577303,48,10337.197197643276,11460.0,1296.664379,0.331098,11460.0,0.0,519486,14067,0,50312,0.174665,0.538322,94.663871,32,1,optimal,DONE
roi2alpha3n4.mps.gz,-99.17999999999961,-81.38495796489138,31,-75.75937569563392,-63.2084920771,2117.212011,139.05444,-63.2084920771,0.0,64285,8824,0,14515,138.128281,146.207506,668.258792,32,1,optimal,DONE
roll3000.mps.gz,11098.049689914931,11099.66947400507,43,12557.493607682514,12890.000000000013,65.848185,0.27080499999999996,12890.000000000013,0.0,35036,3166,0,2830,0.279012,0.6299779999999999,6.669391,32,1,optimal,DONE
rout.mps.gz,-18169.42999999999,981.8642857142859,34,1005.7684429403118,1077.56,19.001015,0.067622,1077.56,0.0,18164,2413,0,1366,0.06916599999999999,0.096604,1.143545,32,1,optimal,DONE
rpp22falsei.mps.gz,0,0.0,11,0,0.0,79.230819,8.61215,0.0,0.0,61003,6572,0,1111,8.675987,13.949511,20.933201,32,1,optimal,DONE
s250r10.mps.gz,-472.51244477206257,-0.17267704190548067,145,-0.17258760149858018,-0.17178048342316432,4480.539363,195.425718,-0.17178048342316446,0.0,47364,1190,0,8846,173.474126,933.851216,2965.637106,32,1,optimal,DONE
s55.mps.gz,-189.80377549795134,0,0,-22.151773159006815,-22.151773159006815,31.021834,11.961337,-22.151773159006815,0.0,8942,0,0,1,12.150799,0,0,32,1,optimal,DONE
seymour.mps.gz,177.0,405.79642344672925,42,412.29059805584563,423.0,18000.000191,0.397802,423.0,0.005246576967561122,4666543,58120,0,452191,0.303226,1.2848709999999999,328.072467,32,1,timelimit,DONE
seymour1.mps.gz,175.0,404.35158316087313,20,406.2815469362062,410.7637013945247,57.364725,0.177091,410.7637013945247,0.0,6645,359,0,972,0.184584,1.423014,5.222847,32,1,optimal,DONE
shipschedule3shipsi.mps.gz,-265650.0,-265650.0,30,-265650.0,-265650.0,18.066908,15.111893,-265650.0,0.0,20855,284,0,1,15.078581,15.737362,18.066694,32,1,optimal,DONE
shipschedule6shipsmixi.mps.gz,-301650.0,-301650.0,14,-301650.0,-301650.0,23.57965,19.964288,-301650.0,0.0,46686,814,0,10,20.022117,21.62911,23.303546,32,1,optimal,DONE
shipschedule8shipsmixuci.mps.gz,-401100.0,-401100.0,14,-401100.0,-389100.0,120.375295,37.731892,-389100.0,0.0,111447,10976,0,1822,37.822851,42.952031,48.323194,32,1,optimal,DONE
sorrell3.mps.gz,-1024.0,-412.5,403,-19.675239504229577,-16.0,16286.313975,7.014965,-16.0,0.0,376362,2663,0,35039,6.591633,15.885741,5339.441051,32,1,optimal,DONE
sp98ar.mps.gz,524404421.762189,524493994.5391781,46,526363409.4117338,529740623.2,15734.476018,2.529614,529740623.2,0.0,2249073,9028,0,192153,1.858378,10.494869,433.164889,32,1,optimal,DONE
sp98ic.mps.gz,444277568.93415165,444420757.9334213,27,444906724.0174926,449144758.40000004,10546.034369,2.5370429999999997,449144758.40000004,0.0,2031626,8441,0,141964,1.881208,12.725014,467.386471,32,1,optimal,DONE
sp98ir.mps.gz,9101966.4,216717059.75989652,12,217100235.6110509,219676790.4,69.983025,0.610509,219676790.4,0.0,7655,566,0,2280,0.622161,1.145298,6.234934,32,1,optimal,DONE
splice1k1.mps.gz,-1654.0,-1645.7647279614914,11,-1645.5628137424992,-394.0,9016.428879,1716.687565,-394.0,0.0,12919348,56988,0,592,1716.984823,1800.31255,2735.645796,32,1,optimal,DONE
square23.mps.gz,4.0,0,0,8.333333333333329,13.0,196.410624,5.653073,13.0,0.0,559,0,0,178,5.840121,0,0,32,1,optimal,DONE
square31.mps.gz,4.0,0,0,8.499999999999984,15.000000000000004,13079.335005,23.014259,15.000000000000004,0.0,1001,0,0,1367,24.108435,0,0,32,1,optimal,DONE
supportcase14.mps.gz,192.0,276.0,19,287.55388471177946,288.0,0.137227,0.040049999999999995,288.0,0.0,333,38,0,1,0.041359,0.052523,0.13594399999999998,32,1,optimal,DONE
supportcase16.mps.gz,192.0,272.8333333333333,13,287.1428571428571,288.0,0.130594,0.055228,288.0,0.0,260,33,0,1,0.056685,0.06896,0.130537,32,1,optimal,DONE
supportcase17.mps.gz,0.9085826599770149,0.0,191,1.8863099931443263,1330.0,46.88883,1.999527,1330.0,0.0,90143,1811,0,264,1.9181439999999998,2.205157,40.624196,32,1,optimal,DONE
supportcase21i.mps.gz,1.0,1.0,26,1.0,20.0,91.189106,1.210002,20.0,0.0,12211,892,0,2539,0.84631,1.152676,4.354018,32,1,optimal,DONE
supportcase27i.mps.gz,0,0.0,37,0,1330.0,42.921257,3.72941,1330.0,0.0,46473,5063,0,3221,3.742397,4.129366,5.532818,32,1,optimal,DONE
supportcase33.mps.gz,-1075.0,-543.5,102,-426.16384099502005,-345.0,770.075662,20.790057,-345.0,0.0,32703,2159,0,4878,19.884807,23.976816,500.820016,32,1,optimal,DONE
supportcase34.mps.gz,-492.0,75.17234457534482,23,78.50725087332228,84.0,1278.832291,20.70461,84.0,0.0,88730,10275,0,5869,20.800485,24.467524,46.453826,32,1,optimal,DONE
supportcase37.mps.gz,-11037.850000000555,-3004.2896151225095,64,-1435.5642029304536,-1048.96,112.014896,39.509323,-1048.96,0.0,41126,1571,0,23,39.593767,41.210487,80.668321,32,1,optimal,DONE
supportcase4.mps.gz,0,0,0,0,0.0,2.642312,0.190681,0.0,0.0,4570,0,0,1,0.202062,0,0,32,1,optimal,DONE
supportcase40.mps.gz,-287.2339175939542,22587.960558891296,26,23079.017483200136,24256.312289834023,1524.217773,0.38471299999999997,24256.312289834023,0.0,53270,2851,0,8835,0.341277,1.655522,607.653692,32,1,optimal,DONE
supportcase43.mps.gz,0,0,0,0,0.0,23.783613,20.224498,0.0,0.0,215031,0,0,1,20.859187,0,0,32,1,optimal,DONE
supportcase7.mps.gz,-16225.595484254633,-1671.1125093587307,77,-1169.241411180043,-1132.2231708309332,199.454534,21.123849,-1132.2231708309332,0.0,40664,3802,0,24,21.629397,24.288569,150.028543,32,1,optimal,DONE
swath1.mps.gz,334.4968581,334.4968581,24,340.8602572,379.0712957499999,16.538551,1.141616,379.0712957499999,0.0,2271,161,0,370,1.107432,1.7737319999999999,4.2643699999999995,32,1,optimal,DONE
swath2.mps.gz,334.4968581,334.4968581,18,344.9771225,385.19969295,46.706179,1.126544,385.19969295,0.0,3769,606,0,1926,1.117185,1.9915829999999999,5.150645,32,1,optimal,DONE
swath3.mps.gz,334.4968581,334.4968581,22,344.97755025,397.7613436499999,218.900788,1.320714,397.7613436499999,0.0,42976,6135,0,26005,1.151112,2.09576,68.01816,32,1,optimal,DONE
ta2-UUE.mps.gz,35572004.97,36964441.005313456,25,37293570.242204696,37871728.59,1431.750441,0.408499,37871728.59,0.0,14964,763,0,20746,0.257277,4.506098,329.248799,32,1,optimal,DONE
tanglegram4.mps.gz,1.0,5.833333333333333,20,38.25,10696.0,3376.097834,5.312548,10696.0,0.0,109509,171,0,67,5.512683,8.562633,48.336043,32,1,optimal,DONE
tanglegram6.mps.gz,0,3.0,21,20.083333333333332,1224.0,22.716878,1.960246,1224.0,0.0,17512,96,0,7,1.9884469999999999,2.254193,8.40006,32,1,optimal,DONE
tbfp-network.mps.gz,0.1666666667,23.33401124345091,2,23.447494121110573,24.1631944445,1124.206135,95.431023,24.1631944445,0.0,2434,2,0,34,95.665072,140.726235,367.10315,32,1,optimal,DONE
timtab1.mps.gz,-3623800.0000004796,168648.60883632023,84,550501.5735478327,764771.9999997793,72.011369,0.020073999999999998,764771.9999997793,0.0,453958,38176,0,32472,0.015378999999999999,0.034182,13.57461,32,1,optimal,DONE
timtab1CUTS.mps.gz,-16505.0,617061.4239730882,71,654885.4642200677,764771.99999988,163.968128,0.027281,764771.99999988,0.0,556782,54471,0,45864,0.024017,0.080901,15.168259,32,1,optimal,DONE
toll-like.mps.gz,346.2918650793651,58.0,57,385.69490152485207,610.0,18000.000507,0.337443,610.0,0.027513659010331974,12648347,188859,0,327908,0.26084799999999997,0.40812699999999996,370.139225,32,1,timelimit,DONE
traininstance6.mps.gz,0,0.0,30,0,28290.0,18000.011685,5.616066,28290.0,6.750684931506849,985246,211198,0,3742515,5.581911,5.829824,76.473495,32,1,timelimit,DONE
transportmoment.mps.gz,-107112902211.53033,-53220108528.708664,64,-98785527595.61282,-3063103549.517127,2995.683676,0.44778599999999996,-3063103549.517127,0.0,218850,9019,0,10643,0.432727,1.6371959999999999,19.222213,32,1,optimal,DONE
triptim1.mps.gz,-2.0339999999998892,22.8680875,20,22.8680875,22.868099999999988,3262.055215,5.955927,22.868099999999988,0.0,14604,43,0,78,6.067791,237.169188,584.472651,32,1,optimal,DONE
uct-subprob.mps.gz,-2.0,244.0,52,275.7332663725353,314.0,3276.896524,0.1371,314.0,0.0,1089107,47757,0,75300,0.086486,0.40163099999999996,133.224858,32,1,optimal,DONE
umts.mps.gz,1460426.0,29129565.337306008,30,29142168.760644052,30090328.0,1179.819238,0.22236,30090328.0,0.0,382309,24584,0,144227,0.16692099999999999,1.128477,45.647275,32,1,optimal,DONE
unitcal_7.mps.gz,1028414.7956339997,19469339.510971174,86,19609084.005866155,19635558.24401936,1043.298691,7.306504,19635558.24401936,0.0,105258,2167,0,705,7.052634,81.633978,405.14081,32,1,optimal,DONE
var-smallemery-m6j6.mps.gz,-1697.21875,-154.92495634224915,1,-154.92495634224915,-149.375,7882.825324,9.193444,-149.375,0.0,1117430,17334,0,685889,7.480772,81.798591,84.281328,32,1,optimal,DONE
wachplan.mps.gz,-24.0,-9.0,12,-9.0,-8.000000000000002,1647.834859,1.317234,-8.000000000000002,0.0,18669,7487,0,67520,1.041978,3.336098,130.894131,32,1,optimal,DONE
2club200v15p5scn.mps.gz,-200.0,-119.3125,26,-116.74801103187312,-62.0,18000.000663,0.862651,-62.0,0.6303225806451612,139605,28415,0,245518,0.50955,2.162182,363.050362,32,1,timelimit,DONE
academictimetablebig.mps.gz,404.0,425.44444444444446,11,405.0,405.0,18000.197323,21.762758,1e+20,1e+20,151899,1663,0,1,22.353858,1235.096865,18000.159959,32,1,timelimit,DONE
academictimetablesmall.mps.gz,0,0.0,34,-1.0658141036401503e-14,0.0,18000.006311,43.863269,1e+20,1e+20,49018,1636,0,74,43.29437,51.983247,17113.170063,32,1,timelimit,DONE
adult-max5features.mps.gz,0.08131607920112076,3.2833362653952505,1,3.2833362653952496,15893.121886018687,18003.407199,6.330019,15893.121886018687,1150.0553211236227,33369,536,0,118,6.433902,155.70124,433.53519,32,1,timelimit,DONE
allcolor10.mps.gz,-54660.0,6.0,12,6.0,250.5300000000002,18000.001143,2.87549,250.5300000000002,40.754999999998454,141966,34360,0,70908,2.926511,14.512776,131.795916,32,1,timelimit,DONE
assign1-5-8.mps.gz,48.0,184.80804352987334,37,191.99227731952357,211.99999999999997,18000.683618,0.045388,212.0,0.047401277074811565,13694853,1416404,0,5421087,0.028922999999999997,0.101586,26.647584,32,1,timelimit,DONE
atm20-100.mps.gz,361505.411351549,2142144.4497992825,106,2209589.679564097,1154755.6859862488,18000.005051,4.778086,1e+20,1e+20,2917604,556734,0,458964,4.461989,6.195204,1725.487262,32,1,timelimit,DONE
b2c1s1.mps.gz,-8635.4,8514.869573399843,206,21156.255673271215,25740.69,18000.0008,0.407159,25740.69,0.14483649017566808,889956,82344,0,90169,0.331804,0.828747,1533.383082,32,1,timelimit,DONE
bab2.mps.gz,-5987719.157600005,-367655.66229999997,26,-363949.87072500004,-355104.3610000017,18000.060241,56.181124,-355104.3610000017,0.023774903292908083,27764,5768,0,1904,56.867617,457.853583,1686.841198,32,1,timelimit,DONE
bab6.mps.gz,-4501348.021499986,-292916.652975,49,-4500848.521499984,-282606.96530000115,18000.083326,56.344823,-282606.96530000115,0.012754925801668726,55951,969,0,1,54.889893,249.828077,18000.067604,32,1,timelimit,DONE
berlin_5_8_0.mps.gz,52.0,52.0,43,54.0,62.0,18000.014307,0.102541,62.0,0.08771929824561403,12951872,5369178,0,3071600,0.077137,0.141283,22.166084,32,1,timelimit,DONE
bg512142.mps.gz,-7333.0,144422.75187020452,40,148084.10631400865,187899.0,18000.060482,0.045989999999999996,187899.0,0.14382684071285712,7976082,864498,0,3923114,0.037906999999999996,0.228431,58.871941,32,1,timelimit,DONE
bmoipr2.mps.gz,-490724012666.7563,-46451027.17565918,28,-46418078.328186035,-46415925.26144409,18000.004599,0.952788,-46415925.26144409,2.6424731251644523e-05,306697,38263,0,426979,0.576009,4.542772,404.029334,32,1,timelimit,DONE
bppc8-09.mps.gz,444.4360465116279,445.0,13,445.0,472.0,18000.023512,0.11934399999999999,472.0,0.04424778761061947,5889791,523752,0,6384203,0.049776999999999995,0.11856499999999999,0.454812,32,1,timelimit,DONE
buildingenergy.mps.gz,33246.215058900154,33246.215058900154,15,33246.22608182334,33324.73315040069,18011.47541,8.068197,33324.73315040069,0.0012294186515590879,264231,299,0,196,8.802465,638.262625,4790.65192,32,1,timelimit,DONE
chromaticindex1024-7.mps.gz,3.0,3.0,11,2.9999999999999996,4.0,18000.008201,4.536609,4.0,0.3333333333333329,136594,7008,0,10206,4.763632,741.007495,1696.875272,32,1,timelimit,DONE
cmflsp40-24-10-7.mps.gz,3568540.25,0,0,50407308.64302211,17053508.28000004,18000.004063,1.06663,1e+20,1e+20,22920,6269,0,118122,1.091939,0,0,32,1,timelimit,DONE
cmflsp50-24-10-4.mps.gz,2280615.4299999997,58191948.65194858,1,58196146.42008692,59068120.0764,18000.001482,1.570631,59068120.0764,0.007019995211071373,46680,2613,0,95255,1.5027949999999999,8.020682,80.214593,32,1,timelimit,DONE
comp07-2idx.mps.gz,5.999999999999999,0.0,29,5.999999999999999,85.0,18000.001933,6.600303,85.0,13.166666666666552,57254,2157,0,729,6.367981,19.150138,10693.699643,32,1,timelimit,DONE
comp21-2idx.mps.gz,0,0.0,37,35.63333333333333,125.0,18000.001522,4.488958,125.0,1.5364561294926775,191932,41599,0,15846,4.524161,8.701939,196.500058,32,1,timelimit,DONE
cryptanalysiskb128n5obj16.mps.gz,0,0.0,11,0,0.0,18000.005389,158.132056,1e+20,1e+20,186829,15300,0,82,158.337291,658.1547,1785.546531,32,1,timelimit,DONE
cvs08r139-94.mps.gz,-1112.0,-139.0,20,-137.5463371753748,-116.0,18000.000209,0.294521,-116.0,0.07968770423178004,84982,9384,0,191181,0.216782,2.418292,195.467305,32,1,timelimit,DONE
cvs16r106-72.mps.gz,-1696.0,-105.93399339933994,3,-105.4546561226935,-80.0,18000.000255,0.6473289999999999,-80.0,0.15942962707255148,57011,5514,0,70525,0.5704199999999999,4.624496,12.862846,32,1,timelimit,DONE
cvs16r128-89.mps.gz,-2048.0,-128.00000000000003,15,-125.80254830225375,-97.0,18000.000807,0.651748,-97.0,0.11041943972989851,54457,6709,0,30955,0.48113,4.538739,732.210406,32,1,timelimit,DONE
cvs16r89-60.mps.gz,-1424.0,-89.00000000000001,48,-81.7242833878699,-65.0,18000.000467,0.554366,-65.0,0.07234471840049231,145515,11441,0,72085,0.46236499999999997,4.174495,212.293682,32,1,timelimit,DONE
dale-cta.mps.gz,0.03684069210445033,0.0,25,0.03684069210445033,0.496379851512593,18000.015419,1.602711,0.496379851512593,0.20187793427229828,56660,6043,0,299742,1.370704,4.391153,1035.795588,32,1,timelimit,DONE
dc1c.mps.gz,20049.760000000002,1756839.7229804578,18,1759546.8764790585,1780256.700219999,18000.001555,5.141421,1780256.700219999,0.010585977390215613,7078,658,0,54844,4.901587,15.315543,93.832533,32,1,timelimit,DONE
